{"type":"FeatureCollection","name":"historico_pop_apg_oficial_campinas","metadata":{"source":"https://zoneamento.campinas.sp.gov.br/novo_zoneamento/exporta_shp.php?id=171","source_name":"Historico de Populacao por APG","source_owner":"Prefeitura Municipal de Campinas - CDDSE / DEPLAN / SMPDU","source_crs":"EPSG:31983 - SIRGAS 2000 / UTM zone 23S","target_crs":"EPSG:4326-compatible lon/lat for Leaflet"},"features":[{"type":"Feature","properties":{"id":"ouro-verde","nome":"Ouro Verde","apg":8,"fonte_limite":"Prefeitura Municipal de Campinas - Portal de Metadados Geoespaciais, camada Historico de Populacao por APG","precisao":"Geometria oficial baixada em SHP e convertida para GeoJSON para uso no prototipo web","ID":8,"APG":"Ouro Verde","NOME_COMPL":"APG OURO VERDE","POP_2010":128715.0,"POP_2000":117537,"POP_1996":105728,"POP_1991":89211,"POP_1980":31826,"POP_1970":13059,"VAR_POPULA":115656,"VAR_PERC_P":363.18,"POP_2022":125813.0},"geometry":{"type":"Polygon","coordinates":[[[-47.1175364,-23.014089],[-47.1224538,-23.0206128],[-47.1259156,-23.0247192],[-47.1329103,-23.0330151],[-47.1329401,-23.0330269],[-47.13308,-23.0331528],[-47.1331959,-23.0333099],[-47.1336005,-23.0337677],[-47.1338244,-23.0341409],[-47.1343026,-23.0350983],[-47.1347068,-23.0364419],[-47.1349949,-23.0376852],[-47.1350566,-23.0382215],[-47.1352221,-23.0391904],[-47.1355284,-23.040789],[-47.1360081,-23.042409],[-47.1364385,-23.0433969],[-47.1368125,-23.0453796],[-47.1377267,-23.0470292],[-47.1378222,-23.0471907],[-47.1378981,-23.047304],[-47.1380508,-23.0475043],[-47.1380999,-23.0475609],[-47.1392858,-23.0483168],[-47.1465204,-23.0551469],[-47.1465636,-23.0551068],[-47.1468147,-23.0548737],[-47.1468563,-23.054835],[-47.1469117,-23.0547702],[-47.1469457,-23.054738],[-47.1469686,-23.0547027],[-47.1469984,-23.054623],[-47.1469998,-23.0545852],[-47.1469624,-23.0545111],[-47.1469211,-23.0544485],[-47.1469194,-23.0544363],[-47.1469512,-23.0543464],[-47.14691,-23.0542313],[-47.1468691,-23.05413],[-47.1468662,-23.0541031],[-47.1469148,-23.0540302],[-47.1469308,-23.053993],[-47.1469688,-23.0539049],[-47.1469808,-23.0537954],[-47.1470217,-23.0536657],[-47.1470386,-23.0536316],[-47.1471107,-23.0535733],[-47.1472392,-23.0534452],[-47.1473696,-23.0533033],[-47.1474532,-23.0532593],[-47.1475497,-23.0531797],[-47.1476478,-23.0531151],[-47.1477645,-23.053072],[-47.1478242,-23.053004],[-47.1479248,-23.0529197],[-47.148,-23.0529072],[-47.1481032,-23.0529294],[-47.1482299,-23.0529037],[-47.148249,-23.0528949],[-47.1482673,-23.0528766],[-47.1484471,-23.0526958],[-47.1485225,-23.0525969],[-47.1485673,-23.0525016],[-47.1486288,-23.0524074],[-47.1486652,-23.0523849],[-47.148697,-23.0523764],[-47.1487651,-23.05234],[-47.1487895,-23.0522441],[-47.1488406,-23.0521749],[-47.1488257,-23.0520402],[-47.1488143,-23.0520259],[-47.1487253,-23.0520139],[-47.1486121,-23.0520201],[-47.1485707,-23.0520125],[-47.148483,-23.051921],[-47.1484337,-23.0518955],[-47.1482585,-23.0517602],[-47.1481907,-23.051698],[-47.1481313,-23.0515609],[-47.1480681,-23.0514791],[-47.1480749,-23.051386],[-47.14807,-23.051325],[-47.1480885,-23.051284],[-47.1481465,-23.0512481],[-47.148229,-23.051164],[-47.1483665,-23.050997],[-47.148401,-23.0509722],[-47.1484131,-23.0509634],[-47.1484502,-23.0509644],[-47.1485945,-23.0509991],[-47.148626,-23.050991],[-47.1486482,-23.0509802],[-47.1488544,-23.0508792],[-47.1490589,-23.0508722],[-47.1491075,-23.0508646],[-47.1491992,-23.0508815],[-47.1492803,-23.0508894],[-47.1493973,-23.0508736],[-47.1495904,-23.0508192],[-47.1497098,-23.0508094],[-47.1498906,-23.0508091],[-47.1501308,-23.0507404],[-47.1502311,-23.0506672],[-47.1502386,-23.0506395],[-47.1502298,-23.0505907],[-47.1502349,-23.0505797],[-47.1503054,-23.0505289],[-47.1503306,-23.0505016],[-47.1503211,-23.0504446],[-47.1503145,-23.0504048],[-47.1503266,-23.0503171],[-47.1503269,-23.0502354],[-47.1502821,-23.0500846],[-47.1503237,-23.0500067],[-47.1503552,-23.0499286],[-47.1503542,-23.0498975],[-47.1503147,-23.049808],[-47.1503013,-23.0497468],[-47.1502883,-23.0497283],[-47.1502095,-23.049678],[-47.1501148,-23.0496584],[-47.1500098,-23.0496113],[-47.1499512,-23.0495397],[-47.1499355,-23.049508],[-47.149875,-23.0492645],[-47.1498366,-23.0490773],[-47.1497877,-23.0489904],[-47.1497527,-23.0488801],[-47.1497301,-23.0487405],[-47.1496868,-23.0486219],[-47.1496122,-23.0484731],[-47.1495101,-23.0483074],[-47.1494416,-23.048153],[-47.1494206,-23.04806],[-47.1494137,-23.0480297],[-47.1493605,-23.0478952],[-47.1493552,-23.0478225],[-47.1493821,-23.0475756],[-47.1494031,-23.0474754],[-47.1494133,-23.0473699],[-47.1494126,-23.0472323],[-47.1494123,-23.0471697],[-47.1494226,-23.0470734],[-47.149406,-23.0468819],[-47.1493993,-23.0466872],[-47.1493978,-23.0465773],[-47.1494047,-23.046481],[-47.1494192,-23.0463884],[-47.1494427,-23.0462949],[-47.1494844,-23.0461997],[-47.1495801,-23.0458909],[-47.1496012,-23.0457997],[-47.1496041,-23.0457042],[-47.1496159,-23.0456033],[-47.1497793,-23.0451698],[-47.1497781,-23.0450705],[-47.1497677,-23.0449737],[-47.1497747,-23.0448804],[-47.149831,-23.0445269],[-47.1498332,-23.0444352],[-47.1498248,-23.0442467],[-47.149836,-23.0441512],[-47.1498618,-23.0440477],[-47.1499205,-23.0439347],[-47.149961,-23.043874],[-47.1499796,-23.0438463],[-47.1500255,-23.0437594],[-47.1500573,-23.0436704],[-47.1501263,-23.0435864],[-47.150292,-23.0434478],[-47.1503828,-23.0433834],[-47.1504225,-23.0433271],[-47.1504746,-23.0432128],[-47.150503,-23.0431177],[-47.1505183,-23.0430167],[-47.1505506,-23.0429133],[-47.1505724,-23.0428092],[-47.1505597,-23.0427177],[-47.1506023,-23.0425117],[-47.1506481,-23.0424203],[-47.1506665,-23.0423102],[-47.1506108,-23.0422206],[-47.1505831,-23.0421553],[-47.1505716,-23.0421278],[-47.1506025,-23.0420351],[-47.150655,-23.0419498],[-47.1506982,-23.0418469],[-47.1507217,-23.0417458],[-47.1507575,-23.0416515],[-47.1508139,-23.041553],[-47.1508467,-23.0414648],[-47.1509054,-23.041355],[-47.1509469,-23.0412536],[-47.1509737,-23.0411525],[-47.1510403,-23.0410663],[-47.1511261,-23.0410095],[-47.1511834,-23.0407217],[-47.1512009,-23.0406138],[-47.151231,-23.0405264],[-47.1513019,-23.0404546],[-47.1513919,-23.0403939],[-47.1514314,-23.0403751],[-47.1514838,-23.0403501],[-47.1515039,-23.0403049],[-47.1515222,-23.0402641],[-47.1515853,-23.0401733],[-47.1516029,-23.0400654],[-47.151655,-23.0398288],[-47.1517189,-23.0397294],[-47.1517855,-23.0396477],[-47.1518319,-23.0395357],[-47.1518599,-23.0393437],[-47.1519246,-23.0392467],[-47.1520879,-23.0391181],[-47.152148,-23.0390456],[-47.1521523,-23.0389393],[-47.1521644,-23.038846],[-47.1522002,-23.0387486],[-47.1522395,-23.0386634],[-47.1523178,-23.0385953],[-47.1524154,-23.038543],[-47.1524904,-23.0384826],[-47.1525825,-23.0384524],[-47.152919,-23.0383837],[-47.1530619,-23.0384033],[-47.1533597,-23.0384181],[-47.1537375,-23.0385064],[-47.1539662,-23.0386586],[-47.1540604,-23.0388309],[-47.1542727,-23.0396163],[-47.154358,-23.0397375],[-47.1543648,-23.03982],[-47.1543692,-23.0398742],[-47.1543895,-23.0399696],[-47.1543907,-23.0400673],[-47.1543503,-23.0402572],[-47.1543394,-23.0403572],[-47.1543722,-23.0404715],[-47.1544213,-23.0405581],[-47.1544956,-23.0406282],[-47.1545595,-23.0407084],[-47.1546381,-23.0407869],[-47.1548202,-23.0408881],[-47.1550247,-23.0409414],[-47.1551409,-23.0409271],[-47.1552336,-23.0408947],[-47.1553364,-23.0409256],[-47.1554245,-23.040972],[-47.1555105,-23.0410466],[-47.155571,-23.0410601],[-47.1555899,-23.0410643],[-47.1557048,-23.0410772],[-47.1558347,-23.0410928],[-47.1558885,-23.0410993],[-47.1559505,-23.0411067],[-47.1562923,-23.0411477],[-47.1563223,-23.0411488],[-47.1563643,-23.0411673],[-47.1564136,-23.041189],[-47.1564594,-23.0412786],[-47.1564764,-23.0413816],[-47.1565083,-23.0414812],[-47.1566172,-23.0415342],[-47.1569313,-23.0415749],[-47.1570558,-23.0415696],[-47.157268,-23.0415787],[-47.1573771,-23.0415927],[-47.1574271,-23.0416242],[-47.1574642,-23.0416773],[-47.1575185,-23.041686],[-47.1575682,-23.0416823],[-47.1576871,-23.0416398],[-47.1577529,-23.0416678],[-47.1577973,-23.0417606],[-47.1578065,-23.0417682],[-47.1578362,-23.041793],[-47.1578856,-23.041775],[-47.1579289,-23.0417306],[-47.1579551,-23.0416632],[-47.1580209,-23.0415929],[-47.1581068,-23.0415393],[-47.1581559,-23.0414448],[-47.1581503,-23.0413326],[-47.1581612,-23.0412248],[-47.1581953,-23.0411197],[-47.1581939,-23.041019],[-47.1581269,-23.040948],[-47.158098,-23.0408605],[-47.1580961,-23.0407405],[-47.1581287,-23.0406401],[-47.1581768,-23.0405418],[-47.1581963,-23.0404426],[-47.1581897,-23.0403316],[-47.1582134,-23.0402293],[-47.1583055,-23.040062],[-47.1583096,-23.0399766],[-47.1583022,-23.0398553],[-47.1583306,-23.039754],[-47.1583667,-23.039654],[-47.1583646,-23.0395225],[-47.1583393,-23.0394241],[-47.1582966,-23.039316],[-47.158272,-23.0392032],[-47.1582717,-23.0389904],[-47.1583194,-23.0389096],[-47.1584021,-23.0388033],[-47.1584215,-23.0387392],[-47.1584152,-23.038712],[-47.1584004,-23.0386902],[-47.158248,-23.0386309],[-47.1581687,-23.0385654],[-47.1581374,-23.0385069],[-47.1580437,-23.0384782],[-47.1579532,-23.0383769],[-47.1579255,-23.0382764],[-47.1579316,-23.0382397],[-47.1580763,-23.0382029],[-47.1581472,-23.0381387],[-47.1581718,-23.0381232],[-47.1582696,-23.0380892],[-47.1583359,-23.0380525],[-47.1583455,-23.03796],[-47.1583216,-23.0379068],[-47.1583492,-23.037808],[-47.1584034,-23.0377906],[-47.1584419,-23.0377656],[-47.1584864,-23.0377337],[-47.1584993,-23.0376895],[-47.1585352,-23.0375263],[-47.1585723,-23.0374367],[-47.158632,-23.0373633],[-47.1586698,-23.0373596],[-47.158711,-23.0373806],[-47.1587502,-23.0374664],[-47.1587604,-23.0375445],[-47.158793,-23.0375764],[-47.1588496,-23.0375853],[-47.1589633,-23.0375702],[-47.159069,-23.0375721],[-47.1591673,-23.0375824],[-47.1592784,-23.0375559],[-47.1593791,-23.0375625],[-47.1593916,-23.0375223],[-47.1595056,-23.0375158],[-47.1596585,-23.0375249],[-47.1598801,-23.0375516],[-47.1600412,-23.0375355],[-47.1601484,-23.0374673],[-47.1601997,-23.0374423],[-47.1602214,-23.0374344],[-47.1602528,-23.037423],[-47.1602957,-23.037417],[-47.1603445,-23.0374047],[-47.1604058,-23.0373855],[-47.1604498,-23.0373624],[-47.1604782,-23.0373391],[-47.1604615,-23.0372467],[-47.160463,-23.0372136],[-47.1604703,-23.0371605],[-47.1605055,-23.037046],[-47.1604986,-23.0370273],[-47.1603725,-23.0368809],[-47.1603385,-23.0368296],[-47.1603187,-23.0367872],[-47.1603088,-23.0367413],[-47.1602952,-23.036662],[-47.1602854,-23.0365756],[-47.1602855,-23.0365221],[-47.1602968,-23.0365062],[-47.1603159,-23.0364998],[-47.1604156,-23.0365155],[-47.1604444,-23.036513],[-47.1604704,-23.0365019],[-47.1604903,-23.0364827],[-47.1604981,-23.0364573],[-47.1604903,-23.0364317],[-47.1604744,-23.0364094],[-47.1603913,-23.0363257],[-47.1603682,-23.0362919],[-47.160352,-23.0362546],[-47.1603287,-23.0361912],[-47.1603245,-23.0361515],[-47.1603308,-23.0361117],[-47.1603443,-23.0360461],[-47.1603426,-23.0360061],[-47.1603119,-23.0358823],[-47.1603018,-23.0358227],[-47.160305,-23.0357965],[-47.1603242,-23.0357905],[-47.1603598,-23.0357958],[-47.1604081,-23.0358096],[-47.160487,-23.0358346],[-47.1606989,-23.0358902],[-47.1607733,-23.0359155],[-47.1608634,-23.0359825],[-47.160956,-23.0360573],[-47.1609932,-23.0360778],[-47.1610347,-23.036089],[-47.161078,-23.03609],[-47.1612291,-23.0360772],[-47.1612852,-23.0360649],[-47.1614003,-23.036009],[-47.161435,-23.0359998],[-47.1614636,-23.0360009],[-47.1614895,-23.0360123],[-47.1615069,-23.0360335],[-47.1615412,-23.0361212],[-47.1616133,-23.0362133],[-47.1616818,-23.036291],[-47.1617652,-23.0364162],[-47.1617997,-23.0364503],[-47.1618309,-23.0364661],[-47.1618597,-23.0364657],[-47.1619875,-23.0364433],[-47.1620344,-23.036426],[-47.1620705,-23.0364038],[-47.1621008,-23.0363752],[-47.1621202,-23.036347],[-47.1621394,-23.0363038],[-47.162153,-23.0362588],[-47.1621458,-23.0362262],[-47.1621277,-23.0361824],[-47.1621247,-23.036156],[-47.1621383,-23.0361329],[-47.162169,-23.0361158],[-47.1622032,-23.0361048],[-47.1622405,-23.036085],[-47.162263,-23.036059],[-47.1622963,-23.0360152],[-47.1623235,-23.0359935],[-47.1623495,-23.0359817],[-47.1624026,-23.0359605],[-47.1624706,-23.0359379],[-47.1625606,-23.0359125],[-47.1626928,-23.0358781],[-47.1627569,-23.0358675],[-47.1628001,-23.0358687],[-47.1628415,-23.0358804],[-47.1628875,-23.0358999],[-47.1629503,-23.0359324],[-47.16305,-23.0360198],[-47.1630807,-23.0360373],[-47.1631091,-23.0360405],[-47.1631357,-23.0360307],[-47.1631651,-23.0360112],[-47.163201,-23.0359783],[-47.1632435,-23.0359326],[-47.1632964,-23.0358694],[-47.1633387,-23.0358072],[-47.1633664,-23.0357859],[-47.1634004,-23.0357753],[-47.1634365,-23.0357735],[-47.163487,-23.0357745],[-47.1635294,-23.0357826],[-47.1635682,-23.0358003],[-47.1635964,-23.0358212],[-47.1636233,-23.0358525],[-47.1636425,-23.0358885],[-47.1636617,-23.0359389],[-47.1636925,-23.0360282],[-47.163728,-23.036144],[-47.1637357,-23.0361904],[-47.1637482,-23.0362287],[-47.1637678,-23.0362568],[-47.1638004,-23.036283],[-47.1638388,-23.0363016],[-47.163975,-23.0363463],[-47.1640187,-23.0363699],[-47.1640787,-23.0364068],[-47.1641373,-23.036433],[-47.1642236,-23.0364674],[-47.1642854,-23.0364864],[-47.1643203,-23.0364853],[-47.1643867,-23.0364346],[-47.1644224,-23.0364301],[-47.1644584,-23.0364312],[-47.1645373,-23.036464],[-47.1645586,-23.0364623],[-47.1645834,-23.0364486],[-47.1646169,-23.0364232],[-47.1646563,-23.0363842],[-47.1647019,-23.0363322],[-47.1647482,-23.0362723],[-47.1647863,-23.0362322],[-47.1648286,-23.0361956],[-47.164861,-23.0361756],[-47.1648919,-23.0361634],[-47.1649142,-23.0361646],[-47.1649328,-23.0361692],[-47.1649919,-23.0361849],[-47.1650277,-23.0361878],[-47.165054,-23.0361826],[-47.1650827,-23.0361717],[-47.1651606,-23.0361417],[-47.1652496,-23.0361133],[-47.1653159,-23.0360868],[-47.1653523,-23.0360651],[-47.1653651,-23.0360522],[-47.1653766,-23.0360406],[-47.1653863,-23.0360088],[-47.165383,-23.0359756],[-47.1653704,-23.0359372],[-47.1653497,-23.0358946],[-47.1653113,-23.0358226],[-47.1652921,-23.0357721],[-47.1652752,-23.035714],[-47.1652645,-23.0356547],[-47.1652712,-23.0356219],[-47.1652878,-23.0355848],[-47.1653139,-23.0355371],[-47.1653315,-23.0354932],[-47.1653339,-23.03546],[-47.165327,-23.0354272],[-47.1653102,-23.0353774],[-47.1652838,-23.0352996],[-47.165276,-23.0352532],[-47.1652718,-23.0351999],[-47.1652738,-23.0351465],[-47.1652909,-23.0351257],[-47.1653202,-23.035106],[-47.1653315,-23.0350824],[-47.1653306,-23.0350557],[-47.1653079,-23.0349305],[-47.1653081,-23.0348903],[-47.1653109,-23.0348301],[-47.1653201,-23.0347773],[-47.1653376,-23.0347334],[-47.1653603,-23.0346993],[-47.1653974,-23.0346498],[-47.1654152,-23.0346135],[-47.1654197,-23.0345804],[-47.1654323,-23.0345567],[-47.1654588,-23.0345497],[-47.1654933,-23.0345593],[-47.165529,-23.0345563],[-47.1655772,-23.0345427],[-47.1656035,-23.0345202],[-47.1656207,-23.0344909],[-47.1656278,-23.0344582],[-47.1656247,-23.0344183],[-47.1656112,-23.0343732],[-47.1655871,-23.0343172],[-47.1654708,-23.0340649],[-47.1654636,-23.0340325],[-47.1654673,-23.0340061],[-47.165479,-23.0339538],[-47.1654735,-23.0339212],[-47.1654336,-23.0338503],[-47.1654396,-23.0338249],[-47.1654596,-23.0338056],[-47.1654931,-23.0337801],[-47.1655362,-23.0337555],[-47.165693,-23.0336869],[-47.1658138,-23.0336134],[-47.1659194,-23.0335431],[-47.1660218,-23.0334689],[-47.166104,-23.0334034],[-47.1661202,-23.0333893],[-47.1661617,-23.0333536],[-47.1661859,-23.0333326],[-47.1662333,-23.0332861],[-47.166305,-23.0332158],[-47.1663744,-23.0331387],[-47.1664402,-23.0330589],[-47.166502,-23.0329763],[-47.166524,-23.0329343],[-47.1665503,-23.032872],[-47.1665563,-23.032839],[-47.1665636,-23.0326988],[-47.1665742,-23.032667],[-47.1665965,-23.0326411],[-47.1666291,-23.0326276],[-47.166665,-23.0326299],[-47.1667001,-23.0326382],[-47.1667923,-23.0326545],[-47.1668282,-23.0326542],[-47.1668603,-23.0326392],[-47.1668953,-23.0326156],[-47.1670314,-23.0325054],[-47.1671055,-23.032452],[-47.1672466,-23.0323735],[-47.1672603,-23.0323658],[-47.1673053,-23.0323322],[-47.1673453,-23.0322935],[-47.1673805,-23.0322512],[-47.1673919,-23.0322196],[-47.1673933,-23.0321795],[-47.1673912,-23.0321194],[-47.1673967,-23.0320864],[-47.1674095,-23.0320624],[-47.1674282,-23.0320421],[-47.1674633,-23.0320187],[-47.1675028,-23.0320021],[-47.1675632,-23.0319798],[-47.1676254,-23.0319623],[-47.1676774,-23.0319542],[-47.1677329,-23.0319529],[-47.1678117,-23.0319629],[-47.1678833,-23.0319721],[-47.1680268,-23.031987],[-47.1682355,-23.0320056],[-47.1682932,-23.0320032],[-47.1683075,-23.0320006],[-47.1683357,-23.0319955],[-47.1683676,-23.03198],[-47.168394,-23.0319573],[-47.1684185,-23.0319242],[-47.1684328,-23.0318935],[-47.1684417,-23.0318543],[-47.1684589,-23.0316946],[-47.1684791,-23.0315484],[-47.1685125,-23.0313368],[-47.1685341,-23.0312521],[-47.1685754,-23.0311033],[-47.1685927,-23.0310742],[-47.1686679,-23.0310116],[-47.1687945,-23.0309356],[-47.1688101,-23.0309131],[-47.1688351,-23.0308659],[-47.1688495,-23.0307476],[-47.1688937,-23.0306707],[-47.1689462,-23.0306252],[-47.1689662,-23.0306207],[-47.1690022,-23.0306197],[-47.1690668,-23.0306218],[-47.1691016,-23.0306302],[-47.1692189,-23.0307194],[-47.1692789,-23.0307541],[-47.1693211,-23.0307588],[-47.1693476,-23.0307694],[-47.1693968,-23.0307947],[-47.1694313,-23.0308535],[-47.16946,-23.0308914],[-47.1694955,-23.0309138],[-47.169625,-23.0309729],[-47.1697134,-23.0310187],[-47.1698247,-23.0310811],[-47.1698834,-23.0311069],[-47.1698935,-23.0311596],[-47.1698987,-23.0312183],[-47.1698579,-23.0313112],[-47.1698372,-23.0313754],[-47.1698134,-23.0314307],[-47.1697467,-23.0315181],[-47.1697268,-23.0315539],[-47.169665,-23.0316518],[-47.169502,-23.0317736],[-47.1694159,-23.0318332],[-47.1694089,-23.0318591],[-47.1693591,-23.0320055],[-47.1693523,-23.032052],[-47.1693569,-23.0320841],[-47.1694,-23.0321834],[-47.1694218,-23.032218],[-47.1694574,-23.0322681],[-47.169562,-23.03237],[-47.1695959,-23.0323947],[-47.1696435,-23.0324251],[-47.1697542,-23.0324741],[-47.169782,-23.0324926],[-47.1697984,-23.0325577],[-47.1698047,-23.0326105],[-47.1698047,-23.0327711],[-47.1697988,-23.0328108],[-47.1697848,-23.032855],[-47.1697589,-23.0328951],[-47.1697451,-23.032931],[-47.1697594,-23.0329608],[-47.169809,-23.0330179],[-47.1698371,-23.0330488],[-47.1698929,-23.0331007],[-47.169924,-23.0331179],[-47.1699813,-23.0331444],[-47.1699969,-23.0331456],[-47.1700894,-23.033153],[-47.1701238,-23.0331445],[-47.1702657,-23.0330948],[-47.1703239,-23.0330677],[-47.170364,-23.0330421],[-47.1704056,-23.0329571],[-47.1704055,-23.0329237],[-47.1704113,-23.032857],[-47.1704251,-23.0327508],[-47.1704409,-23.0327229],[-47.1704729,-23.0326957],[-47.1704825,-23.0327007],[-47.1705334,-23.0327572],[-47.1705425,-23.0327813],[-47.170543,-23.0328215],[-47.1705483,-23.0329073],[-47.1705608,-23.0329314],[-47.1705885,-23.0329781],[-47.1706135,-23.0330022],[-47.1706614,-23.0330418],[-47.1707479,-23.0330758],[-47.1708253,-23.0331117],[-47.170867,-23.0331226],[-47.1709441,-23.0331393],[-47.1712187,-23.0331395],[-47.1713551,-23.0331455],[-47.1714422,-23.0331127],[-47.1714634,-23.0330975],[-47.171495,-23.0330797],[-47.1715527,-23.0330535],[-47.1715889,-23.0330525],[-47.1716461,-23.0330534],[-47.1717511,-23.033098],[-47.171793,-23.0331081],[-47.1718701,-23.0331229],[-47.1719461,-23.0331016],[-47.1719732,-23.0330824],[-47.1720169,-23.0329982],[-47.1720317,-23.0329127],[-47.1720509,-23.0328945],[-47.1720874,-23.0328726],[-47.1721438,-23.0328435],[-47.1721724,-23.0328358],[-47.1721855,-23.0328323],[-47.1722214,-23.032834],[-47.1722715,-23.0328389],[-47.1723558,-23.0328774],[-47.1723768,-23.0328733],[-47.1724177,-23.0328597],[-47.1725073,-23.0328348],[-47.1725576,-23.0328291],[-47.1726439,-23.0328231],[-47.1726783,-23.032832],[-47.172726,-23.032848],[-47.1727774,-23.0328716],[-47.1728191,-23.032898],[-47.1728194,-23.0329232],[-47.1728155,-23.0329564],[-47.1728106,-23.0330361],[-47.1728663,-23.0330465],[-47.1729221,-23.0330511],[-47.1729877,-23.0330098],[-47.1730076,-23.0330176],[-47.1730546,-23.0330287],[-47.1730688,-23.0330248],[-47.1731425,-23.0330009],[-47.1732768,-23.0328624],[-47.173373,-23.032833],[-47.1734242,-23.0328092],[-47.1734875,-23.032745],[-47.1735217,-23.0325743],[-47.1735757,-23.032503],[-47.1735951,-23.0325002],[-47.1736869,-23.0325167],[-47.1737254,-23.0325353],[-47.173797,-23.0325666],[-47.1739218,-23.0326006],[-47.1740338,-23.0326107],[-47.1740586,-23.0326129],[-47.1741042,-23.032561],[-47.1741232,-23.0325273],[-47.1741219,-23.0324939],[-47.1741233,-23.0324353],[-47.1741419,-23.032399],[-47.1741733,-23.0323467],[-47.1742639,-23.0322517],[-47.174314,-23.0322071],[-47.1743411,-23.0321746],[-47.1743765,-23.0321514],[-47.1744494,-23.0321085],[-47.1745468,-23.0320832],[-47.1745824,-23.0320803],[-47.1747011,-23.0320507],[-47.1747313,-23.0320336],[-47.1747857,-23.0319914],[-47.1748404,-23.0319464],[-47.1748497,-23.0319183],[-47.1747949,-23.0318317],[-47.174748,-23.0317631],[-47.1747273,-23.0317323],[-47.174756,-23.0317078],[-47.1747903,-23.0317041],[-47.1748887,-23.0317262],[-47.1749569,-23.0317471],[-47.1750979,-23.0318149],[-47.1751966,-23.0318567],[-47.1752371,-23.0318655],[-47.1752784,-23.0318617],[-47.1754224,-23.0318386],[-47.1755913,-23.031845],[-47.1756595,-23.0318286],[-47.175792,-23.0317749],[-47.1759654,-23.031708],[-47.1760501,-23.0316829],[-47.1761115,-23.0316521],[-47.176231,-23.0315648],[-47.1763039,-23.0315066],[-47.1763646,-23.0314434],[-47.1764678,-23.0313144],[-47.1765228,-23.0312312],[-47.1765847,-23.0311374],[-47.1766531,-23.031043],[-47.1767031,-23.0309818],[-47.1767226,-23.0309579],[-47.1767532,-23.0309401],[-47.176811,-23.0309132],[-47.1768662,-23.0309],[-47.1769096,-23.0309018],[-47.1769592,-23.0309104],[-47.1770284,-23.0309283],[-47.17715,-23.0309874],[-47.1771756,-23.0310097],[-47.1772511,-23.0311079],[-47.1772775,-23.0311303],[-47.1773187,-23.0311569],[-47.1773797,-23.0311647],[-47.1774044,-23.0311678],[-47.1774403,-23.0311644],[-47.1775197,-23.0311598],[-47.1775837,-23.0311627],[-47.1776093,-23.0311752],[-47.1776751,-23.0312015],[-47.1778168,-23.0312258],[-47.1778881,-23.0312715],[-47.177962,-23.0313127],[-47.1780909,-23.0313563],[-47.178154,-23.0313712],[-47.1782527,-23.0313907],[-47.1783104,-23.0313937],[-47.1784113,-23.0313952],[-47.1785675,-23.0313683],[-47.1787112,-23.0313641],[-47.1788604,-23.0313821],[-47.1789267,-23.0313755],[-47.1790033,-23.0313558],[-47.1791524,-23.0313774],[-47.179208,-23.0313964],[-47.1793012,-23.0314284],[-47.1794636,-23.0314493],[-47.1795979,-23.0315141],[-47.1797583,-23.0315105],[-47.1798175,-23.0314871],[-47.1798804,-23.031446],[-47.1799351,-23.0313154],[-47.1800384,-23.0312157],[-47.18012,-23.0311737],[-47.1801826,-23.0311141],[-47.1802501,-23.0310208],[-47.1802722,-23.030985],[-47.1804816,-23.030612],[-47.1805906,-23.0304941],[-47.1807206,-23.0303952],[-47.1808316,-23.0302942],[-47.180975,-23.0302225],[-47.1810219,-23.0301928],[-47.1812086,-23.0300822],[-47.1814516,-23.0299513],[-47.1815451,-23.0298743],[-47.1815977,-23.0298132],[-47.1817383,-23.0296278],[-47.1818205,-23.0295591],[-47.1818635,-23.0295042],[-47.1819071,-23.0294158],[-47.1819511,-23.0294056],[-47.1821517,-23.0293913],[-47.1823102,-23.0293919],[-47.1824243,-23.0294147],[-47.1824369,-23.0294193],[-47.182515,-23.0294482],[-47.1827509,-23.0295353],[-47.1828615,-23.0295692],[-47.1829744,-23.029578],[-47.1830889,-23.0295644],[-47.1831432,-23.0295453],[-47.1831703,-23.0295186],[-47.1831643,-23.0294928],[-47.1831089,-23.0294409],[-47.1830734,-23.0293967],[-47.1830818,-23.0293773],[-47.1831154,-23.0293591],[-47.183169,-23.0293501],[-47.1832383,-23.0293578],[-47.1834261,-23.029405],[-47.1834882,-23.029441],[-47.183593,-23.0295419],[-47.1836262,-23.029574],[-47.1838159,-23.0297405],[-47.1838927,-23.0297718],[-47.1839462,-23.0297722],[-47.1840302,-23.0297393],[-47.1840616,-23.0297372],[-47.1841315,-23.029755],[-47.1841568,-23.0297755],[-47.1842113,-23.0298603],[-47.1843307,-23.0300702],[-47.1843774,-23.0301036],[-47.1844376,-23.0301219],[-47.1845314,-23.0301226],[-47.1846062,-23.0301268],[-47.184716,-23.0301676],[-47.1847906,-23.030191],[-47.1849355,-23.0302182],[-47.1850061,-23.0302454],[-47.1850479,-23.030297],[-47.1851227,-23.0304043],[-47.1851915,-23.0304492],[-47.185323,-23.0304968],[-47.185417,-23.0305437],[-47.1854664,-23.0305691],[-47.1856725,-23.0307036],[-47.1857784,-23.0307544],[-47.1860326,-23.0308257],[-47.1860794,-23.0308427],[-47.1861037,-23.0308514],[-47.1861425,-23.0308905],[-47.1861943,-23.030961],[-47.1862402,-23.030989],[-47.1862777,-23.0310003],[-47.1865253,-23.0310393],[-47.1866453,-23.0310363],[-47.186724,-23.0310496],[-47.1868006,-23.0310821],[-47.1869261,-23.031178],[-47.1869365,-23.0311846],[-47.1869958,-23.0312221],[-47.1870246,-23.0312403],[-47.1871773,-23.0312985],[-47.1874162,-23.0313602],[-47.1874861,-23.0313936],[-47.1875426,-23.0314389],[-47.187595,-23.0315257],[-47.1876422,-23.0315736],[-47.1877086,-23.0316058],[-47.187785,-23.0316212],[-47.1879012,-23.0316159],[-47.1879562,-23.0315988],[-47.1880189,-23.0315786],[-47.1880459,-23.0315843],[-47.1880613,-23.0316054],[-47.1880841,-23.0317615],[-47.1881004,-23.0318182],[-47.188121,-23.0318229],[-47.1881793,-23.0317922],[-47.1882391,-23.0317497],[-47.1884718,-23.0315851],[-47.1885394,-23.0315561],[-47.1886362,-23.0315279],[-47.1886744,-23.0314977],[-47.1887049,-23.0314632],[-47.1888002,-23.0315407],[-47.1888504,-23.0316047],[-47.188903,-23.0317183],[-47.1889619,-23.0320046],[-47.188994,-23.03226],[-47.189005,-23.0324373],[-47.1889795,-23.0324984],[-47.1887923,-23.0326625],[-47.1887725,-23.0327225],[-47.1887818,-23.0327736],[-47.1888043,-23.032806],[-47.1888189,-23.032827],[-47.1888637,-23.0328516],[-47.1892732,-23.0329627],[-47.1893631,-23.0329641],[-47.1894067,-23.0329421],[-47.189455,-23.0328907],[-47.1895136,-23.0328532],[-47.1895838,-23.0328377],[-47.1896515,-23.0328537],[-47.1897158,-23.032897],[-47.1898231,-23.0329483],[-47.1900065,-23.0330209],[-47.1900662,-23.0330678],[-47.1901167,-23.0331273],[-47.1901775,-23.033174],[-47.190373,-23.0332522],[-47.19039,-23.033259],[-47.1905297,-23.0333347],[-47.1905805,-23.0333404],[-47.1906297,-23.0333205],[-47.1907829,-23.0332269],[-47.1908322,-23.0332188],[-47.1908764,-23.0332385],[-47.1909182,-23.0332759],[-47.1909459,-23.0332871],[-47.1909827,-23.0333018],[-47.1910191,-23.0333031],[-47.1910977,-23.0332836],[-47.1912259,-23.0332067],[-47.1913119,-23.0331628],[-47.1914329,-23.0331172],[-47.1915634,-23.0330328],[-47.1916286,-23.0329991],[-47.1917977,-23.0329321],[-47.191867,-23.0329348],[-47.191938,-23.0329615],[-47.1920134,-23.0329727],[-47.1920719,-23.0329633],[-47.1921303,-23.032954],[-47.1922703,-23.0329003],[-47.192342,-23.0328859],[-47.1925621,-23.0328592],[-47.1926701,-23.0328316],[-47.1927275,-23.0327934],[-47.192797,-23.0327147],[-47.1928885,-23.0326569],[-47.1930273,-23.0326028],[-47.1930939,-23.0325566],[-47.1931448,-23.0324733],[-47.1931656,-23.0324393],[-47.1932533,-23.0323666],[-47.1932777,-23.0323328],[-47.1932943,-23.0323102],[-47.193329,-23.0322075],[-47.1933697,-23.0321434],[-47.1934251,-23.032093],[-47.1934484,-23.0320835],[-47.1934932,-23.0320651],[-47.1935668,-23.0320575],[-47.1936735,-23.0320755],[-47.1937457,-23.0320786],[-47.1938132,-23.032064],[-47.1938346,-23.0320365],[-47.1938266,-23.0319941],[-47.1937748,-23.031838],[-47.1937765,-23.0318066],[-47.1937996,-23.0317682],[-47.1938445,-23.031739],[-47.1938861,-23.03169],[-47.1938938,-23.031641],[-47.193899,-23.0315001],[-47.1939187,-23.0314328],[-47.1939741,-23.0313542],[-47.194016,-23.0313313],[-47.1940266,-23.0313328],[-47.1940601,-23.0313376],[-47.1941037,-23.0313681],[-47.1941498,-23.0314198],[-47.1941789,-23.0314902],[-47.1942346,-23.0315612],[-47.1944004,-23.0317056],[-47.1944635,-23.0317501],[-47.1944986,-23.0317526],[-47.1945309,-23.031759],[-47.1945701,-23.031751],[-47.1946394,-23.0317369],[-47.1947545,-23.0317134],[-47.194883,-23.0316571],[-47.195002,-23.0316209],[-47.1951932,-23.0316026],[-47.1952725,-23.0316154],[-47.1953481,-23.0316457],[-47.1954124,-23.031688],[-47.1955091,-23.0317986],[-47.1955509,-23.0318551],[-47.1955913,-23.0318712],[-47.195641,-23.0318605],[-47.1957777,-23.0317841],[-47.1959293,-23.031662],[-47.195995,-23.0316313],[-47.196065,-23.031625],[-47.1961073,-23.0316426],[-47.1961478,-23.0316953],[-47.1961863,-23.0317256],[-47.1962405,-23.0317347],[-47.1963477,-23.0317195],[-47.1965006,-23.0316792],[-47.1968577,-23.0315228],[-47.1970685,-23.0314469],[-47.1971624,-23.0313766],[-47.1972309,-23.0313457],[-47.1973453,-23.0313352],[-47.1974623,-23.0313345],[-47.1975403,-23.0313197],[-47.1975809,-23.0313026],[-47.1976159,-23.031288],[-47.1976763,-23.0312416],[-47.1977235,-23.0311855],[-47.1977815,-23.031147],[-47.1978523,-23.0311301],[-47.1978978,-23.0311305],[-47.1979253,-23.0311308],[-47.1979963,-23.0311492],[-47.19805,-23.0311892],[-47.1981116,-23.0312748],[-47.1981227,-23.0312837],[-47.19817,-23.0313216],[-47.1982394,-23.0313528],[-47.1983539,-23.0313646],[-47.1985083,-23.0314032],[-47.1986289,-23.0314265],[-47.1988463,-23.0314534],[-47.1989861,-23.0314481],[-47.1990245,-23.0314535],[-47.1990674,-23.0314596],[-47.1992567,-23.0315411],[-47.1994154,-23.0316335],[-47.1994866,-23.031662],[-47.1996036,-23.0316926],[-47.1996737,-23.0317243],[-47.1998736,-23.0318385],[-47.1999833,-23.0319257],[-47.20009,-23.0319733],[-47.2002819,-23.0320304],[-47.2004322,-23.0322074],[-47.2004949,-23.0322497],[-47.2005588,-23.0322548],[-47.2005989,-23.0322332],[-47.2006356,-23.0321982],[-47.2006956,-23.0321736],[-47.2007641,-23.0321732],[-47.2008056,-23.0321728],[-47.2009174,-23.0321621],[-47.2009783,-23.0321323],[-47.201016,-23.0320965],[-47.2010283,-23.0320848],[-47.2010902,-23.0320508],[-47.2012804,-23.0320008],[-47.2014962,-23.0319259],[-47.2016243,-23.0318562],[-47.2017058,-23.0317858],[-47.2017682,-23.0317547],[-47.2021331,-23.0316862],[-47.2021515,-23.0316914],[-47.2021939,-23.0317032],[-47.2022329,-23.0317364],[-47.2022745,-23.031755],[-47.2023209,-23.0317493],[-47.2024072,-23.031714],[-47.2024823,-23.0316994],[-47.2025577,-23.0316998],[-47.2026621,-23.0317304],[-47.2027602,-23.0317828],[-47.2028266,-23.0318099],[-47.2028984,-23.0318098],[-47.202967,-23.031786],[-47.2030805,-23.0316987],[-47.2031673,-23.0316747],[-47.2032323,-23.0316867],[-47.2033289,-23.0317561],[-47.203399,-23.0317734],[-47.2034723,-23.0317676],[-47.2036704,-23.0316756],[-47.2037418,-23.0316631],[-47.2038141,-23.031669],[-47.2038835,-23.0316912],[-47.2039769,-23.0317468],[-47.2040449,-23.0317702],[-47.2041038,-23.0317724],[-47.2041195,-23.031773],[-47.2041857,-23.0317522],[-47.2043324,-23.0316416],[-47.2043689,-23.0316191],[-47.2045003,-23.0315382],[-47.2046163,-23.0314429],[-47.2046788,-23.031404],[-47.2047874,-23.0313696],[-47.2049359,-23.03135],[-47.2050425,-23.0313205],[-47.2051062,-23.0312881],[-47.2051277,-23.0312709],[-47.2051897,-23.0312214],[-47.2052186,-23.0311984],[-47.2052727,-23.0311508],[-47.2053043,-23.031133],[-47.2053201,-23.031124],[-47.205336,-23.0311151],[-47.2053623,-23.0311067],[-47.2053995,-23.0310947],[-47.2054788,-23.031069],[-47.2055065,-23.0310551],[-47.2055066,-23.0308671],[-47.2055376,-23.0307898],[-47.2056099,-23.0306992],[-47.2057009,-23.0306166],[-47.2058521,-23.0305461],[-47.2059898,-23.0305057],[-47.2061004,-23.0304956],[-47.2062716,-23.0305232],[-47.2063738,-23.0305687],[-47.2064899,-23.0306099],[-47.2065728,-23.0306087],[-47.2066739,-23.0305773],[-47.2067468,-23.0305166],[-47.206849,-23.0302758],[-47.2068658,-23.0301731],[-47.206937,-23.0300139],[-47.2069795,-23.0297912],[-47.2069874,-23.0297098],[-47.2070141,-23.029641],[-47.2070684,-23.0295848],[-47.2071921,-23.0295275],[-47.2072462,-23.0294498],[-47.2072771,-23.0293683],[-47.2072415,-23.0292238],[-47.2072092,-23.0291645],[-47.2070843,-23.0290431],[-47.2070633,-23.0290031],[-47.207049,-23.0289585],[-47.2070476,-23.028854],[-47.2070313,-23.0287612],[-47.2070452,-23.028687],[-47.2070658,-23.0286669],[-47.2071224,-23.0286641],[-47.2072228,-23.0286833],[-47.2072951,-23.0286805],[-47.2073618,-23.028656],[-47.2074018,-23.0286088],[-47.2074421,-23.0284021],[-47.2074734,-23.0283405],[-47.207586,-23.028214],[-47.2077085,-23.028154],[-47.2077482,-23.0281131],[-47.2077699,-23.0280618],[-47.2077731,-23.0279812],[-47.2077459,-23.0279259],[-47.2077043,-23.0278971],[-47.2076711,-23.0278858],[-47.2076064,-23.0278896],[-47.2074161,-23.0279899],[-47.2073459,-23.027996],[-47.2072579,-23.0279668],[-47.2072109,-23.027917],[-47.2071908,-23.0278631],[-47.2071863,-23.0278157],[-47.2071814,-23.0277526],[-47.2071835,-23.0276973],[-47.2071552,-23.0275783],[-47.2071527,-23.0275149],[-47.207187,-23.0274731],[-47.207246,-23.027445],[-47.2072913,-23.0274481],[-47.2074053,-23.0275003],[-47.2074313,-23.0275185],[-47.2074455,-23.0275148],[-47.20748,-23.0274768],[-47.2075193,-23.0274049],[-47.2075142,-23.0273537],[-47.2075257,-23.0273293],[-47.2075989,-23.0272728],[-47.2076487,-23.0272242],[-47.2076824,-23.0271682],[-47.2076775,-23.0271314],[-47.2076286,-23.0270912],[-47.2076031,-23.0270579],[-47.2076056,-23.0270178],[-47.2076869,-23.0268654],[-47.2076859,-23.0268321],[-47.2076538,-23.0268141],[-47.2076007,-23.0268046],[-47.2075467,-23.0267696],[-47.2075145,-23.0267092],[-47.2074924,-23.0266061],[-47.2074907,-23.026465],[-47.2075022,-23.0264244],[-47.2075209,-23.0264029],[-47.2075326,-23.0263894],[-47.2076048,-23.0263612],[-47.2076686,-23.0263234],[-47.2077241,-23.0262743],[-47.2077877,-23.0262416],[-47.207869,-23.0262165],[-47.2078937,-23.0261839],[-47.2079174,-23.0259831],[-47.2079509,-23.0259269],[-47.2080329,-23.0258641],[-47.2082715,-23.0257273],[-47.2084205,-23.025705],[-47.2085634,-23.0256703],[-47.2086637,-23.0256229],[-47.2087194,-23.0255762],[-47.2087852,-23.0255],[-47.2088244,-23.0254762],[-47.2089736,-23.0254432],[-47.2090953,-23.0253972],[-47.2091412,-23.0253515],[-47.2091564,-23.0253051],[-47.209164,-23.0251481],[-47.2091802,-23.0251068],[-47.2092174,-23.0250799],[-47.2093083,-23.0250575],[-47.2094203,-23.0250457],[-47.2094927,-23.0250539],[-47.2096158,-23.0250845],[-47.2097223,-23.0250855],[-47.2097594,-23.0250698],[-47.209763,-23.0250409],[-47.2097426,-23.0249973],[-47.2097008,-23.0249548],[-47.2096086,-23.0248892],[-47.2096006,-23.0248683],[-47.2096479,-23.0247656],[-47.2096309,-23.0247375],[-47.209569,-23.0247113],[-47.209515,-23.0246701],[-47.209479,-23.0246113],[-47.2094664,-23.0245466],[-47.2094783,-23.0244809],[-47.2095173,-23.0244306],[-47.2095787,-23.0243942],[-47.209601,-23.0243736],[-47.2096313,-23.0243458],[-47.2096699,-23.0242826],[-47.2097148,-23.0241335],[-47.2097482,-23.0241062],[-47.2097806,-23.0240977],[-47.2099644,-23.0240744],[-47.2100262,-23.0240952],[-47.2100775,-23.0241438],[-47.2101822,-23.024213],[-47.2102188,-23.0242166],[-47.2102291,-23.0242176],[-47.2102736,-23.0241973],[-47.2104203,-23.0240559],[-47.210492,-23.0239376],[-47.2105584,-23.0238436],[-47.2106446,-23.023765],[-47.2108673,-23.0236364],[-47.2109593,-23.023572],[-47.2110813,-23.0234377],[-47.2111424,-23.0234028],[-47.211431,-23.0232823],[-47.2116314,-23.0231747],[-47.2117703,-23.0231227],[-47.2121174,-23.0230348],[-47.2122014,-23.0229914],[-47.2122257,-23.0229541],[-47.2122306,-23.0229095],[-47.2122469,-23.0228753],[-47.2122842,-23.022857],[-47.2123747,-23.0228512],[-47.2124844,-23.0228607],[-47.2125393,-23.0228939],[-47.2125682,-23.0229348],[-47.212618,-23.0229748],[-47.2127414,-23.0230002],[-47.2128103,-23.023025],[-47.2128712,-23.0230626],[-47.2129318,-23.0231275],[-47.2129893,-23.0231605],[-47.2130448,-23.0231631],[-47.2131217,-23.0231473],[-47.2131901,-23.0231187],[-47.2132435,-23.0230757],[-47.2132821,-23.0230016],[-47.2133247,-23.0229529],[-47.2134458,-23.022904],[-47.213503,-23.0228619],[-47.2136018,-23.02274],[-47.2136539,-23.0227013],[-47.2139268,-23.0226589],[-47.2140399,-23.0226696],[-47.2141131,-23.0226668],[-47.2142002,-23.0226436],[-47.2142334,-23.0226051],[-47.2142838,-23.0225361],[-47.2143279,-23.0225148],[-47.2144031,-23.0225092],[-47.2145313,-23.0224792],[-47.2145592,-23.0224524],[-47.2145556,-23.0224159],[-47.214503,-23.022346],[-47.2144216,-23.0222762],[-47.214379,-23.0222221],[-47.2143523,-23.0221576],[-47.2143408,-23.0220895],[-47.2143475,-23.0220228],[-47.2143756,-23.0219888],[-47.2144255,-23.0219712],[-47.2146532,-23.0219408],[-47.214762,-23.0219203],[-47.2148324,-23.0219268],[-47.2150809,-23.0220154],[-47.2151965,-23.0219675],[-47.2152487,-23.0219255],[-47.2152718,-23.0218805],[-47.2152675,-23.0218415],[-47.2152358,-23.021809],[-47.2151722,-23.0217771],[-47.2150656,-23.021752],[-47.2149342,-23.0216949],[-47.2148638,-23.0216771],[-47.2147731,-23.0216677],[-47.2147353,-23.0216415],[-47.2147123,-23.0215985],[-47.2147144,-23.021558],[-47.2147445,-23.021526],[-47.214797,-23.0215032],[-47.2148733,-23.0214908],[-47.2150711,-23.0215013],[-47.2157123,-23.0214907],[-47.2160113,-23.0215153],[-47.2160851,-23.0215053],[-47.2161915,-23.0214803],[-47.2162815,-23.0214889],[-47.2163275,-23.021483],[-47.2163629,-23.0214556],[-47.2164506,-23.0213214],[-47.2164871,-23.0212605],[-47.2164828,-23.0211773],[-47.2164955,-23.0211384],[-47.2165317,-23.0211142],[-47.2167005,-23.0210832],[-47.2167727,-23.0210643],[-47.2168363,-23.0210283],[-47.2168833,-23.0209761],[-47.2169087,-23.0208916],[-47.2169404,-23.0208333],[-47.2170452,-23.0207654],[-47.2171186,-23.020688],[-47.2171775,-23.0206566],[-47.2172867,-23.0206423],[-47.2173785,-23.0206197],[-47.2174237,-23.0205927],[-47.217506,-23.0204771],[-47.2175505,-23.0204487],[-47.2176414,-23.0204245],[-47.2179418,-23.0203997],[-47.2180341,-23.0204161],[-47.2180801,-23.0204108],[-47.2181141,-23.0203802],[-47.2181362,-23.0203298],[-47.2181466,-23.0202594],[-47.2181128,-23.0200451],[-47.2181146,-23.0199748],[-47.218133,-23.0199073],[-47.2181562,-23.0198623],[-47.2182674,-23.019803],[-47.2184089,-23.0197627],[-47.2186291,-23.0196754],[-47.2186563,-23.0196473],[-47.2186546,-23.01961],[-47.2186276,-23.0195707],[-47.2185883,-23.0195517],[-47.2184645,-23.0195599],[-47.2183779,-23.0195262],[-47.2183329,-23.0194771],[-47.2183197,-23.0194305],[-47.218332,-23.0193705],[-47.2183649,-23.019336],[-47.2184142,-23.0193123],[-47.2184851,-23.019307],[-47.2185978,-23.019337],[-47.2187502,-23.0193644],[-47.2188545,-23.0194023],[-47.2189294,-23.0194153],[-47.2190076,-23.0194095],[-47.2190511,-23.0193857],[-47.2191143,-23.0192855],[-47.2191852,-23.0192363],[-47.219233,-23.0192283],[-47.2192801,-23.0192408],[-47.2193531,-23.0192939],[-47.2194117,-23.0193614],[-47.21944,-23.0193768],[-47.2194635,-23.0193576],[-47.2194883,-23.0192771],[-47.2194913,-23.0191907],[-47.2195066,-23.0191563],[-47.2195447,-23.0191448],[-47.219639,-23.0191508],[-47.2197354,-23.0191388],[-47.2197688,-23.0191173],[-47.219771,-23.0190825],[-47.2197468,-23.0190385],[-47.2196967,-23.0189872],[-47.219632,-23.0189419],[-47.2195779,-23.0188782],[-47.2195225,-23.0187569],[-47.2194941,-23.0186533],[-47.2195051,-23.0185897],[-47.2195437,-23.0185316],[-47.2196032,-23.0184988],[-47.2196799,-23.0184897],[-47.2197905,-23.0184636],[-47.2198556,-23.0184306],[-47.2199211,-23.0183679],[-47.2199332,-23.0183279],[-47.2199149,-23.0182907],[-47.21984,-23.0182387],[-47.219734,-23.0181998],[-47.219669,-23.0181645],[-47.2196143,-23.0181149],[-47.2195761,-23.0180548],[-47.2195559,-23.0179865],[-47.2195568,-23.0179174],[-47.2195844,-23.0178145],[-47.2195963,-23.017715],[-47.2195787,-23.017676],[-47.219408,-23.017561],[-47.2193962,-23.0175333],[-47.2194201,-23.0175122],[-47.2196089,-23.0174462],[-47.2196518,-23.0174008],[-47.2196696,-23.0173367],[-47.2196697,-23.0172692],[-47.219652,-23.0172046],[-47.2196207,-23.0171737],[-47.2195015,-23.0171454],[-47.2194377,-23.0171141],[-47.2193894,-23.0170659],[-47.2193623,-23.0169823],[-47.2193753,-23.0169164],[-47.219517,-23.0167495],[-47.2195322,-23.0166887],[-47.2194981,-23.0165736],[-47.219497,-23.0164894],[-47.2195182,-23.0164507],[-47.2195598,-23.0164268],[-47.2196162,-23.0164181],[-47.219686,-23.0164293],[-47.2197814,-23.0164674],[-47.2198153,-23.0164676],[-47.2198795,-23.0164473],[-47.219896,-23.0164191],[-47.2198716,-23.0163668],[-47.2198661,-23.0163288],[-47.2198922,-23.0162973],[-47.2199409,-23.0162691],[-47.2199949,-23.0162213],[-47.22006,-23.0161381],[-47.220116,-23.0160953],[-47.2201813,-23.0160652],[-47.2202729,-23.0160451],[-47.2203341,-23.0160219],[-47.2206312,-23.0158107],[-47.2206856,-23.0157272],[-47.2207077,-23.0156514],[-47.2207115,-23.0156382],[-47.22073,-23.0156151],[-47.2207448,-23.0155965],[-47.2208506,-23.0155237],[-47.2209555,-23.015464],[-47.2211136,-23.0155086],[-47.2212169,-23.0155444],[-47.2212706,-23.0155629],[-47.2213741,-23.0155884],[-47.2215396,-23.0156816],[-47.2217818,-23.0157704],[-47.2219136,-23.0157884],[-47.2219716,-23.0157958],[-47.2221205,-23.0158331],[-47.2222841,-23.0158918],[-47.2224445,-23.0159629],[-47.2226015,-23.016017],[-47.2227682,-23.0160397],[-47.2229349,-23.0160256],[-47.223066,-23.0159824],[-47.2232096,-23.0159445],[-47.2233378,-23.0159367],[-47.223552,-23.0159586],[-47.2237481,-23.0159691],[-47.223913,-23.015952],[-47.2240993,-23.0159119],[-47.2241711,-23.0158596],[-47.2241892,-23.0157882],[-47.2241696,-23.0156761],[-47.2241206,-23.0155219],[-47.2241517,-23.0154621],[-47.2242215,-23.0154136],[-47.2243016,-23.0153808],[-47.2244654,-23.0153706],[-47.2246454,-23.0152769],[-47.224744,-23.0151747],[-47.2248192,-23.0150423],[-47.2248747,-23.0149234],[-47.2251089,-23.0147243],[-47.225326,-23.0145058],[-47.2254655,-23.0144112],[-47.2255858,-23.0143204],[-47.2256946,-23.0141975],[-47.225753,-23.0140798],[-47.2257833,-23.0139464],[-47.2257934,-23.0138002],[-47.225812,-23.0137369],[-47.2258339,-23.0136616],[-47.2259206,-23.013527],[-47.2260244,-23.013405],[-47.2261597,-23.0133193],[-47.2263203,-23.0132876],[-47.2264817,-23.0132995],[-47.2266429,-23.0133319],[-47.2267916,-23.0134284],[-47.2269359,-23.013422],[-47.2270924,-23.0133397],[-47.2272079,-23.0132091],[-47.2273325,-23.0131235],[-47.2274839,-23.0131218],[-47.2276386,-23.0131628],[-47.2277756,-23.013269],[-47.2279151,-23.0133591],[-47.2280699,-23.0133802],[-47.228234,-23.0133301],[-47.2283586,-23.0131881],[-47.2284302,-23.013061],[-47.228494,-23.0129131],[-47.2285753,-23.0127995],[-47.2286638,-23.0127029],[-47.228694,-23.0125992],[-47.2287135,-23.0125317],[-47.2286842,-23.0123907],[-47.2288051,-23.012309],[-47.2289778,-23.0122709],[-47.2291483,-23.0122634],[-47.2293373,-23.0122718],[-47.22951,-23.0122337],[-47.2296478,-23.0121322],[-47.2297549,-23.0120353],[-47.2298257,-23.0119137],[-47.2298686,-23.0117834],[-47.22995,-23.0116633],[-47.2299967,-23.0115135],[-47.2300287,-23.0113714],[-47.2301021,-23.0112395],[-47.2302142,-23.011144],[-47.230346,-23.0110732],[-47.2304943,-23.0110299],[-47.2306303,-23.0109598],[-47.2307275,-23.0108505],[-47.2307879,-23.0106956],[-47.2308692,-23.0105698],[-47.2309862,-23.0104798],[-47.2310908,-23.0103825],[-47.2311575,-23.0102627],[-47.231209,-23.0099817],[-47.2313072,-23.0098134],[-47.231407,-23.0096758],[-47.2315142,-23.009562],[-47.2316349,-23.009508],[-47.231776,-23.0095],[-47.2319565,-23.009545],[-47.2319788,-23.0095412],[-47.2320672,-23.0095264],[-47.2321279,-23.0094296],[-47.2320903,-23.00931],[-47.2320676,-23.0092678],[-47.2318774,-23.0089148],[-47.2318224,-23.0087714],[-47.2317799,-23.0086241],[-47.2317764,-23.0084731],[-47.2318471,-23.0083546],[-47.2319031,-23.0082008],[-47.2320036,-23.0080868],[-47.232138,-23.0080168],[-47.2322492,-23.0078979],[-47.232258,-23.0077689],[-47.2323388,-23.0076504],[-47.2324367,-23.007548],[-47.2325051,-23.007418],[-47.2325999,-23.0072973],[-47.2327574,-23.007235],[-47.232773,-23.0072289],[-47.2329057,-23.0071763],[-47.232969,-23.0070416],[-47.2331471,-23.0070291],[-47.2331076,-23.0069141],[-47.2330046,-23.0068089],[-47.2329264,-23.0066897],[-47.2328589,-23.0065686],[-47.2327849,-23.0064596],[-47.2327428,-23.0064327],[-47.2327309,-23.0064158],[-47.2326992,-23.0063712],[-47.2326754,-23.0063375],[-47.2326496,-23.0063065],[-47.232601,-23.0062482],[-47.2324946,-23.0061491],[-47.2324232,-23.0060104],[-47.2323093,-23.0058873],[-47.2321704,-23.0058209],[-47.2320207,-23.0057937],[-47.2318592,-23.0058001],[-47.2317645,-23.0058127],[-47.2316846,-23.0058234],[-47.231529,-23.0058213],[-47.2313735,-23.0058055],[-47.2312147,-23.0057622],[-47.2310569,-23.0057073],[-47.2309071,-23.0056831],[-47.2307507,-23.0056405],[-47.2306136,-23.0055849],[-47.2303228,-23.0054169],[-47.2302024,-23.0053201],[-47.2300486,-23.0052445],[-47.2299007,-23.0051836],[-47.2297835,-23.0050989],[-47.2296389,-23.0050073],[-47.2294818,-23.0049716],[-47.2293969,-23.0049],[-47.2292564,-23.0048522],[-47.2291392,-23.0048007],[-47.2291192,-23.004792],[-47.2290038,-23.0046996],[-47.2288949,-23.0046013],[-47.228796,-23.0044722],[-47.2287094,-23.0043471],[-47.2285957,-23.0042104],[-47.2284569,-23.0041379],[-47.2281527,-23.0040389],[-47.2280431,-23.0039588],[-47.2279284,-23.0038084],[-47.2278088,-23.0036693],[-47.2276777,-23.0035686],[-47.2275587,-23.0034885],[-47.2274094,-23.0033555],[-47.2272542,-23.0032448],[-47.227064,-23.0031598],[-47.2269013,-23.0030773],[-47.2267866,-23.0029843],[-47.2266679,-23.0028614],[-47.2265706,-23.00274],[-47.2264765,-23.0026098],[-47.2263738,-23.0024674],[-47.2262483,-23.0023568],[-47.2261194,-23.0022797],[-47.2260023,-23.0021874],[-47.2258885,-23.0020645],[-47.2256816,-23.0018194],[-47.2255786,-23.0017202],[-47.2254816,-23.0016483],[-47.2253201,-23.0015471],[-47.2252046,-23.001447],[-47.2250791,-23.0013579],[-47.2249427,-23.0012923],[-47.2247913,-23.0012803],[-47.2246194,-23.0012384],[-47.2244772,-23.0011874],[-47.2243085,-23.0011517],[-47.2241594,-23.001165],[-47.2239755,-23.0012151],[-47.2238263,-23.001282],[-47.2236788,-23.0013305],[-47.2235349,-23.0013056],[-47.2233809,-23.0013312],[-47.2232333,-23.0013874],[-47.2230636,-23.0014214],[-47.2229235,-23.0014677],[-47.2227744,-23.0015026],[-47.2226057,-23.0014683],[-47.2225462,-23.0014232],[-47.2225142,-23.0013989],[-47.2224524,-23.001352],[-47.2223696,-23.0012599],[-47.2222211,-23.0011729],[-47.2220496,-23.0011583],[-47.221899,-23.0011788],[-47.221742,-23.0011323],[-47.2216248,-23.0010369],[-47.2214278,-23.0008195],[-47.2213413,-23.0006882],[-47.2212442,-23.0005638],[-47.2211475,-23.0004884],[-47.2211244,-23.0004703],[-47.221122,-23.0004684],[-47.221068,-23.000361],[-47.2209521,-23.0001844],[-47.2208455,-23.0000643],[-47.2207127,-22.9999835],[-47.2205852,-22.9999547],[-47.2204623,-22.9999312],[-47.2202909,-22.9998924],[-47.2202002,-22.999872],[-47.2200988,-22.9998821],[-47.2199585,-22.9999221],[-47.2197935,-22.9999548],[-47.219709,-22.9999468],[-47.2196432,-22.9999161],[-47.2195364,-22.9998016],[-47.2194828,-22.9997536],[-47.2194185,-22.9997165],[-47.2193294,-22.9996902],[-47.2192436,-22.9996963],[-47.2191081,-22.9997693],[-47.2190683,-22.9997744],[-47.2188096,-22.9997921],[-47.2186552,-22.9997634],[-47.2184744,-22.9997363],[-47.2183129,-22.9997253],[-47.2181675,-22.9997454],[-47.2180134,-22.9997941],[-47.2178677,-22.9998564],[-47.2177104,-22.9999066],[-47.217548,-22.9999476],[-47.2174008,-22.9999586],[-47.2172324,-22.9999277],[-47.2170934,-22.9998842],[-47.2169555,-22.9998384],[-47.2168114,-22.9997749],[-47.2166741,-22.9997252],[-47.2165298,-22.999701],[-47.2163566,-22.9996885],[-47.2162345,-22.999598],[-47.2161045,-22.9995307],[-47.2159502,-22.9995127],[-47.215901,-22.9995208],[-47.2156194,-22.9995676],[-47.2155312,-22.9995867],[-47.2154776,-22.9995983],[-47.2151682,-22.9996764],[-47.2150211,-22.9997464],[-47.2148688,-22.9998089],[-47.2147164,-22.9998605],[-47.2144243,-22.9999192],[-47.2140867,-22.9999233],[-47.2139267,-22.999903],[-47.2137731,-22.9999309],[-47.2136339,-22.9999778],[-47.2134722,-23.0000181],[-47.2133142,-23.0000253],[-47.2131766,-23.0000347],[-47.2130019,-23.0000552],[-47.2129846,-23.0000525],[-47.2129131,-23.0000417],[-47.2128875,-23.0000356],[-47.2127628,-23.000006],[-47.2126107,-23.000017],[-47.2124604,-23.0000449],[-47.2123029,-23.0000843],[-47.2121457,-23.0000938],[-47.2119697,-23.0001136],[-47.2117991,-23.0001639],[-47.2117106,-23.0001999],[-47.2116593,-23.0002208],[-47.2114899,-23.0002466],[-47.2113287,-23.0002585],[-47.2111586,-23.0002805],[-47.2110056,-23.0002333],[-47.2109278,-23.0001941],[-47.2108689,-23.0001645],[-47.2107249,-23.0001134],[-47.2105653,-23.0000601],[-47.2104158,-23.0000826],[-47.2102615,-23.0001159],[-47.2101093,-23.0001829],[-47.2099354,-23.0002301],[-47.2097894,-23.0002074],[-47.2096414,-23.0002206],[-47.2094366,-23.000278],[-47.2092213,-23.0003729],[-47.2090655,-23.0004077],[-47.2089064,-23.0003913],[-47.2088725,-23.0003789],[-47.2087649,-23.0003393],[-47.2086183,-23.0002736],[-47.2084512,-23.0002228],[-47.2079859,-23.0002162],[-47.2078277,-23.000202],[-47.2076627,-23.0001833],[-47.2075031,-23.0001937],[-47.2073454,-23.0002178],[-47.2071848,-23.0002695],[-47.2070532,-23.000337],[-47.2069285,-23.0004136],[-47.2066996,-23.0003529],[-47.2065566,-23.0002968],[-47.2064032,-23.000241],[-47.2062168,-23.0001836],[-47.2061114,-23.0001887],[-47.205971,-23.0001468],[-47.2058204,-23.0000957],[-47.2056791,-23.0000561],[-47.2054636,-23.0000442],[-47.2053875,-23.0000424],[-47.205243,-23.0000524],[-47.2050991,-23.0000938],[-47.2049634,-23.0001192],[-47.2048264,-23.0001261],[-47.2042497,-23.0001843],[-47.2039131,-23.0003157],[-47.2038467,-23.0003298],[-47.2037793,-23.0003403],[-47.2037112,-23.0003439],[-47.2036436,-23.0003359],[-47.2035787,-23.0003165],[-47.2035164,-23.0002908],[-47.2034555,-23.0002622],[-47.2033956,-23.0002318],[-47.2033371,-23.0001993],[-47.2032825,-23.0001615],[-47.2032356,-23.0001157],[-47.2031979,-23.0000632],[-47.2031706,-23.0000053],[-47.2031531,-22.9999442],[-47.2031439,-22.9998817],[-47.2031409,-22.9998185],[-47.2031428,-22.9997554],[-47.2031806,-22.9993144],[-47.2031895,-22.999125],[-47.2032083,-22.9989362],[-47.203216,-22.9988734],[-47.2032267,-22.998811],[-47.2032425,-22.9987496],[-47.203266,-22.9986903],[-47.2032962,-22.9986337],[-47.2033994,-22.9984699],[-47.2034359,-22.9984165],[-47.2034799,-22.9983683],[-47.20356,-22.9983074],[-47.2035867,-22.9982872],[-47.203637,-22.9982472],[-47.2037292,-22.9981541],[-47.2037773,-22.9981091],[-47.2038276,-22.9980665],[-47.2038806,-22.9980266],[-47.2039361,-22.9979897],[-47.2039938,-22.997956],[-47.2040538,-22.997926],[-47.2041155,-22.9978992],[-47.2041786,-22.9978749],[-47.2042426,-22.997853],[-47.2043081,-22.9978353],[-47.2045761,-22.9977868],[-47.2047111,-22.9977684],[-47.2047775,-22.997754],[-47.2048422,-22.9977338],[-47.2049053,-22.9977096],[-47.2049666,-22.997682],[-47.205086,-22.9976206],[-47.2051476,-22.9975935],[-47.205211,-22.9975701],[-47.2052712,-22.9975404],[-47.205322,-22.9974985],[-47.2053618,-22.9974473],[-47.205391,-22.9973903],[-47.2054161,-22.9973315],[-47.205472,-22.9972161],[-47.2054966,-22.9971573],[-47.2055602,-22.9969771],[-47.205632,-22.9967995],[-47.2056515,-22.9967389],[-47.2056831,-22.996616],[-47.2057076,-22.9964917],[-47.2057163,-22.9964291],[-47.2057302,-22.9962399],[-47.2057363,-22.9961769],[-47.2057732,-22.9959266],[-47.2057773,-22.9958634],[-47.2057754,-22.9958003],[-47.205769,-22.9957374],[-47.2057506,-22.9956122],[-47.2057439,-22.9955494],[-47.2057425,-22.9954862],[-47.2057486,-22.9954233],[-47.205761,-22.9953611],[-47.205827,-22.9951158],[-47.2058458,-22.9950552],[-47.205887,-22.9949346],[-47.2059253,-22.9948133],[-47.2059472,-22.9947534],[-47.2059719,-22.9946946],[-47.2060818,-22.9944631],[-47.2061131,-22.994407],[-47.2061498,-22.9943538],[-47.2061926,-22.9943046],[-47.206238,-22.9942574],[-47.2062801,-22.9942077],[-47.2063922,-22.994049],[-47.2064229,-22.9939927],[-47.2064421,-22.9939321],[-47.2064462,-22.9938692],[-47.2064586,-22.9936764],[-47.2064316,-22.9936271],[-47.2063657,-22.9935167],[-47.2062066,-22.9932377],[-47.2061774,-22.9931808],[-47.2061517,-22.9931223],[-47.2061305,-22.9930623],[-47.2060982,-22.9929397],[-47.2060745,-22.9928806],[-47.2060411,-22.9928257],[-47.2059664,-22.9927203],[-47.2059328,-22.9926654],[-47.2058395,-22.9924968],[-47.2058047,-22.9924425],[-47.2057647,-22.9923915],[-47.2057208,-22.9923431],[-47.2056798,-22.9922926],[-47.2056477,-22.9922368],[-47.205626,-22.992177],[-47.205619,-22.9921397],[-47.2056145,-22.9921149],[-47.2056121,-22.9920517],[-47.205617,-22.9919887],[-47.2056267,-22.9919262],[-47.2056549,-22.9917995],[-47.2056695,-22.9916575],[-47.2056703,-22.9914817],[-47.2056126,-22.9912427],[-47.2055971,-22.9912143],[-47.2055046,-22.9910441],[-47.2054726,-22.9909883],[-47.2054385,-22.9909336],[-47.2054023,-22.99088],[-47.2053718,-22.9908389],[-47.2052863,-22.9907238],[-47.2052519,-22.9906693],[-47.2052232,-22.9906122],[-47.2051987,-22.9905533],[-47.2051566,-22.9904331],[-47.2051167,-22.9903123],[-47.2050951,-22.9902524],[-47.2050699,-22.9901938],[-47.2050379,-22.9901381],[-47.2049991,-22.9900863],[-47.2049155,-22.9899863],[-47.2048765,-22.9899344],[-47.20484,-22.9898811],[-47.2047715,-22.9897719],[-47.2046749,-22.9896051],[-47.2045502,-22.9893804],[-47.204517,-22.9893252],[-47.2044815,-22.9892713],[-47.2044058,-22.9891661],[-47.204326,-22.9890636],[-47.204282,-22.9890153],[-47.2042331,-22.9889712],[-47.2041574,-22.9889134],[-47.2041277,-22.9888909],[-47.2040725,-22.988854],[-47.2040113,-22.9888264],[-47.2039454,-22.9888112],[-47.2038103,-22.9887959],[-47.2037432,-22.9887854],[-47.2036779,-22.9887669],[-47.2036178,-22.9887373],[-47.2035623,-22.9887004],[-47.2034938,-22.9886503],[-47.2034029,-22.9885815],[-47.203359,-22.9885335],[-47.2033313,-22.988476],[-47.203308,-22.9884151],[-47.203289,-22.9883559],[-47.2032603,-22.9882987],[-47.2031977,-22.9881862],[-47.2031601,-22.9881335],[-47.2031526,-22.9881264],[-47.2031125,-22.9880884],[-47.2030565,-22.9880524],[-47.2029953,-22.9880247],[-47.2029306,-22.9880045],[-47.202864,-22.9879908],[-47.2027965,-22.9879817],[-47.2027286,-22.9879757],[-47.2024559,-22.9879625],[-47.202388,-22.9879569],[-47.2023205,-22.9879475],[-47.2022543,-22.9879321],[-47.202191,-22.9879085],[-47.2021318,-22.9878773],[-47.2020779,-22.9878388],[-47.2020331,-22.9877912],[-47.2020144,-22.9877525],[-47.2020054,-22.9877341],[-47.2019952,-22.9876877],[-47.2019128,-22.9874613],[-47.201863,-22.9872585],[-47.2018114,-22.9871375],[-47.2017404,-22.9870926],[-47.201709,-22.9870727],[-47.2017093,-22.9870096],[-47.2017069,-22.9869464],[-47.2016913,-22.9868851],[-47.2016576,-22.9868303],[-47.2016194,-22.9867781],[-47.2015926,-22.9867202],[-47.2015337,-22.9865388],[-47.2014746,-22.9863765],[-47.2014491,-22.9862984],[-47.2014345,-22.9862367],[-47.2014205,-22.9861651],[-47.2013921,-22.9860207],[-47.2013857,-22.985988],[-47.2013767,-22.9859254],[-47.2013719,-22.9858624],[-47.2013698,-22.9857993],[-47.2013688,-22.9856098],[-47.2013709,-22.9854203],[-47.2013852,-22.9850414],[-47.2013876,-22.985005],[-47.2013939,-22.9849153],[-47.2014012,-22.9848525],[-47.2014119,-22.9847901],[-47.2014278,-22.9847287],[-47.2014517,-22.9846696],[-47.2014846,-22.9846144],[-47.2015133,-22.984572],[-47.2015551,-22.9845068],[-47.2016203,-22.9843959],[-47.2016556,-22.9843419],[-47.2016886,-22.9842992],[-47.2017774,-22.9841896],[-47.2018134,-22.9841359],[-47.2018413,-22.9840783],[-47.2018639,-22.9840186],[-47.2018899,-22.9839603],[-47.2019275,-22.9839078],[-47.2019765,-22.983864],[-47.2020828,-22.9837846],[-47.2021175,-22.9837567],[-47.2022902,-22.9836203],[-47.2023446,-22.9835821],[-47.202457,-22.9835104],[-47.2026788,-22.983363],[-47.2029056,-22.9832223],[-47.2030732,-22.9831135],[-47.2032484,-22.9830153],[-47.2034744,-22.9828736],[-47.2036484,-22.9827735],[-47.2038194,-22.9826693],[-47.2039939,-22.9825702],[-47.2040509,-22.9825354],[-47.2041054,-22.9824975],[-47.2041566,-22.9824558],[-47.2042554,-22.9823621],[-47.2042562,-22.9822361],[-47.2042612,-22.9821731],[-47.2042699,-22.9821104],[-47.2042815,-22.9820482],[-47.2042953,-22.9819863],[-47.2044042,-22.9815556],[-47.2044744,-22.9813113],[-47.204574,-22.9808788],[-47.2046218,-22.9806944],[-47.204729,-22.9803285],[-47.2047509,-22.9802687],[-47.2047757,-22.9802098],[-47.204804,-22.9801523],[-47.2048355,-22.9800963],[-47.2048704,-22.980042],[-47.2049081,-22.9799894],[-47.2050292,-22.9798366],[-47.2050678,-22.9797845],[-47.2051019,-22.9797298],[-47.2051315,-22.9796728],[-47.2051877,-22.9795576],[-47.2052516,-22.979446],[-47.2052819,-22.9793895],[-47.2053076,-22.9793309],[-47.2053536,-22.9792119],[-47.2054078,-22.9790959],[-47.2054296,-22.9790361],[-47.2054318,-22.9790215],[-47.2056909,-22.9779097],[-47.2058188,-22.9774313],[-47.2058116,-22.9772905],[-47.2057765,-22.9771413],[-47.2054385,-22.9759131],[-47.2053557,-22.9752798],[-47.2052585,-22.9750557],[-47.2052599,-22.97474],[-47.2052631,-22.9746986],[-47.20528,-22.9744859],[-47.2053348,-22.9742512],[-47.2053896,-22.9740526],[-47.2055453,-22.973764],[-47.2057614,-22.9734328],[-47.2061367,-22.9728666],[-47.2062702,-22.9726588],[-47.2066908,-22.9720046],[-47.2069207,-22.9716932],[-47.2067955,-22.9714566],[-47.2068191,-22.9714452],[-47.2072566,-22.9712336],[-47.2076578,-22.9710817],[-47.2080399,-22.970967],[-47.2085505,-22.9708016],[-47.2086405,-22.9707843],[-47.2088689,-22.9707177],[-47.208924,-22.9706954],[-47.2090633,-22.970639],[-47.2091249,-22.9706358],[-47.2091871,-22.9706332],[-47.2092505,-22.9706262],[-47.2093129,-22.970617],[-47.2093787,-22.9706003],[-47.2094429,-22.970579],[-47.2095018,-22.9705473],[-47.2095462,-22.9704997],[-47.2095726,-22.9704416],[-47.2095843,-22.9703795],[-47.2095828,-22.9703164],[-47.2095687,-22.9702547],[-47.2095461,-22.970195],[-47.2095218,-22.9701361],[-47.2094981,-22.9700767],[-47.2094721,-22.9700183],[-47.2094425,-22.9699613],[-47.2094147,-22.9699037],[-47.2093943,-22.9698434],[-47.2093844,-22.969781],[-47.2093871,-22.9697179],[-47.2094058,-22.9696575],[-47.2094443,-22.9696055],[-47.209496,-22.9695644],[-47.2095534,-22.9695304],[-47.2096141,-22.9695015],[-47.2096771,-22.9694771],[-47.2094434,-22.9695362],[-47.2089678,-22.9697484],[-47.2084525,-22.9699685],[-47.2082023,-22.9700598],[-47.2080138,-22.9700955],[-47.2078362,-22.9700889],[-47.2076655,-22.9700826],[-47.2073349,-22.9700538],[-47.2069913,-22.9700276],[-47.2066734,-22.9700223],[-47.2064611,-22.970038],[-47.206279,-22.9700361],[-47.2061204,-22.9700011],[-47.2059736,-22.969943],[-47.2057666,-22.969842],[-47.2055688,-22.9697072],[-47.2053954,-22.9696166],[-47.2052234,-22.9695076],[-47.2048982,-22.9693741],[-47.2046327,-22.9692796],[-47.2044523,-22.9692189],[-47.204295,-22.969166],[-47.2041127,-22.9690975],[-47.2039411,-22.9691028],[-47.2038107,-22.9691501],[-47.203409,-22.9694485],[-47.2032323,-22.9696308],[-47.2030925,-22.9697605],[-47.2030126,-22.9698482],[-47.2028819,-22.9699247],[-47.2027819,-22.9701501],[-47.2026595,-22.9703949],[-47.2026491,-22.9705294],[-47.2025577,-22.9707067],[-47.2023293,-22.9709221],[-47.202149,-22.971066],[-47.2019138,-22.9710671],[-47.2017278,-22.9710537],[-47.2015706,-22.9710177],[-47.2014406,-22.9708098],[-47.2012738,-22.9706768],[-47.2010976,-22.9705316],[-47.2009485,-22.9703478],[-47.2009088,-22.9702623],[-47.2008247,-22.9702306],[-47.2007824,-22.9702979],[-47.2006885,-22.9704011],[-47.2005315,-22.9705612],[-47.2004158,-22.9706002],[-47.2002498,-22.9706071],[-47.2000693,-22.9705318],[-47.1998452,-22.9704386],[-47.1996293,-22.9703234],[-47.1995349,-22.9701689],[-47.1994459,-22.9700467],[-47.1993479,-22.9698932],[-47.1991217,-22.9696758],[-47.1985558,-22.9694282],[-47.1979555,-22.9692265],[-47.1974604,-22.9691326],[-47.197031,-22.969102],[-47.1967094,-22.9691544],[-47.1962812,-22.9693004],[-47.1960428,-22.9694156],[-47.195792,-22.9695674],[-47.1955074,-22.9697251],[-47.1954521,-22.9698735],[-47.1953771,-22.9701894],[-47.1948845,-22.9704976],[-47.1942615,-22.9706576],[-47.1936075,-22.9707301],[-47.1930553,-22.9707052],[-47.1924574,-22.9706089],[-47.1919498,-22.9704911],[-47.1913253,-22.9702491],[-47.1911406,-22.9701531],[-47.190988,-22.9701254],[-47.1908548,-22.9701948],[-47.1906003,-22.9703543],[-47.1902075,-22.970606],[-47.1899446,-22.970773],[-47.1897553,-22.9707712],[-47.1894854,-22.9706854],[-47.1890777,-22.9705068],[-47.1881425,-22.9701295],[-47.1877661,-22.96996],[-47.1874061,-22.9698517],[-47.187155,-22.9698168],[-47.1869535,-22.9698574],[-47.1866114,-22.9700599],[-47.1864294,-22.9699994],[-47.1863248,-22.9698021],[-47.1862467,-22.9695219],[-47.1862474,-22.9691511],[-47.186213,-22.9688924],[-47.1861983,-22.9685517],[-47.1861635,-22.9682665],[-47.1861056,-22.9678135],[-47.1859114,-22.9676532],[-47.1855579,-22.9675227],[-47.1852921,-22.9673757],[-47.1849752,-22.9672124],[-47.184641,-22.9670068],[-47.1842064,-22.9668641],[-47.183661,-22.9667686],[-47.1833313,-22.9666297],[-47.1831543,-22.9665115],[-47.1829271,-22.9663134],[-47.1826602,-22.966086],[-47.1821946,-22.9658117],[-47.1818166,-22.9656312],[-47.1815714,-22.9654832],[-47.1814954,-22.9653727],[-47.1814451,-22.9652241],[-47.1814227,-22.9649797],[-47.1813005,-22.9647554],[-47.1810886,-22.964624],[-47.1808058,-22.9645147],[-47.180569,-22.9644336],[-47.1802269,-22.9643706],[-47.1799652,-22.9643943],[-47.1796456,-22.9644748],[-47.1794194,-22.9644199],[-47.1791023,-22.9643736],[-47.1788668,-22.9642736],[-47.1786962,-22.9642835],[-47.1782252,-22.9643565],[-47.1776676,-22.9645021],[-47.177148,-22.9645271],[-47.1766719,-22.9645582],[-47.1760827,-22.9645881],[-47.1759458,-22.9645972],[-47.1756749,-22.9645569],[-47.1753993,-22.9646313],[-47.1751646,-22.9646889],[-47.1749398,-22.9647231],[-47.1747679,-22.9646616],[-47.1746324,-22.9645727],[-47.1745145,-22.964431],[-47.1743732,-22.9642769],[-47.1743161,-22.9641091],[-47.1742086,-22.9638589],[-47.1742707,-22.9636953],[-47.1743266,-22.9635905],[-47.1743093,-22.9634623],[-47.1741873,-22.9633599],[-47.1739288,-22.9631635],[-47.1737066,-22.9629745],[-47.1735403,-22.9628502],[-47.1733,-22.9626742],[-47.1729518,-22.9622869],[-47.1727532,-22.9620318],[-47.172414,-22.9617031],[-47.1717445,-22.961105],[-47.1706181,-22.9601476],[-47.1699733,-22.959642],[-47.1698314,-22.9595827],[-47.1688772,-22.9594575],[-47.1685184,-22.9594275],[-47.1676652,-22.9592882],[-47.1673815,-22.9592428],[-47.1671502,-22.9592021],[-47.1668659,-22.9591165],[-47.1663639,-22.958962],[-47.1660787,-22.9587836],[-47.1660304,-22.958687],[-47.1660349,-22.9585001],[-47.1659912,-22.9583253],[-47.1659472,-22.9581984],[-47.1658102,-22.9581067],[-47.1655131,-22.957918],[-47.1651442,-22.9575321],[-47.1649837,-22.9573654],[-47.1647466,-22.9570998],[-47.1645156,-22.9569965],[-47.1642292,-22.9568135],[-47.1640975,-22.956636],[-47.1639718,-22.9563163],[-47.1638572,-22.9561518],[-47.1637489,-22.9561088],[-47.1635867,-22.9560831],[-47.1633029,-22.9560929],[-47.1630498,-22.9561069],[-47.162518,-22.9561511],[-47.1621533,-22.9561336],[-47.1620078,-22.9560975],[-47.1618884,-22.9560193],[-47.161721,-22.9558394],[-47.1616536,-22.9556806],[-47.1615491,-22.9555927],[-47.1610525,-22.9554322],[-47.1608206,-22.9553766],[-47.1604871,-22.9552906],[-47.159529,-22.9549073],[-47.1593254,-22.954912],[-47.1589664,-22.9550941],[-47.1586075,-22.9552591],[-47.1582976,-22.9553706],[-47.1578417,-22.9554588],[-47.1574955,-22.9554929],[-47.1571758,-22.9554093],[-47.1562465,-22.9551015],[-47.1558242,-22.9549452],[-47.1555,-22.9549089],[-47.1552504,-22.9548278],[-47.1548999,-22.954881],[-47.1546115,-22.9549501],[-47.1543895,-22.9549993],[-47.154193,-22.9550124],[-47.1539992,-22.955056],[-47.1536843,-22.955176],[-47.1534145,-22.9553076],[-47.1531016,-22.9555417],[-47.1526995,-22.9556611],[-47.1523708,-22.9557151],[-47.1518786,-22.9557229],[-47.151412,-22.955603],[-47.1512104,-22.9555981],[-47.1510102,-22.9556546],[-47.1507591,-22.9558441],[-47.1504704,-22.9559581],[-47.1502731,-22.9560373],[-47.1499343,-22.9560964],[-47.1495769,-22.9560786],[-47.149438,-22.9562062],[-47.1492564,-22.9563949],[-47.1490625,-22.9564842],[-47.1485596,-22.9565788],[-47.1484456,-22.9565404],[-47.1483792,-22.9564568],[-47.1482628,-22.9563713],[-47.1481477,-22.9563716],[-47.1479854,-22.9564219],[-47.1477466,-22.9564864],[-47.1474446,-22.9566245],[-47.1471757,-22.956723],[-47.1469467,-22.9568402],[-47.1468159,-22.9569276],[-47.1466603,-22.956986],[-47.1464629,-22.9570958],[-47.1464052,-22.9573953],[-47.1464731,-22.957671],[-47.1466627,-22.9579501],[-47.1466669,-22.9580886],[-47.1466181,-22.9583096],[-47.1465595,-22.9584457],[-47.1464391,-22.9586233],[-47.146224,-22.9588279],[-47.1459781,-22.9590157],[-47.1457867,-22.9590715],[-47.1455377,-22.9591407],[-47.1450875,-22.9592058],[-47.1445685,-22.9591876],[-47.1441437,-22.959258],[-47.1436896,-22.9592931],[-47.1430753,-22.9593287],[-47.1427389,-22.9593427],[-47.1424823,-22.9594217],[-47.1421991,-22.9595902],[-47.1417781,-22.9597269],[-47.1415321,-22.9597913],[-47.1412917,-22.95982],[-47.1411961,-22.9599066],[-47.1411074,-22.9600073],[-47.1410747,-22.9600889],[-47.1410641,-22.96017],[-47.1410709,-22.9602424],[-47.141112,-22.9603044],[-47.1412915,-22.9603537],[-47.1414717,-22.9604336],[-47.1415349,-22.9605138],[-47.1415712,-22.9606011],[-47.1415613,-22.9606813],[-47.1414561,-22.9607512],[-47.1412456,-22.9607533],[-47.1410278,-22.9606951],[-47.1408021,-22.9606936],[-47.1404709,-22.9607285],[-47.1401678,-22.9607476],[-47.1399089,-22.9608269],[-47.1394444,-22.9610872],[-47.139097,-22.9613085],[-47.138939,-22.9613747],[-47.138852,-22.9613677],[-47.138398,-22.9612442],[-47.1377399,-22.9610128],[-47.1374477,-22.9609193],[-47.1370524,-22.9606893],[-47.1366892,-22.960696],[-47.1362332,-22.9608081],[-47.1359664,-22.9608176],[-47.1358144,-22.960866],[-47.1356632,-22.9609549],[-47.1354216,-22.9610609],[-47.1350456,-22.9611679],[-47.1346229,-22.9612245],[-47.1343778,-22.9612104],[-47.1341312,-22.9611166],[-47.1339933,-22.9610333],[-47.1333325,-22.9604966],[-47.1331283,-22.9604118],[-47.1329178,-22.960427],[-47.1325323,-22.9604881],[-47.1320632,-22.9604958],[-47.1316855,-22.9605422],[-47.1314166,-22.9606006],[-47.1312037,-22.9606289],[-47.1308813,-22.9604204],[-47.130663,-22.960374],[-47.1305405,-22.9603988],[-47.1302796,-22.9605089],[-47.1298816,-22.9606307],[-47.1296282,-22.9606881],[-47.1293688,-22.9607282],[-47.1288419,-22.9607113],[-47.1283902,-22.9607551],[-47.1280802,-22.9607494],[-47.1277624,-22.9606849],[-47.1273296,-22.9604106],[-47.1270736,-22.9602082],[-47.1268144,-22.960151],[-47.1264668,-22.9600497],[-47.1260953,-22.9597214],[-47.1258138,-22.9595239],[-47.1253907,-22.9593018],[-47.1251297,-22.9590972],[-47.1248027,-22.9597805],[-47.1244676,-22.9603587],[-47.1238848,-22.9612315],[-47.1232299,-22.9620511],[-47.1188742,-22.9672818],[-47.1181369,-22.9681819],[-47.1174088,-22.9691983],[-47.1168466,-22.9701087],[-47.1163807,-22.9708952],[-47.1144313,-22.9741719],[-47.1125591,-22.977409],[-47.11239,-22.9777668],[-47.1121408,-22.9784135],[-47.1120611,-22.9786906],[-47.1119341,-22.9792281],[-47.111825,-22.9799264],[-47.1114729,-22.9870145],[-47.1114592,-22.9874435],[-47.1114022,-22.9891212],[-47.111261,-22.990201],[-47.1110138,-22.9909863],[-47.1106253,-22.9917061],[-47.1102367,-22.9922297],[-47.1098481,-22.9927532],[-47.1086777,-22.9937201],[-47.110682,-22.999804],[-47.1116888,-23.0023676],[-47.1140876,-23.0074734],[-47.1154183,-23.0099741],[-47.1175364,-23.014089]]]}},{"type":"Feature","properties":{"id":"nova-aparecida","nome":"Nova Aparecida","apg":10,"fonte_limite":"Prefeitura Municipal de Campinas - Portal de Metadados Geoespaciais, camada Historico de Populacao por APG","precisao":"Geometria oficial baixada em SHP e convertida para GeoJSON para uso no prototipo web","ID":10,"APG":"Nova Aparecida","NOME_COMPL":"APG NOVA APARECIDA","POP_2010":62920.0,"POP_2000":55423,"POP_1996":40145,"POP_1991":35295,"POP_1980":24174,"POP_1970":11690,"VAR_POPULA":51230,"VAR_PERC_P":218.1,"POP_2022":64499.0},"geometry":{"type":"Polygon","coordinates":[[[-47.1504209,-22.8220911],[-47.1500503,-22.8219067],[-47.1498281,-22.821883],[-47.1496341,-22.8219572],[-47.1493454,-22.8220986],[-47.1490778,-22.8222393],[-47.1486547,-22.8224121],[-47.1484927,-22.8225111],[-47.1484344,-22.8225223],[-47.1483042,-22.8225094],[-47.1482353,-22.8224761],[-47.1481513,-22.8223676],[-47.1480679,-22.8223043],[-47.1479163,-22.8222145],[-47.1477108,-22.8220268],[-47.1476273,-22.8219533],[-47.1475073,-22.8218955],[-47.1472548,-22.8217954],[-47.1470674,-22.8216889],[-47.1470093,-22.8215548],[-47.1469413,-22.8213071],[-47.1469022,-22.8211674],[-47.1468516,-22.8210594],[-47.1467347,-22.8208643],[-47.1466827,-22.8207907],[-47.146614,-22.8207269],[-47.1464681,-22.8206606],[-47.1462857,-22.8206497],[-47.1461612,-22.8206332],[-47.1460128,-22.8205763],[-47.1457657,-22.8204594],[-47.1456725,-22.820382],[-47.145573,-22.8203315],[-47.1454579,-22.820281],[-47.1453322,-22.8202472],[-47.1452652,-22.8202124],[-47.1452174,-22.8201314],[-47.1451481,-22.8200918],[-47.1450634,-22.8200829],[-47.1449399,-22.8201111],[-47.1448262,-22.8202036],[-47.1447407,-22.82029],[-47.1446836,-22.8204117],[-47.1445698,-22.8205577],[-47.1444565,-22.8206603],[-47.1443859,-22.8207605],[-47.1443302,-22.8208471],[-47.1443147,-22.8210242],[-47.1442796,-22.8212009],[-47.1442267,-22.8213356],[-47.1441487,-22.8214662],[-47.1440648,-22.8216107],[-47.1439128,-22.8217979],[-47.1437796,-22.8219414],[-47.1436125,-22.8220716],[-47.1432249,-22.8222711],[-47.1430161,-22.8223744],[-47.1427042,-22.8225071],[-47.1425027,-22.8226062],[-47.1424183,-22.8226743],[-47.1423794,-22.8227292],[-47.1423108,-22.8229016],[-47.1422243,-22.823067],[-47.1420713,-22.8231486],[-47.1419003,-22.8232158],[-47.1417292,-22.8232674],[-47.1416771,-22.8232978],[-47.141586,-22.8233503],[-47.1414773,-22.8234395],[-47.1412646,-22.8236141],[-47.1411405,-22.8237034],[-47.1408733,-22.8238974],[-47.1407528,-22.8239583],[-47.1406022,-22.82403],[-47.1404022,-22.8241537],[-47.1402366,-22.8242586],[-47.1401177,-22.8243843],[-47.1400342,-22.8245159],[-47.1399437,-22.8246483],[-47.1399196,-22.8247069],[-47.1398439,-22.8249092],[-47.1398301,-22.8250811],[-47.1398487,-22.825267],[-47.139886,-22.8254348],[-47.139985,-22.8256574],[-47.1396551,-22.8258011],[-47.1394102,-22.8257434],[-47.139102,-22.8258014],[-47.1387722,-22.8260056],[-47.1385271,-22.826187],[-47.1381795,-22.8263622],[-47.1378789,-22.8264631],[-47.1375536,-22.8265269],[-47.1370373,-22.8265351],[-47.1359933,-22.8264889],[-47.1354993,-22.8265179],[-47.135117,-22.8266924],[-47.1346456,-22.8269169],[-47.1345043,-22.8269917],[-47.1344437,-22.827077],[-47.1343461,-22.827133],[-47.1341811,-22.8271771],[-47.1341901,-22.8272167],[-47.1343541,-22.8279459],[-47.1354143,-22.8326302],[-47.1358242,-22.8344441],[-47.1359865,-22.8351619],[-47.13581,-22.8354976],[-47.1357475,-22.8356393],[-47.1356899,-22.8357769],[-47.1356991,-22.8359282],[-47.135685,-22.836023],[-47.1356979,-22.8361217],[-47.1357735,-22.836694],[-47.1358236,-22.8370884],[-47.1358579,-22.8371947],[-47.1359027,-22.8372588],[-47.1359287,-22.8373591],[-47.1359251,-22.8374216],[-47.1359295,-22.8375415],[-47.1359332,-22.8376744],[-47.1359489,-22.8377514],[-47.1359435,-22.8378736],[-47.1359212,-22.8380836],[-47.1358991,-22.8382601],[-47.1358518,-22.8384482],[-47.1357514,-22.8387242],[-47.1356764,-22.8389629],[-47.1355781,-22.8392366],[-47.1355049,-22.8394728],[-47.1354463,-22.8396051],[-47.1353556,-22.8397523],[-47.135303,-22.839845],[-47.1352358,-22.8401378],[-47.1351885,-22.8402989],[-47.1351095,-22.8404926],[-47.1350362,-22.8406221],[-47.1349355,-22.8407368],[-47.1348269,-22.8408045],[-47.1346419,-22.8408805],[-47.1345495,-22.8408965],[-47.1344419,-22.8408758],[-47.1343099,-22.8408076],[-47.1342085,-22.8407077],[-47.1341314,-22.8406347],[-47.1340396,-22.8405918],[-47.133949,-22.8405803],[-47.1338584,-22.8405877],[-47.1337751,-22.8406306],[-47.1336953,-22.8406923],[-47.1336287,-22.8407627],[-47.1335717,-22.8408516],[-47.133502,-22.8409327],[-47.1333596,-22.8410072],[-47.1332681,-22.8410208],[-47.133184,-22.8410181],[-47.1329776,-22.8410018],[-47.1328039,-22.8409862],[-47.1326924,-22.8410055],[-47.1323179,-22.8410973],[-47.1321455,-22.8412083],[-47.1320822,-22.8412544],[-47.1320321,-22.8413017],[-47.1319163,-22.8414615],[-47.1317903,-22.8416098],[-47.1316915,-22.8417025],[-47.1315912,-22.8417705],[-47.1314492,-22.8418166],[-47.1312814,-22.8418286],[-47.131112,-22.8418541],[-47.1309628,-22.8418978],[-47.1308417,-22.8419596],[-47.1307752,-22.842017],[-47.1306858,-22.8421069],[-47.1305431,-22.8422384],[-47.1304528,-22.8423335],[-47.1303479,-22.842459],[-47.1303085,-22.8425453],[-47.1302527,-22.8426322],[-47.1302255,-22.8426762],[-47.1301937,-22.8427081],[-47.1301518,-22.8427416],[-47.1300968,-22.8427692],[-47.1300518,-22.8427887],[-47.13,-22.8428003],[-47.1298749,-22.842804],[-47.1297358,-22.8428343],[-47.1293893,-22.8429166],[-47.1291317,-22.8429446],[-47.1289409,-22.8429393],[-47.1287596,-22.8429345],[-47.1286038,-22.8429626],[-47.1284098,-22.8430042],[-47.1282195,-22.8430503],[-47.1283157,-22.8431491],[-47.1283692,-22.843196],[-47.1284345,-22.8432389],[-47.1284923,-22.8432686],[-47.1285775,-22.8433112],[-47.1286247,-22.8433395],[-47.1286636,-22.8433571],[-47.1286897,-22.8433917],[-47.1287236,-22.8434338],[-47.1287581,-22.8434731],[-47.1287826,-22.8435275],[-47.1288215,-22.8435969],[-47.1288553,-22.8436867],[-47.1288633,-22.8437361],[-47.1288694,-22.843781],[-47.1288769,-22.8438432],[-47.1288706,-22.843944],[-47.1288415,-22.8440517],[-47.1288358,-22.8441338],[-47.1288471,-22.8441831],[-47.1288743,-22.8442121],[-47.1289059,-22.8442365],[-47.1289768,-22.8442805],[-47.1290245,-22.8443155],[-47.1290532,-22.8443469],[-47.1291131,-22.844408],[-47.1291458,-22.8444965],[-47.1291465,-22.8446188],[-47.1291154,-22.8447306],[-47.1290292,-22.8449002],[-47.1289353,-22.8450824],[-47.1288459,-22.8453064],[-47.1288107,-22.8454993],[-47.1287966,-22.8456514],[-47.1287939,-22.8458236],[-47.1288303,-22.8460611],[-47.1288946,-22.8463285],[-47.1289467,-22.8465202],[-47.129064,-22.8472835],[-47.1293179,-22.848252],[-47.1294491,-22.8489439],[-47.1295533,-22.8494969],[-47.1295848,-22.8495977],[-47.1296425,-22.8497135],[-47.1299554,-22.8503193],[-47.1302078,-22.8508338],[-47.1302621,-22.8510697],[-47.13027,-22.8511405],[-47.1302627,-22.8511975],[-47.1302435,-22.8512775],[-47.1302284,-22.8513423],[-47.130232,-22.8514323],[-47.1302872,-22.8517084],[-47.1303333,-22.8519302],[-47.1303503,-22.8521014],[-47.130379,-22.8522498],[-47.130416,-22.8524057],[-47.1304689,-22.8525444],[-47.1305426,-22.8527016],[-47.1306387,-22.8528718],[-47.1307081,-22.8530159],[-47.130818,-22.8531539],[-47.1309749,-22.8533045],[-47.1310614,-22.8533806],[-47.1311496,-22.8534321],[-47.1312727,-22.8534964],[-47.1314117,-22.8535492],[-47.1314836,-22.8535991],[-47.131529,-22.8536399],[-47.1315519,-22.8536717],[-47.131571,-22.8537279],[-47.131582,-22.8537786],[-47.1315859,-22.8538991],[-47.131585,-22.8539669],[-47.1316063,-22.8540398],[-47.1316379,-22.8541076],[-47.1316881,-22.8541898],[-47.1318313,-22.8544031],[-47.131958,-22.8546057],[-47.1321781,-22.854801],[-47.1322266,-22.8548637],[-47.1323072,-22.8550794],[-47.1323286,-22.8551811],[-47.1323391,-22.8554409],[-47.1323604,-22.855693],[-47.1323665,-22.8560854],[-47.132416,-22.856428],[-47.13251,-22.8568028],[-47.1326037,-22.857153],[-47.1328809,-22.8579586],[-47.1331174,-22.8589691],[-47.1335678,-22.860519],[-47.1336333,-22.8607613],[-47.1336583,-22.8609606],[-47.1336618,-22.8611446],[-47.1336621,-22.8615123],[-47.1336336,-22.861736],[-47.1336,-22.8618836],[-47.1335363,-22.8620617],[-47.1333925,-22.8624561],[-47.133256,-22.8627522],[-47.1328321,-22.8636761],[-47.1328014,-22.8639601],[-47.1328357,-22.8645527],[-47.1328027,-22.8651275],[-47.1329648,-22.8655926],[-47.1334129,-22.8663637],[-47.1296678,-22.869616],[-47.1280252,-22.871065],[-47.1259758,-22.8728346],[-47.1228785,-22.8755354],[-47.1208297,-22.877336],[-47.1188765,-22.8790561],[-47.1184333,-22.8794687],[-47.117839,-22.8800995],[-47.1167218,-22.8814243],[-47.1164185,-22.8818188],[-47.1159115,-22.8824983],[-47.1156667,-22.8828862],[-47.1155672,-22.8830553],[-47.1148807,-22.8841758],[-47.1142411,-22.8853561],[-47.1141694,-22.8854845],[-47.1140995,-22.8856139],[-47.1139126,-22.8860397],[-47.1138504,-22.8861723],[-47.11379,-22.8863057],[-47.1136966,-22.8865618],[-47.113642,-22.8866973],[-47.1135894,-22.8868334],[-47.1131959,-22.8879601],[-47.1122164,-22.8912175],[-47.1110318,-22.8951158],[-47.1105679,-22.8966287],[-47.1098879,-22.8988458],[-47.1102316,-22.8988558],[-47.1103693,-22.8988435],[-47.1105013,-22.8988119],[-47.1107927,-22.8987027],[-47.111201,-22.8985185],[-47.1114554,-22.898389],[-47.1117413,-22.8983533],[-47.1121756,-22.8983942],[-47.1131562,-22.8989856],[-47.1134757,-22.8991676],[-47.1137446,-22.8992928],[-47.1139662,-22.8993751],[-47.1141984,-22.8994458],[-47.1143884,-22.899493],[-47.1145668,-22.8995328],[-47.1148218,-22.8995713],[-47.1151695,-22.8995896],[-47.1157248,-22.8995786],[-47.1161812,-22.8995148],[-47.1169467,-22.8993695],[-47.1174895,-22.8992309],[-47.1181945,-22.8990219],[-47.1185793,-22.8988797],[-47.1190711,-22.8986669],[-47.1196085,-22.8983849],[-47.1208072,-22.8976433],[-47.1219812,-22.8969611],[-47.122248,-22.8967867],[-47.1225035,-22.8966023],[-47.1227543,-22.8964033],[-47.1230074,-22.8961762],[-47.123341,-22.8957793],[-47.1240018,-22.8949868],[-47.124312,-22.8946026],[-47.1244575,-22.8944264],[-47.1246304,-22.8942099],[-47.1248694,-22.8939443],[-47.1250619,-22.8937724],[-47.125225,-22.893641],[-47.1253951,-22.8935179],[-47.1255897,-22.8933935],[-47.12601,-22.893181],[-47.1263425,-22.8930571],[-47.1266371,-22.8929737],[-47.1269583,-22.8929115],[-47.1272294,-22.8928795],[-47.1277805,-22.8928677],[-47.1280478,-22.8928862],[-47.1284217,-22.8929432],[-47.1291989,-22.8931195],[-47.1302146,-22.8933244],[-47.1314964,-22.8936091],[-47.1317324,-22.8936542],[-47.1319265,-22.893664],[-47.1323417,-22.8936692],[-47.1327123,-22.8936579],[-47.1330163,-22.8936123],[-47.1333843,-22.8935257],[-47.1337425,-22.8934246],[-47.1339889,-22.8933295],[-47.1342401,-22.8932065],[-47.1345209,-22.8930526],[-47.1365716,-22.8919817],[-47.1371289,-22.8917138],[-47.1385638,-22.8909755],[-47.1402394,-22.8901704],[-47.1413529,-22.8895956],[-47.1427442,-22.8888773],[-47.1438932,-22.8882865],[-47.1444619,-22.8879884],[-47.1448745,-22.8877859],[-47.145675,-22.8874052],[-47.1463208,-22.8871296],[-47.1468054,-22.8869453],[-47.1475298,-22.8866841],[-47.1481858,-22.8864701],[-47.1489196,-22.8862764],[-47.1492716,-22.8861911],[-47.1496846,-22.8860883],[-47.1503502,-22.8859275],[-47.1514362,-22.8856519],[-47.1519309,-22.8855289],[-47.152418,-22.8854168],[-47.152769,-22.8853456],[-47.1530498,-22.8853069],[-47.1533705,-22.885277],[-47.153726,-22.8852627],[-47.1542469,-22.8852581],[-47.154802,-22.8852875],[-47.1553589,-22.8853154],[-47.1559649,-22.8853652],[-47.1565995,-22.8854444],[-47.1573223,-22.8855864],[-47.1576917,-22.8856751],[-47.1580532,-22.8857742],[-47.1580596,-22.8857599],[-47.1580739,-22.8857276],[-47.1580555,-22.8856754],[-47.1580156,-22.885624],[-47.1579198,-22.885457],[-47.1578762,-22.8854093],[-47.1577758,-22.8853261],[-47.1576849,-22.8852324],[-47.1575796,-22.8851528],[-47.1575412,-22.8851008],[-47.1574896,-22.8849841],[-47.1574786,-22.8849219],[-47.1574775,-22.8848588],[-47.1574987,-22.8846704],[-47.1575762,-22.8844211],[-47.1575787,-22.8843574],[-47.1575389,-22.884263],[-47.1574263,-22.8838795],[-47.1573283,-22.8836436],[-47.1572394,-22.8834731],[-47.1570996,-22.8832562],[-47.1570754,-22.8831972],[-47.1570672,-22.8831346],[-47.1570862,-22.8829462],[-47.1571398,-22.8828305],[-47.1571865,-22.8827119],[-47.1572823,-22.8825161],[-47.1572711,-22.8824676],[-47.1572427,-22.8823595],[-47.1572123,-22.8822359],[-47.1571288,-22.8819955],[-47.1571092,-22.881871],[-47.1571361,-22.8814928],[-47.1571721,-22.8811787],[-47.1572244,-22.8809956],[-47.1573657,-22.8807087],[-47.1575141,-22.8805789],[-47.1575849,-22.8804712],[-47.1576266,-22.8803512],[-47.1576894,-22.8799767],[-47.1577778,-22.8796067],[-47.157811,-22.8793561],[-47.1578249,-22.8792943],[-47.1578488,-22.8792352],[-47.1579544,-22.879073],[-47.1580343,-22.8788986],[-47.1580684,-22.878844],[-47.1582486,-22.8786546],[-47.1582794,-22.8785985],[-47.1582872,-22.8785361],[-47.1582762,-22.8784739],[-47.1582235,-22.8783576],[-47.1582145,-22.8782792],[-47.1581768,-22.8780929],[-47.1580967,-22.8777991],[-47.158085,-22.8774835],[-47.1580903,-22.8774205],[-47.1581323,-22.8772502],[-47.1581948,-22.877124],[-47.158249,-22.8770859],[-47.1583115,-22.877061],[-47.1584455,-22.8770381],[-47.1585753,-22.8770005],[-47.1587848,-22.8769564],[-47.1588319,-22.8769266],[-47.1588752,-22.876878],[-47.158907,-22.8768222],[-47.1589499,-22.8767023],[-47.1590052,-22.8765869],[-47.159088,-22.8762808],[-47.1591179,-22.8760935],[-47.1590962,-22.8759052],[-47.1590984,-22.875779],[-47.1590825,-22.8756536],[-47.1590376,-22.8755346],[-47.1589695,-22.8752219],[-47.1588315,-22.875073],[-47.1587034,-22.8749667],[-47.1584128,-22.8746199],[-47.1582327,-22.8744302],[-47.1581829,-22.8743872],[-47.1580646,-22.8743245],[-47.1579129,-22.8741978],[-47.1577525,-22.8740806],[-47.1576002,-22.8739542],[-47.157543,-22.873851],[-47.1575052,-22.8737711],[-47.1574086,-22.8736042],[-47.1572661,-22.8733341],[-47.1571892,-22.87323],[-47.1570609,-22.8730825],[-47.1568804,-22.8728144],[-47.156865,-22.8727763],[-47.1568328,-22.8726964],[-47.1568048,-22.8725728],[-47.1568068,-22.87251],[-47.156823,-22.8724486],[-47.1568395,-22.8722598],[-47.1568546,-22.8721344],[-47.1568378,-22.8720093],[-47.1567714,-22.87183],[-47.1567286,-22.8716451],[-47.1566746,-22.8715283],[-47.1566065,-22.8713576],[-47.1565212,-22.8712524],[-47.1564087,-22.8710942],[-47.1563078,-22.8708596],[-47.1562842,-22.8707016],[-47.1562798,-22.8706722],[-47.1562668,-22.8704969],[-47.1565629,-22.8684683],[-47.1566739,-22.8677795],[-47.1569204,-22.8660717],[-47.1573746,-22.8631145],[-47.1574991,-22.8621854],[-47.1576478,-22.8612651],[-47.1577296,-22.8609857],[-47.1578769,-22.860734],[-47.1578083,-22.8607242],[-47.1576915,-22.8607076],[-47.1574413,-22.8606768],[-47.1569692,-22.860614],[-47.1568353,-22.8605905],[-47.1567712,-22.8605691],[-47.1567147,-22.8605343],[-47.1566717,-22.8604855],[-47.1566097,-22.8603731],[-47.1565889,-22.860313],[-47.1565732,-22.8601874],[-47.1565293,-22.8600028],[-47.1565318,-22.859687],[-47.1565712,-22.8595013],[-47.1566384,-22.8593223],[-47.1566679,-22.8592653],[-47.1568342,-22.8590653],[-47.1568907,-22.8590304],[-47.157013,-22.8589748],[-47.1572478,-22.8588466],[-47.1574854,-22.8587227],[-47.1577059,-22.8585743],[-47.1580749,-22.8584108],[-47.1582535,-22.8583186],[-47.1584378,-22.858237],[-47.1584863,-22.8581927],[-47.1585212,-22.8581387],[-47.1585443,-22.8580793],[-47.1585774,-22.8578923],[-47.1586368,-22.8577113],[-47.1586608,-22.8575232],[-47.158737,-22.8573477],[-47.1588318,-22.8571799],[-47.1589422,-22.8570204],[-47.159074,-22.8568755],[-47.159258,-22.8566098],[-47.1594984,-22.8563865],[-47.1597059,-22.856136],[-47.1599045,-22.8559629],[-47.1600291,-22.855813],[-47.1601679,-22.8555955],[-47.1602564,-22.8554995],[-47.1606687,-22.8551687],[-47.1607242,-22.855132],[-47.1609096,-22.8550526],[-47.1610765,-22.8549432],[-47.1612296,-22.8548177],[-47.1617532,-22.8545215],[-47.1618695,-22.8544556],[-47.1621313,-22.8542537],[-47.1624216,-22.8540881],[-47.1625243,-22.8540053],[-47.1626146,-22.8539107],[-47.1627255,-22.8538376],[-47.1627643,-22.8537864],[-47.1627729,-22.8537243],[-47.1627496,-22.8536654],[-47.1626734,-22.8535609],[-47.1625815,-22.8533917],[-47.1622732,-22.8529747],[-47.1620793,-22.8527976],[-47.1619094,-22.8526],[-47.1618367,-22.8524932],[-47.1617423,-22.8524023],[-47.1616393,-22.8523196],[-47.1613982,-22.8520139],[-47.1612595,-22.8518746],[-47.1611628,-22.8517856],[-47.1609245,-22.8514779],[-47.1607593,-22.8512771],[-47.1599043,-22.8503757],[-47.159782,-22.8502241],[-47.1596827,-22.8501375],[-47.1596022,-22.8500357],[-47.1595771,-22.8499948],[-47.1594676,-22.849816],[-47.1593886,-22.8497134],[-47.1593721,-22.8496524],[-47.1593828,-22.8495267],[-47.159405,-22.8494672],[-47.1595352,-22.849322],[-47.159542,-22.8492921],[-47.1594988,-22.8491419],[-47.1593334,-22.8488658],[-47.159125,-22.8486162],[-47.1590153,-22.8484565],[-47.1588416,-22.8482617],[-47.1585843,-22.8479673],[-47.1582184,-22.8476839],[-47.1580404,-22.8474927],[-47.1578938,-22.8473605],[-47.1576302,-22.8470707],[-47.1574687,-22.8468671],[-47.1573818,-22.8466959],[-47.1573248,-22.8465811],[-47.1571647,-22.8463768],[-47.1570712,-22.8462084],[-47.156906,-22.8460075],[-47.1566633,-22.8456305],[-47.1566397,-22.8455716],[-47.1565821,-22.8451965],[-47.1565938,-22.8450708],[-47.1566397,-22.8448218],[-47.1566489,-22.8447592],[-47.156672,-22.8447001],[-47.1567375,-22.8445893],[-47.1568465,-22.8442902],[-47.1569163,-22.8441123],[-47.1569591,-22.843927],[-47.1570558,-22.8436244],[-47.1573647,-22.8430665],[-47.1577396,-22.8425622],[-47.1578686,-22.8422054],[-47.1578714,-22.8420972],[-47.1578016,-22.8418896],[-47.1576737,-22.8416608],[-47.1574207,-22.8413668],[-47.1572097,-22.8411104],[-47.157162,-22.8410068],[-47.1571899,-22.8408194],[-47.1573054,-22.8403254],[-47.1575408,-22.8398696],[-47.1577718,-22.8395572],[-47.1578308,-22.8394434],[-47.1579675,-22.8390861],[-47.1580102,-22.8389009],[-47.1581202,-22.8383415],[-47.1581834,-22.8381614],[-47.1582417,-22.8379145],[-47.1582795,-22.8376007],[-47.1582291,-22.8372889],[-47.1582226,-22.837067],[-47.1582023,-22.8369741],[-47.1581155,-22.8368348],[-47.1578123,-22.8365192],[-47.157323,-22.8359928],[-47.1571802,-22.8357777],[-47.1570881,-22.8356849],[-47.1568929,-22.8355086],[-47.1567733,-22.835355],[-47.1567245,-22.8353109],[-47.1563804,-22.8351068],[-47.1562126,-22.8349984],[-47.1561529,-22.8349683],[-47.156021,-22.8349374],[-47.1558169,-22.8349282],[-47.1556806,-22.8349267],[-47.1556133,-22.834917],[-47.155488,-22.834868],[-47.1552718,-22.834752],[-47.1551932,-22.8347097],[-47.1550694,-22.8346512],[-47.1549584,-22.8345807],[-47.1548122,-22.8344501],[-47.1545008,-22.8342045],[-47.1544168,-22.8341053],[-47.154247,-22.8338226],[-47.1537878,-22.8333867],[-47.1535796,-22.8329827],[-47.1535732,-22.832576],[-47.1537124,-22.8320178],[-47.153812,-22.8314338],[-47.1538166,-22.8310932],[-47.1538943,-22.8306804],[-47.1540739,-22.8303064],[-47.1542776,-22.8300451],[-47.1549736,-22.8294828],[-47.1549632,-22.8294735],[-47.1554034,-22.8288558],[-47.155911,-22.8282602],[-47.1567118,-22.8275306],[-47.1572126,-22.8269226],[-47.1575509,-22.8266547],[-47.1577474,-22.8263966],[-47.1579352,-22.8261269],[-47.1580972,-22.825811],[-47.1582921,-22.8254522],[-47.1584574,-22.8251317],[-47.1585776,-22.8247946],[-47.1584822,-22.824261],[-47.158207,-22.8237691],[-47.1580587,-22.8228341],[-47.1579984,-22.8219212],[-47.1581367,-22.8214275],[-47.1582653,-22.8211775],[-47.1583201,-22.821044],[-47.1581527,-22.8211552],[-47.1579924,-22.8212015],[-47.1578443,-22.8210962],[-47.1577514,-22.8209985],[-47.1576017,-22.8208487],[-47.1575454,-22.8208147],[-47.1574833,-22.8207896],[-47.1572728,-22.8208122],[-47.1569999,-22.8208097],[-47.1567967,-22.8207714],[-47.1566694,-22.8207718],[-47.1565728,-22.8208347],[-47.1564927,-22.820914],[-47.1563568,-22.8210771],[-47.1562414,-22.821154],[-47.156115,-22.821208],[-47.1559172,-22.8213263],[-47.1556079,-22.8215411],[-47.1553817,-22.8217075],[-47.1553134,-22.8217543],[-47.155236,-22.8218002],[-47.1549755,-22.8219069],[-47.1547214,-22.8219689],[-47.1545398,-22.8219974],[-47.1544125,-22.8220287],[-47.1542038,-22.822072],[-47.1540125,-22.82226],[-47.1539075,-22.8224182],[-47.1538512,-22.8224641],[-47.1537828,-22.8224934],[-47.1537069,-22.8224696],[-47.1536486,-22.8224236],[-47.1535047,-22.8222597],[-47.153385,-22.8221655],[-47.153333,-22.8221046],[-47.1532493,-22.822091],[-47.1531141,-22.8221048],[-47.1526169,-22.8221155],[-47.1524229,-22.8221031],[-47.1522829,-22.822077],[-47.1520045,-22.8219496],[-47.1518917,-22.8219231],[-47.1517806,-22.8219107],[-47.1517001,-22.8219346],[-47.1515979,-22.821976],[-47.1514102,-22.8220587],[-47.1511165,-22.8220985],[-47.1508775,-22.8220983],[-47.1504209,-22.8220911]]]}},{"type":"Feature","properties":{"id":"bar\u00e3o-geraldo","nome":"Bar\u00e3o Geraldo","apg":2,"fonte_limite":"Prefeitura Municipal de Campinas - Portal de Metadados Geoespaciais, camada Historico de Populacao por APG","precisao":"Geometria oficial baixada em SHP e convertida para GeoJSON para uso no prototipo web","ID":2,"APG":"Bar\u00e3o Geraldo","NOME_COMPL":"APG BARAO GERALDO","POP_2010":44043.0,"POP_2000":37789,"POP_1996":32468,"POP_1991":33144,"POP_1980":19138,"POP_1970":4360,"VAR_POPULA":28784,"VAR_PERC_P":445.06,"POP_2022":45430.0},"geometry":{"type":"Polygon","coordinates":[[[-47.0713398,-22.7307329],[-47.0712555,-22.7306603],[-47.0711917,-22.7306053],[-47.0710209,-22.730475],[-47.0707848,-22.7303274],[-47.0705618,-22.7301797],[-47.0703441,-22.730081],[-47.0701076,-22.7300112],[-47.0697976,-22.7298688],[-47.0696268,-22.72977],[-47.069444,-22.7297061],[-47.0691879,-22.7296361],[-47.0689309,-22.7296187],[-47.0686991,-22.729658],[-47.0685335,-22.7297361],[-47.0684345,-22.7298077],[-47.0683448,-22.7299228],[-47.0682301,-22.7301858],[-47.0682063,-22.7303306],[-47.0681981,-22.7305231],[-47.0682073,-22.7306922],[-47.068234,-22.7308847],[-47.0682517,-22.7310531],[-47.0682783,-22.7312274],[-47.0683064,-22.7313718],[-47.0683081,-22.7314862],[-47.0682928,-22.731631],[-47.0682474,-22.7317701],[-47.0681517,-22.7318889],[-47.0680479,-22.7320254],[-47.0679216,-22.7321389],[-47.0678058,-22.7322066],[-47.0676436,-22.7322208],[-47.0674876,-22.7322108],[-47.0673375,-22.7321645],[-47.0671677,-22.7321004],[-47.0669022,-22.7319352],[-47.0667058,-22.7318353],[-47.0665487,-22.7317649],[-47.066464,-22.731736],[-47.0662955,-22.7317128],[-47.066146,-22.7317264],[-47.0660046,-22.7317773],[-47.0658561,-22.7318613],[-47.0656983,-22.7320036],[-47.0656384,-22.732078],[-47.0655999,-22.7321568],[-47.0655626,-22.7322658],[-47.0655927,-22.7324211],[-47.065663,-22.7326003],[-47.0657141,-22.7327542],[-47.0657327,-22.7330235],[-47.0657106,-22.7331667],[-47.0656257,-22.7335519],[-47.0655773,-22.7336725],[-47.0654693,-22.7338426],[-47.0653544,-22.7339713],[-47.0653544,-22.7339714],[-47.0651513,-22.7339993],[-47.0650023,-22.733974],[-47.0648243,-22.7339103],[-47.0645097,-22.7337404],[-47.0643398,-22.7336704],[-47.0641112,-22.7335829],[-47.0639094,-22.7335554],[-47.063663,-22.7335826],[-47.0633974,-22.7336343],[-47.0631711,-22.7336975],[-47.062958,-22.7336818],[-47.0627517,-22.7336656],[-47.062533,-22.7336625],[-47.0623936,-22.733691],[-47.0622176,-22.7337247],[-47.0620553,-22.7338185],[-47.0619311,-22.7339137],[-47.0618178,-22.7340035],[-47.0616921,-22.7341328],[-47.0616193,-22.7342699],[-47.061585,-22.7344254],[-47.0615959,-22.7345576],[-47.0617,-22.7347806],[-47.0617867,-22.7349628],[-47.0618262,-22.7350507],[-47.0618133,-22.7352608],[-47.0617136,-22.735408],[-47.0616256,-22.7355132],[-47.0614554,-22.7356257],[-47.0613195,-22.7356832],[-47.0611612,-22.7357331],[-47.0609941,-22.7357524],[-47.0608151,-22.7357282],[-47.0605422,-22.735639],[-47.0603266,-22.735549],[-47.0600966,-22.7354591],[-47.0600077,-22.7354292],[-47.0598393,-22.7353676],[-47.0596365,-22.7353105],[-47.059296,-22.7352364],[-47.0589427,-22.7352152],[-47.0587541,-22.7352258],[-47.0585106,-22.7352906],[-47.0582996,-22.7353678],[-47.0581229,-22.7354829],[-47.0580173,-22.735632],[-47.0579747,-22.7357782],[-47.0579563,-22.7359856],[-47.0580563,-22.7361243],[-47.0582129,-22.7361895],[-47.0586013,-22.73631],[-47.0588175,-22.7364147],[-47.0589696,-22.7365284],[-47.0591528,-22.7367133],[-47.0592278,-22.7368477],[-47.0592955,-22.7370621],[-47.0593542,-22.7372565],[-47.0593919,-22.7374772],[-47.0593652,-22.7376966],[-47.0593032,-22.7378608],[-47.0592201,-22.7380531],[-47.0591203,-22.7382736],[-47.0590536,-22.73841],[-47.058801,-22.7387043],[-47.0586166,-22.7388013],[-47.0583039,-22.738814],[-47.058092,-22.7387351],[-47.0579403,-22.7386454],[-47.0578013,-22.7385475],[-47.057667,-22.7384577],[-47.0575197,-22.7383839],[-47.0573109,-22.7383595],[-47.0570478,-22.738407],[-47.0568359,-22.7384764],[-47.0566371,-22.7385671],[-47.0564844,-22.7386319],[-47.0563062,-22.7386704],[-47.0561306,-22.7387046],[-47.0559221,-22.7387356],[-47.0557315,-22.7387314],[-47.0555502,-22.7386796],[-47.0553915,-22.7385387],[-47.0552641,-22.7383571],[-47.0552144,-22.7381864],[-47.0551901,-22.7380035],[-47.055187,-22.7377922],[-47.0551744,-22.7375275],[-47.0551537,-22.7372887],[-47.0551252,-22.7371138],[-47.0550489,-22.7368876],[-47.0549776,-22.7367132],[-47.0548181,-22.736534],[-47.0546918,-22.7364201],[-47.0545443,-22.7363183],[-47.0543841,-22.7362368],[-47.0541942,-22.7361834],[-47.0539747,-22.7361465],[-47.0538113,-22.7361405],[-47.0536101,-22.736187],[-47.0534222,-22.7362571],[-47.0532471,-22.7363271],[-47.053107,-22.7364365],[-47.0529373,-22.7365861],[-47.0527885,-22.7366836],[-47.0525967,-22.7367817],[-47.0523826,-22.7368283],[-47.0521619,-22.736863],[-47.0519168,-22.7369494],[-47.0517824,-22.7370714],[-47.0516753,-22.7372278],[-47.0515979,-22.7374027],[-47.0515377,-22.7375936],[-47.0514812,-22.7377676],[-47.0514543,-22.7379431],[-47.0514429,-22.7381614],[-47.0514594,-22.7383921],[-47.0514628,-22.7385366],[-47.051447,-22.7386857],[-47.0513452,-22.7388964],[-47.0512532,-22.7390295],[-47.0511684,-22.7390871],[-47.0508316,-22.7393703],[-47.0504872,-22.7395857],[-47.0501127,-22.7398714],[-47.0498545,-22.7400187],[-47.0496031,-22.7400891],[-47.0494288,-22.7400956],[-47.0492525,-22.7400859],[-47.0489745,-22.7400144],[-47.0488165,-22.7398923],[-47.0487195,-22.7397741],[-47.0485958,-22.739581],[-47.0484924,-22.7393864],[-47.0483906,-22.7391845],[-47.0482685,-22.7389978],[-47.0480857,-22.7387519],[-47.0479398,-22.738568],[-47.0478043,-22.7384295],[-47.0476107,-22.7383071],[-47.0474364,-22.7382277],[-47.0472416,-22.7381967],[-47.0470717,-22.7381914],[-47.046871,-22.7382089],[-47.0466607,-22.7382478],[-47.0465837,-22.7382733],[-47.0463831,-22.7383596],[-47.0461775,-22.7384021],[-47.0459504,-22.7384408],[-47.045779,-22.738467],[-47.0455988,-22.7384812],[-47.0453926,-22.7384838],[-47.0452075,-22.7384624],[-47.0449337,-22.73839],[-47.0446919,-22.7383095],[-47.0444627,-22.7382088],[-47.0442853,-22.7381195],[-47.044108,-22.7380381],[-47.0439111,-22.7379389],[-47.0437292,-22.7378377],[-47.0435337,-22.7376929],[-47.0433556,-22.7375596],[-47.0431857,-22.7374063],[-47.0429814,-22.7372377],[-47.0428069,-22.7370605],[-47.0426587,-22.736915],[-47.0425056,-22.7367277],[-47.0423999,-22.7365617],[-47.0423074,-22.7363996],[-47.0422017,-22.7362216],[-47.0421088,-22.7360435],[-47.0420329,-22.7358533],[-47.0419298,-22.7357011],[-47.0417683,-22.7355358],[-47.0416122,-22.7354263],[-47.0414607,-22.7353565],[-47.0412876,-22.7352749],[-47.0410975,-22.7351897],[-47.0408555,-22.7350972],[-47.0406998,-22.7350275],[-47.04051,-22.7349662],[-47.0403132,-22.734879],[-47.04011,-22.7347899],[-47.0398723,-22.7346934],[-47.0395954,-22.7345575],[-47.0394007,-22.7344643],[-47.0391367,-22.7343401],[-47.0388643,-22.7342082],[-47.0386048,-22.734092],[-47.0382831,-22.7339899],[-47.0380042,-22.7338794],[-47.0378123,-22.7337973],[-47.0375528,-22.733685],[-47.0372367,-22.7336931],[-47.0369013,-22.7336768],[-47.0365541,-22.7335887],[-47.0363797,-22.7335127],[-47.0360513,-22.7333814],[-47.0357745,-22.7332495],[-47.0355492,-22.7331169],[-47.0353407,-22.7329681],[-47.0351808,-22.7328985],[-47.0349789,-22.7328971],[-47.0347543,-22.7329637],[-47.034545,-22.733042],[-47.0344512,-22.733087],[-47.0342646,-22.733242],[-47.0340773,-22.7333627],[-47.0338601,-22.733485],[-47.0336213,-22.7336077],[-47.033365,-22.7337026],[-47.0331187,-22.7337535],[-47.0328778,-22.7337207],[-47.0326402,-22.7336401],[-47.0324882,-22.7335224],[-47.0323651,-22.7333288],[-47.0322211,-22.7331793],[-47.0320894,-22.7329857],[-47.0319786,-22.7327559],[-47.0318844,-22.7324842],[-47.0317909,-22.7322663],[-47.0316467,-22.7320967],[-47.0315119,-22.7319909],[-47.0313328,-22.7319354],[-47.0311051,-22.7319264],[-47.0308909,-22.731962],[-47.0306514,-22.7320317],[-47.0304118,-22.7320985],[-47.0301597,-22.7321973],[-47.0299209,-22.7323079],[-47.0296458,-22.7324409],[-47.0294324,-22.7325313],[-47.0291418,-22.7326345],[-47.0289068,-22.7327252],[-47.0286421,-22.7328322],[-47.0283512,-22.7329116],[-47.0281037,-22.7330223],[-47.0278195,-22.7331255],[-47.0275848,-22.7332282],[-47.027333,-22.7333389],[-47.0270899,-22.7334576],[-47.0269066,-22.7335535],[-47.0267317,-22.7336314],[-47.0265183,-22.7337258],[-47.026188,-22.7339013],[-47.0259108,-22.7340362],[-47.0256078,-22.7341757],[-47.0253647,-22.7342942],[-47.0252157,-22.7343838],[-47.024963,-22.7344308],[-47.0247486,-22.7344654],[-47.0244545,-22.7344651],[-47.0242134,-22.7344283],[-47.0239623,-22.734304],[-47.0237544,-22.7341832],[-47.0235866,-22.7341615],[-47.0233684,-22.7342199],[-47.0232327,-22.7343412],[-47.0230741,-22.7345085],[-47.022977,-22.7346293],[-47.0229239,-22.7348093],[-47.0228319,-22.7349857],[-47.0227316,-22.7351703],[-47.0226358,-22.7353787],[-47.0225443,-22.7355831],[-47.0224174,-22.7357181],[-47.0222996,-22.735883],[-47.0221436,-22.7360803],[-47.0220084,-22.7362374],[-47.021856,-22.7363947],[-47.0216819,-22.7365324],[-47.0214778,-22.7366664],[-47.0213605,-22.7367177],[-47.0211037,-22.7367888],[-47.0208809,-22.7368235],[-47.0206193,-22.7368507],[-47.0203488,-22.7368581],[-47.0201168,-22.736861],[-47.01987,-22.7368761],[-47.0196299,-22.736907],[-47.01942,-22.7369416],[-47.0191415,-22.7369929],[-47.0189445,-22.7370353],[-47.0187133,-22.7370899],[-47.0184611,-22.7371689],[-47.0182213,-22.7372197],[-47.0180351,-22.7372619],[-47.0178938,-22.7372915],[-47.0177525,-22.7373292],[-47.0175729,-22.7373872],[-47.0175591,-22.7373926],[-47.0179223,-22.7385729],[-47.0183922,-22.7400116],[-47.019493,-22.7434307],[-47.0196626,-22.7441924],[-47.0198076,-22.7450721],[-47.0202893,-22.7500374],[-47.0213863,-22.762278],[-47.0214737,-22.7638353],[-47.0220833,-22.7695267],[-47.0223994,-22.7740646],[-47.0225311,-22.7751256],[-47.0227128,-22.7759803],[-47.0230986,-22.7770773],[-47.0236085,-22.7779865],[-47.0265129,-22.782269],[-47.0295627,-22.7866608],[-47.0300534,-22.7873673],[-47.0306866,-22.7885051],[-47.0311796,-22.7896301],[-47.0316989,-22.7910274],[-47.0319453,-22.7922451],[-47.0324255,-22.7977847],[-47.0326816,-22.8009793],[-47.0329544,-22.8042521],[-47.0330655,-22.8057774],[-47.0332109,-22.8065041],[-47.0336873,-22.8081862],[-47.0344399,-22.8106382],[-47.0353185,-22.8135631],[-47.0362257,-22.8165865],[-47.0367126,-22.8182346],[-47.0374206,-22.8216571],[-47.037438,-22.8223946],[-47.0373365,-22.8230061],[-47.0371148,-22.8236587],[-47.0368139,-22.8242381],[-47.036377,-22.8247987],[-47.0354706,-22.8258764],[-47.0341171,-22.8276001],[-47.0338297,-22.828027],[-47.0336336,-22.8283949],[-47.033417,-22.8288307],[-47.0331984,-22.829369],[-47.0330559,-22.8298784],[-47.0328975,-22.8306028],[-47.0328175,-22.831297],[-47.0327974,-22.8319775],[-47.032829,-22.8323007],[-47.0328759,-22.8328912],[-47.03305,-22.8335701],[-47.0331339,-22.8338687],[-47.0333377,-22.8344036],[-47.0335165,-22.8348199],[-47.0359592,-22.8394428],[-47.0362357,-22.8400037],[-47.0367042,-22.8412315],[-47.0370214,-22.8418911],[-47.0376062,-22.8428102],[-47.0385358,-22.8441813],[-47.0410254,-22.8440753],[-47.0435355,-22.8440168],[-47.0443607,-22.8439587],[-47.0451106,-22.8439148],[-47.0458043,-22.8438055],[-47.0464235,-22.8436732],[-47.0472335,-22.8435005],[-47.0506791,-22.842571],[-47.0511465,-22.8424562],[-47.0517083,-22.8423447],[-47.0522978,-22.8422606],[-47.0531244,-22.8421587],[-47.053997,-22.8421024],[-47.0548581,-22.8421071],[-47.0555764,-22.8421418],[-47.0562838,-22.8422201],[-47.0599568,-22.8427035],[-47.0698602,-22.8439896],[-47.0754499,-22.8447189],[-47.0766672,-22.8449179],[-47.077676,-22.845038],[-47.0784381,-22.8451614],[-47.0791323,-22.8452261],[-47.0843289,-22.8459472],[-47.0890264,-22.8465701],[-47.091996,-22.8470693],[-47.0968656,-22.8480895],[-47.1004678,-22.8488184],[-47.1035498,-22.8494582],[-47.1037255,-22.849188],[-47.1039401,-22.8490199],[-47.104283,-22.8486994],[-47.104729,-22.8480409],[-47.1048215,-22.8475362],[-47.1049124,-22.8471315],[-47.1050131,-22.8465964],[-47.1050843,-22.8462866],[-47.1054882,-22.845537],[-47.105792,-22.8451905],[-47.1062416,-22.8449319],[-47.1067314,-22.844685],[-47.1069387,-22.8446298],[-47.1069529,-22.844626],[-47.107514,-22.8445228],[-47.1081262,-22.8444655],[-47.1087278,-22.8444588],[-47.1100918,-22.8444817],[-47.1114181,-22.8444863],[-47.1125629,-22.8445029],[-47.1127675,-22.844481],[-47.1129607,-22.8443963],[-47.1138098,-22.8438994],[-47.1145446,-22.843482],[-47.1149469,-22.8432345],[-47.1154015,-22.8429301],[-47.115673,-22.8426551],[-47.1159847,-22.841913],[-47.1163579,-22.8419513],[-47.1164167,-22.8422062],[-47.1165374,-22.8428417],[-47.1168905,-22.8434068],[-47.1171498,-22.8436253],[-47.1175863,-22.8439392],[-47.1181156,-22.8442688],[-47.1184913,-22.8437886],[-47.1188251,-22.8433429],[-47.1189718,-22.8432011],[-47.1190471,-22.8431188],[-47.1191095,-22.8430228],[-47.1191954,-22.8427921],[-47.119344,-22.8423745],[-47.1194674,-22.8419213],[-47.1195633,-22.841571],[-47.1196013,-22.8413844],[-47.1196195,-22.8412917],[-47.1196235,-22.8411991],[-47.1196387,-22.8410092],[-47.1196511,-22.8409051],[-47.1196963,-22.8408149],[-47.1197484,-22.840753],[-47.1198517,-22.8406496],[-47.1199602,-22.8405853],[-47.1201118,-22.8405136],[-47.1203244,-22.8403758],[-47.1204137,-22.8403309],[-47.1204634,-22.8403244],[-47.1205232,-22.8403411],[-47.120819,-22.840489],[-47.121088,-22.8406586],[-47.1213714,-22.8408216],[-47.1216835,-22.8409536],[-47.1220247,-22.8411045],[-47.1225521,-22.8413261],[-47.1227739,-22.8414093],[-47.1230043,-22.8415213],[-47.1231608,-22.8415952],[-47.1233631,-22.8416469],[-47.1236981,-22.8417497],[-47.1239126,-22.8418097],[-47.1240374,-22.8418486],[-47.1241346,-22.841876],[-47.1242171,-22.8419307],[-47.124293,-22.8419994],[-47.124369,-22.8421017],[-47.1244672,-22.842235],[-47.1247028,-22.8424915],[-47.1247842,-22.842548],[-47.1250595,-22.842639],[-47.1251503,-22.8426711],[-47.1252502,-22.8427181],[-47.1253807,-22.8427906],[-47.1255698,-22.842885],[-47.1256384,-22.8429025],[-47.125721,-22.8429237],[-47.1259527,-22.8430061],[-47.1260342,-22.8430243],[-47.1261457,-22.8430275],[-47.1262034,-22.8430182],[-47.1262598,-22.8430008],[-47.1264686,-22.8429087],[-47.1265955,-22.8428711],[-47.1267789,-22.8428232],[-47.1268586,-22.8428242],[-47.1269361,-22.8428328],[-47.1272324,-22.8428615],[-47.1274807,-22.842901],[-47.1276593,-22.8429397],[-47.127813,-22.8429836],[-47.1280287,-22.8430387],[-47.1281362,-22.8430501],[-47.1282195,-22.8430503],[-47.1284098,-22.8430042],[-47.1286038,-22.8429626],[-47.1287596,-22.8429345],[-47.1289409,-22.8429393],[-47.1291317,-22.8429446],[-47.1293893,-22.8429166],[-47.1297358,-22.8428343],[-47.1298749,-22.842804],[-47.13,-22.8428003],[-47.1300518,-22.8427887],[-47.1300968,-22.8427692],[-47.1301518,-22.8427416],[-47.1301937,-22.8427081],[-47.1302255,-22.8426762],[-47.1302527,-22.8426322],[-47.1303085,-22.8425453],[-47.1303479,-22.842459],[-47.1304528,-22.8423335],[-47.1305431,-22.8422384],[-47.1306858,-22.8421069],[-47.1307752,-22.842017],[-47.1308417,-22.8419596],[-47.1309628,-22.8418978],[-47.131112,-22.8418541],[-47.1312814,-22.8418286],[-47.1314492,-22.8418166],[-47.1315912,-22.8417705],[-47.1316915,-22.8417025],[-47.1317903,-22.8416098],[-47.1319163,-22.8414615],[-47.1320321,-22.8413017],[-47.1320822,-22.8412544],[-47.1321455,-22.8412083],[-47.1323179,-22.8410973],[-47.1326924,-22.8410055],[-47.1328039,-22.8409862],[-47.1329776,-22.8410018],[-47.133184,-22.8410181],[-47.1332681,-22.8410208],[-47.1333596,-22.8410072],[-47.133502,-22.8409327],[-47.1335717,-22.8408516],[-47.1336287,-22.8407627],[-47.1336953,-22.8406923],[-47.1337751,-22.8406306],[-47.1338584,-22.8405877],[-47.133949,-22.8405803],[-47.1340396,-22.8405918],[-47.1341314,-22.8406347],[-47.1342085,-22.8407077],[-47.1343099,-22.8408076],[-47.1344419,-22.8408758],[-47.1345495,-22.8408965],[-47.1346419,-22.8408805],[-47.1348269,-22.8408045],[-47.1349355,-22.8407368],[-47.1350362,-22.8406221],[-47.1351095,-22.8404926],[-47.1351885,-22.8402989],[-47.1352358,-22.8401378],[-47.135303,-22.839845],[-47.1353556,-22.8397523],[-47.1354463,-22.8396051],[-47.1355049,-22.8394728],[-47.1355781,-22.8392366],[-47.1356764,-22.8389629],[-47.1357514,-22.8387242],[-47.1358518,-22.8384482],[-47.1358991,-22.8382601],[-47.1359212,-22.8380836],[-47.1359435,-22.8378736],[-47.1359489,-22.8377514],[-47.1359332,-22.8376744],[-47.1359295,-22.8375415],[-47.1359251,-22.8374216],[-47.1359287,-22.8373591],[-47.1359027,-22.8372588],[-47.1358579,-22.8371947],[-47.1358236,-22.8370884],[-47.1357735,-22.836694],[-47.1356979,-22.8361217],[-47.135685,-22.836023],[-47.1356991,-22.8359282],[-47.1356899,-22.8357769],[-47.1357475,-22.8356393],[-47.13581,-22.8354976],[-47.1359865,-22.8351619],[-47.1358242,-22.8344441],[-47.1354143,-22.8326302],[-47.1343541,-22.8279459],[-47.1341901,-22.8272167],[-47.1341811,-22.8271771],[-47.1343461,-22.827133],[-47.1344437,-22.827077],[-47.1345043,-22.8269917],[-47.1346456,-22.8269169],[-47.135117,-22.8266924],[-47.1354993,-22.8265179],[-47.1359933,-22.8264889],[-47.1370373,-22.8265351],[-47.1375536,-22.8265269],[-47.1378789,-22.8264631],[-47.1381795,-22.8263622],[-47.1385271,-22.826187],[-47.1387722,-22.8260056],[-47.139102,-22.8258014],[-47.1394102,-22.8257434],[-47.1396551,-22.8258011],[-47.139985,-22.8256574],[-47.139886,-22.8254348],[-47.1398487,-22.825267],[-47.1398301,-22.8250811],[-47.1398439,-22.8249092],[-47.1399196,-22.8247069],[-47.1399437,-22.8246483],[-47.1400342,-22.8245159],[-47.1401177,-22.8243843],[-47.1402366,-22.8242586],[-47.1404022,-22.8241537],[-47.1406022,-22.82403],[-47.1407528,-22.8239583],[-47.1408733,-22.8238974],[-47.1411405,-22.8237034],[-47.1412646,-22.8236141],[-47.1414773,-22.8234395],[-47.141586,-22.8233503],[-47.1416771,-22.8232978],[-47.1417292,-22.8232674],[-47.1419003,-22.8232158],[-47.1420713,-22.8231486],[-47.1422243,-22.823067],[-47.1423108,-22.8229016],[-47.1423794,-22.8227292],[-47.1424183,-22.8226743],[-47.1425027,-22.8226062],[-47.1427042,-22.8225071],[-47.1430161,-22.8223744],[-47.1432249,-22.8222711],[-47.1436125,-22.8220716],[-47.1437796,-22.8219414],[-47.1439128,-22.8217979],[-47.1440648,-22.8216107],[-47.1441487,-22.8214662],[-47.1442267,-22.8213356],[-47.1442796,-22.8212009],[-47.1443147,-22.8210242],[-47.1443302,-22.8208471],[-47.1443859,-22.8207605],[-47.1444565,-22.8206603],[-47.1445698,-22.8205577],[-47.1446836,-22.8204117],[-47.1447407,-22.82029],[-47.1448262,-22.8202036],[-47.1449399,-22.8201111],[-47.1450634,-22.8200829],[-47.1451481,-22.8200918],[-47.1452174,-22.8201314],[-47.1452652,-22.8202124],[-47.1453322,-22.8202472],[-47.1454579,-22.820281],[-47.145573,-22.8203315],[-47.1456725,-22.820382],[-47.1457657,-22.8204594],[-47.1460128,-22.8205763],[-47.1461612,-22.8206332],[-47.1462857,-22.8206497],[-47.1464681,-22.8206606],[-47.146614,-22.8207269],[-47.1466827,-22.8207907],[-47.1467347,-22.8208643],[-47.1468516,-22.8210594],[-47.1469022,-22.8211674],[-47.1469413,-22.8213071],[-47.1470093,-22.8215548],[-47.1470674,-22.8216889],[-47.1472548,-22.8217954],[-47.1475073,-22.8218955],[-47.1476273,-22.8219533],[-47.1477108,-22.8220268],[-47.1479163,-22.8222145],[-47.1480679,-22.8223043],[-47.1481513,-22.8223676],[-47.1482353,-22.8224761],[-47.1483042,-22.8225094],[-47.1484344,-22.8225223],[-47.1484927,-22.8225111],[-47.1486547,-22.8224121],[-47.1490778,-22.8222393],[-47.1493454,-22.8220986],[-47.1496341,-22.8219572],[-47.149828,-22.821883],[-47.1500503,-22.8219067],[-47.1504208,-22.8220912],[-47.1508775,-22.8220983],[-47.1511165,-22.8220985],[-47.1514102,-22.8220587],[-47.1515979,-22.821976],[-47.1517001,-22.8219346],[-47.1517806,-22.8219107],[-47.1518917,-22.8219231],[-47.1520045,-22.8219496],[-47.1522829,-22.822077],[-47.1524229,-22.8221031],[-47.1526169,-22.8221155],[-47.1531141,-22.8221048],[-47.1532493,-22.822091],[-47.153333,-22.8221046],[-47.153385,-22.8221655],[-47.1535047,-22.8222597],[-47.1536486,-22.8224236],[-47.1537069,-22.8224696],[-47.1537828,-22.8224934],[-47.1538512,-22.8224641],[-47.1539075,-22.8224182],[-47.1540125,-22.82226],[-47.1542038,-22.822072],[-47.1544125,-22.8220287],[-47.1545398,-22.8219974],[-47.1547214,-22.8219689],[-47.1549755,-22.8219069],[-47.155236,-22.8218002],[-47.1553134,-22.8217543],[-47.1553817,-22.8217075],[-47.1556079,-22.8215411],[-47.1559172,-22.8213263],[-47.156115,-22.821208],[-47.1562414,-22.821154],[-47.1563568,-22.8210771],[-47.1564927,-22.820914],[-47.1565728,-22.8208347],[-47.1566694,-22.8207718],[-47.1567967,-22.8207714],[-47.1569999,-22.8208097],[-47.1572728,-22.8208122],[-47.1574833,-22.8207896],[-47.1575454,-22.8208147],[-47.1576017,-22.8208487],[-47.1577514,-22.8209985],[-47.1578443,-22.8210962],[-47.1579924,-22.8212015],[-47.1581527,-22.8211552],[-47.1583201,-22.821044],[-47.1584865,-22.8209232],[-47.1585097,-22.8207881],[-47.1584631,-22.8205942],[-47.1584056,-22.8204366],[-47.1583416,-22.8202874],[-47.1583182,-22.8201508],[-47.1582648,-22.8200111],[-47.1582072,-22.8198522],[-47.1581693,-22.8197051],[-47.1581754,-22.8195595],[-47.1582061,-22.8194002],[-47.158255,-22.8192491],[-47.1583553,-22.8191344],[-47.1584931,-22.8190176],[-47.1586151,-22.8188819],[-47.1586997,-22.818765],[-47.1587548,-22.8185956],[-47.158799,-22.8184662],[-47.1588585,-22.8183269],[-47.1589335,-22.8181802],[-47.1590764,-22.8180573],[-47.1591435,-22.8179023],[-47.1592564,-22.817774],[-47.1593791,-22.817678],[-47.159535,-22.8175501],[-47.1596765,-22.8174263],[-47.1598003,-22.8173171],[-47.1599147,-22.8171971],[-47.1600105,-22.8170536],[-47.1600923,-22.8168429],[-47.1601711,-22.816708],[-47.1602235,-22.816534],[-47.160276,-22.8163648],[-47.1602886,-22.8162118],[-47.1602844,-22.8160677],[-47.1602856,-22.8158693],[-47.1603138,-22.8157173],[-47.1603674,-22.8155384],[-47.1603935,-22.815342],[-47.1604183,-22.8151564],[-47.1604373,-22.814995],[-47.1604401,-22.8148122],[-47.160428,-22.8145972],[-47.160393,-22.8143947],[-47.16036,-22.814233],[-47.160337,-22.8140518],[-47.1603287,-22.8138993],[-47.160345,-22.8137307],[-47.160494,-22.8135921],[-47.1605992,-22.8134653],[-47.1606283,-22.8132989],[-47.1605453,-22.8131644],[-47.1605156,-22.8129726],[-47.1604872,-22.8127845],[-47.1604357,-22.8126098],[-47.160393,-22.8124796],[-47.1603808,-22.8122573],[-47.1603969,-22.8120828],[-47.1605122,-22.8119437],[-47.1606658,-22.8118327],[-47.1607888,-22.8117584],[-47.160933,-22.8116968],[-47.1611137,-22.8116503],[-47.1612813,-22.8116605],[-47.1614451,-22.8116768],[-47.1615897,-22.811637],[-47.1617363,-22.8115707],[-47.1619226,-22.8114111],[-47.1619645,-22.8112275],[-47.1619676,-22.811058],[-47.1619681,-22.8108836],[-47.1619742,-22.8106647],[-47.1619478,-22.8105138],[-47.1618568,-22.8103013],[-47.1617879,-22.8101679],[-47.1617358,-22.8100259],[-47.161727,-22.8098444],[-47.1617054,-22.8096658],[-47.1616732,-22.8094174],[-47.1616826,-22.8092346],[-47.1617037,-22.8090514],[-47.1617385,-22.8089042],[-47.1618195,-22.808738],[-47.1618501,-22.8085799],[-47.1618716,-22.8084197],[-47.1619037,-22.8082052],[-47.161906,-22.8080536],[-47.1619431,-22.807911],[-47.1620122,-22.8078506],[-47.1621967,-22.8077128],[-47.1622586,-22.8076421],[-47.1623849,-22.8074667],[-47.162402,-22.8072801],[-47.1624456,-22.8071206],[-47.1625072,-22.8069537],[-47.162552,-22.8067893],[-47.1625656,-22.8066255],[-47.1625821,-22.8064762],[-47.1626084,-22.8062929],[-47.1626059,-22.8061031],[-47.1626097,-22.8059636],[-47.1627967,-22.8059675],[-47.1629343,-22.8060395],[-47.1631002,-22.806093],[-47.1631738,-22.8059414],[-47.1632794,-22.8058361],[-47.1634512,-22.8057957],[-47.1635822,-22.8057297],[-47.1636615,-22.8056033],[-47.1637618,-22.8054909],[-47.1639229,-22.8054411],[-47.1633977,-22.8055006],[-47.1622888,-22.8054197],[-47.1614842,-22.8054307],[-47.1611725,-22.8053254],[-47.1608034,-22.8053304],[-47.1600972,-22.8055043],[-47.1598336,-22.8056448],[-47.1592709,-22.8064739],[-47.1587687,-22.8069393],[-47.1581688,-22.8072896],[-47.1575848,-22.807722],[-47.1560504,-22.8087422],[-47.1551425,-22.8092336],[-47.1543383,-22.8097443],[-47.1529989,-22.8100224],[-47.1524983,-22.810125],[-47.1502897,-22.8105382],[-47.14875,-22.8107643],[-47.1474929,-22.8106443],[-47.1459996,-22.8105412],[-47.1445756,-22.8106083],[-47.1441768,-22.8105482],[-47.1436897,-22.8106203],[-47.1427447,-22.810633],[-47.1426108,-22.8105663],[-47.1424562,-22.8101303],[-47.1422566,-22.8096401],[-47.1421764,-22.8092304],[-47.1410578,-22.808756],[-47.1397448,-22.8086094],[-47.1390262,-22.8084547],[-47.1382773,-22.8082526],[-47.1369186,-22.8082538],[-47.135648,-22.808216],[-47.1348507,-22.8082267],[-47.1336396,-22.8082156],[-47.1314502,-22.8082004],[-47.1299299,-22.8082618],[-47.1299993,-22.8086098],[-47.1305998,-22.8112085],[-47.1307989,-22.8119132],[-47.1306584,-22.8120741],[-47.1305748,-22.8122077],[-47.1304918,-22.8122323],[-47.1304468,-22.8122457],[-47.1303492,-22.8121572],[-47.1303134,-22.812109],[-47.1302419,-22.8120126],[-47.1301316,-22.811902],[-47.1299033,-22.811772],[-47.1296685,-22.8116528],[-47.1295834,-22.8114835],[-47.129489,-22.811219],[-47.1292983,-22.8111016],[-47.1290697,-22.8111172],[-47.1288361,-22.8110089],[-47.1286644,-22.8109253],[-47.1284743,-22.8108594],[-47.1283648,-22.8108232],[-47.128261,-22.8107887],[-47.128069,-22.8107758],[-47.1278648,-22.810698],[-47.1276756,-22.81056],[-47.1275275,-22.810461],[-47.127324,-22.8104347],[-47.1271002,-22.8104939],[-47.1269973,-22.8106312],[-47.1268654,-22.810809],[-47.1266999,-22.8109902],[-47.1265901,-22.8111672],[-47.1264896,-22.8113321],[-47.1263722,-22.811497],[-47.1262716,-22.8116728],[-47.126083,-22.8118151],[-47.1258752,-22.811831],[-47.1256318,-22.8117708],[-47.1254549,-22.8117432],[-47.1254413,-22.8117411],[-47.125204,-22.811729],[-47.1250397,-22.8118007],[-47.1248942,-22.8119196],[-47.1248637,-22.8120948],[-47.1248472,-22.8122944],[-47.1247414,-22.8124642],[-47.1245899,-22.8126612],[-47.1244202,-22.8128544],[-47.1243016,-22.8130143],[-47.1241933,-22.8131768],[-47.1241006,-22.8133323],[-47.1239211,-22.8134856],[-47.1237295,-22.8136701],[-47.1236109,-22.8138253],[-47.1234949,-22.8139828],[-47.1233519,-22.8141125],[-47.1232164,-22.8142097],[-47.1231751,-22.8142461],[-47.123063,-22.8143321],[-47.1229,-22.8144291],[-47.1227845,-22.8144784],[-47.1227149,-22.8144943],[-47.1226863,-22.8144157],[-47.1226554,-22.8143339],[-47.1225793,-22.814191],[-47.1224513,-22.8140418],[-47.1223453,-22.8138925],[-47.1222394,-22.8137362],[-47.1221173,-22.813491],[-47.1220334,-22.8133276],[-47.1219056,-22.8131887],[-47.1217557,-22.8130605],[-47.1216433,-22.812966],[-47.1214778,-22.8127899],[-47.121341,-22.8125518],[-47.1211972,-22.8123412],[-47.1211353,-22.812157],[-47.1210293,-22.8120007],[-47.1209078,-22.8117897],[-47.1208203,-22.8116367],[-47.1207219,-22.8114872],[-47.1206306,-22.8113238],[-47.1204783,-22.811038],[-47.120319,-22.8107795],[-47.1201829,-22.8105894],[-47.1200539,-22.8103717],[-47.1198875,-22.810134],[-47.1197892,-22.8099982],[-47.1196412,-22.8099933],[-47.1194872,-22.8100707],[-47.1194214,-22.8101195],[-47.119259,-22.8101424],[-47.1190619,-22.8103095],[-47.1188935,-22.8104145],[-47.1186892,-22.8105888],[-47.1182716,-22.8108479],[-47.1181549,-22.8109523],[-47.117942,-22.8110512],[-47.1177735,-22.8111494],[-47.1176237,-22.8112747],[-47.1174044,-22.8114353],[-47.1171188,-22.8116174],[-47.1169427,-22.8117088],[-47.1167963,-22.8118067],[-47.1166579,-22.8119387],[-47.1164673,-22.812051],[-47.1163209,-22.812149],[-47.1161969,-22.8122603],[-47.1160214,-22.812386],[-47.1158612,-22.8125459],[-47.1156858,-22.8126785],[-47.1153114,-22.8128616],[-47.1150141,-22.8130061],[-47.1148527,-22.8130905],[-47.1144129,-22.8133432],[-47.1142447,-22.8134689],[-47.1140394,-22.8135812],[-47.113819,-22.8136732],[-47.1136437,-22.8138128],[-47.1133504,-22.8139743],[-47.1131529,-22.814114],[-47.112948,-22.8142538],[-47.1127208,-22.814394],[-47.1124859,-22.8145068],[-47.1122884,-22.8146465],[-47.1120538,-22.8147799],[-47.1117422,-22.814952],[-47.1116105,-22.8150428],[-47.1114271,-22.8151412],[-47.1112951,-22.8152184],[-47.111083,-22.8153652],[-47.1108562,-22.8155259],[-47.1106882,-22.8156585],[-47.110512,-22.815743],[-47.1102486,-22.8159247],[-47.1099993,-22.8160719],[-47.1097906,-22.8162016],[-47.1094678,-22.8163772],[-47.1092109,-22.8164972],[-47.108954,-22.8166172],[-47.1094935,-22.8157023],[-47.1095331,-22.815564],[-47.1096704,-22.8153634],[-47.1098598,-22.8151757],[-47.1101301,-22.8149528],[-47.1104511,-22.8146674],[-47.1107419,-22.8143483],[-47.1110092,-22.8139334],[-47.1117316,-22.8128234],[-47.111978,-22.8125048],[-47.112142,-22.8121492],[-47.112381,-22.8112963],[-47.1125599,-22.8099536],[-47.1124847,-22.8093925],[-47.1124361,-22.8091189],[-47.1124231,-22.8087626],[-47.1124094,-22.8083513],[-47.1126766,-22.8074532],[-47.1128932,-22.8071144],[-47.1129492,-22.806908],[-47.112931,-22.806682],[-47.1129289,-22.8065483],[-47.1127889,-22.8061045],[-47.1125554,-22.8053535],[-47.1120925,-22.8045815],[-47.1118186,-22.8041573],[-47.1115246,-22.8035817],[-47.1111696,-22.8032328],[-47.1109354,-22.8029137],[-47.1108716,-22.8026061],[-47.110828,-22.8021816],[-47.1109421,-22.8014259],[-47.1113858,-22.8009504],[-47.1117968,-22.8007531],[-47.1118551,-22.8006905],[-47.1118658,-22.8003988],[-47.1116807,-22.7999319],[-47.1112684,-22.7995672],[-47.1110058,-22.7993204],[-47.110219,-22.7986521],[-47.1098818,-22.7983549],[-47.109348,-22.7977861],[-47.1091922,-22.7977505],[-47.1087479,-22.7977084],[-47.1072478,-22.7975293],[-47.1050372,-22.7975585],[-47.104342,-22.7973073],[-47.1033325,-22.7967144],[-47.1030733,-22.796539],[-47.1026554,-22.7962908],[-47.1024262,-22.7958139],[-47.1023523,-22.7953281],[-47.1023477,-22.7947872],[-47.1022203,-22.7946752],[-47.1020791,-22.794636],[-47.1018196,-22.7945914],[-47.1012407,-22.794455],[-47.1003233,-22.7944122],[-47.0993019,-22.7943503],[-47.0987152,-22.7944197],[-47.098386,-22.7946503],[-47.0982765,-22.7947409],[-47.0977745,-22.7948024],[-47.0958571,-22.7948892],[-47.0949444,-22.7946819],[-47.0947611,-22.7943502],[-47.0949438,-22.7941677],[-47.0953168,-22.7938955],[-47.0957061,-22.7937222],[-47.0965543,-22.7928919],[-47.0969682,-22.7927391],[-47.0973667,-22.7925654],[-47.0975684,-22.7923873],[-47.0978297,-22.7921522],[-47.0980335,-22.7919684],[-47.0981218,-22.7918059],[-47.0982912,-22.7915092],[-47.0984017,-22.7913114],[-47.0986077,-22.7909439],[-47.0986763,-22.7908519],[-47.0987665,-22.7908086],[-47.0988789,-22.790744],[-47.0989829,-22.7906164],[-47.0991171,-22.7904954],[-47.0992798,-22.7902479],[-47.0994111,-22.7899375],[-47.0995347,-22.7896134],[-47.0995974,-22.7892619],[-47.0997081,-22.7890816],[-47.1002815,-22.7882465],[-47.1008391,-22.7876221],[-47.1012121,-22.7872875],[-47.1016745,-22.7868571],[-47.1019871,-22.7865305],[-47.1020133,-22.7862706],[-47.101764,-22.78579],[-47.1014435,-22.7854118],[-47.1013056,-22.7852589],[-47.1011211,-22.7850481],[-47.100912,-22.7848118],[-47.1006398,-22.7845279],[-47.1005523,-22.7843967],[-47.1004459,-22.7843222],[-47.1002663,-22.784168],[-47.1000818,-22.783958],[-47.0999204,-22.7837607],[-47.0996411,-22.7836157],[-47.0993872,-22.7834899],[-47.0991563,-22.7832865],[-47.0989557,-22.7831476],[-47.098739,-22.7829894],[-47.0985638,-22.7828071],[-47.0983472,-22.7826704],[-47.098047,-22.7825579],[-47.0978195,-22.7825134],[-47.0975233,-22.7824464],[-47.0972889,-22.7823442],[-47.0970977,-22.7822052],[-47.096911,-22.7820426],[-47.096732,-22.7815955],[-47.0966311,-22.7813872],[-47.096407,-22.7811773],[-47.0961858,-22.7810577],[-47.0959829,-22.7808952],[-47.0958332,-22.7806936],[-47.095709,-22.7804831],[-47.0956463,-22.7802948],[-47.0955961,-22.7801521],[-47.0954952,-22.7798378],[-47.0954298,-22.7795554],[-47.0953113,-22.779225],[-47.0952746,-22.7790324],[-47.0953059,-22.7788401],[-47.0952328,-22.7785932],[-47.0951347,-22.7781106],[-47.0949706,-22.7777621],[-47.0948059,-22.7773785],[-47.0948085,-22.777049],[-47.0948637,-22.7767046],[-47.0949243,-22.7762164],[-47.094999,-22.7756543],[-47.0951252,-22.7753549],[-47.0952172,-22.7751789],[-47.0953631,-22.7749711],[-47.0954889,-22.7747391],[-47.0956162,-22.7745261],[-47.0956714,-22.7742643],[-47.09577,-22.7741638],[-47.0958653,-22.7740756],[-47.0960591,-22.7738915],[-47.0962132,-22.7737104],[-47.0964538,-22.7735798],[-47.0966172,-22.7733761],[-47.0967238,-22.7731579],[-47.0967789,-22.7729228],[-47.0968845,-22.7727151],[-47.0970017,-22.772505],[-47.0970896,-22.7722607],[-47.0970733,-22.7720297],[-47.0969779,-22.7717846],[-47.0969042,-22.7716573],[-47.0968572,-22.7715145],[-47.0968078,-22.7712853],[-47.0967558,-22.7711647],[-47.096612,-22.7709419],[-47.0964571,-22.77075],[-47.0962691,-22.7705693],[-47.0961354,-22.7703716],[-47.0959949,-22.7701667],[-47.0959501,-22.7700301],[-47.0959521,-22.7699263],[-47.0959798,-22.769898],[-47.0959889,-22.7698887],[-47.096027,-22.7698499],[-47.0961552,-22.7697835],[-47.0963186,-22.769585],[-47.0964903,-22.7694425],[-47.0966311,-22.7692513],[-47.096718,-22.7689977],[-47.0967902,-22.7687722],[-47.0969231,-22.7685602],[-47.0970708,-22.7683338],[-47.0972648,-22.7681629],[-47.0974435,-22.7679783],[-47.0976229,-22.7678426],[-47.0978093,-22.7676683],[-47.0980033,-22.7674974],[-47.0981822,-22.7673268],[-47.0983455,-22.7671284],[-47.0984859,-22.7669161],[-47.0986494,-22.7667246],[-47.0988125,-22.766512],[-47.09898,-22.7663381],[-47.0991738,-22.7661532],[-47.0994213,-22.7660166],[-47.0997159,-22.7659988],[-47.0999426,-22.7659887],[-47.1002215,-22.765936],[-47.1004477,-22.7658909],[-47.1006635,-22.7658052],[-47.1008326,-22.7656924],[-47.1010659,-22.7656288],[-47.1012147,-22.7655787],[-47.1013828,-22.7655162],[-47.1016541,-22.765392],[-47.1018608,-22.7652927],[-47.1020672,-22.7651813],[-47.1023002,-22.7651059],[-47.1025469,-22.7650665],[-47.1027161,-22.7650763],[-47.102886,-22.7651223],[-47.1030692,-22.7651923],[-47.1032774,-22.7652017],[-47.1035506,-22.7651981],[-47.1037847,-22.7651889],[-47.1040572,-22.7651491],[-47.1043037,-22.7650976],[-47.1044725,-22.7650833],[-47.1047192,-22.7650559],[-47.1049397,-22.7650048],[-47.1051336,-22.7649298],[-47.1052366,-22.7648561],[-47.105313,-22.7647466],[-47.105506,-22.7646112],[-47.1056606,-22.7645006],[-47.105762,-22.7643304],[-47.1057863,-22.7642214],[-47.1057843,-22.7640887],[-47.1057161,-22.7638846],[-47.1056469,-22.7636079],[-47.1056441,-22.7634271],[-47.1056552,-22.7633062],[-47.1056919,-22.763161],[-47.1057157,-22.7630159],[-47.1057137,-22.7628831],[-47.1056465,-22.7627393],[-47.1055536,-22.7626199],[-47.1054735,-22.7624883],[-47.1054319,-22.7623198],[-47.1054298,-22.7621872],[-47.1054672,-22.7620782],[-47.1054912,-22.7619511],[-47.1054892,-22.7618184],[-47.1055006,-22.7617097],[-47.1054988,-22.7615891],[-47.1054833,-22.7614324],[-47.1054943,-22.7612995],[-47.1054914,-22.7611066],[-47.1054626,-22.7609259],[-47.1054325,-22.760661],[-47.1054038,-22.7604924],[-47.1054009,-22.7602994],[-47.1053725,-22.7601429],[-47.1053695,-22.7599499],[-47.1053394,-22.7596848],[-47.1053235,-22.7594921],[-47.105307,-22.759263],[-47.105291,-22.7590702],[-47.1053011,-22.7588771],[-47.1053372,-22.7586896],[-47.1053741,-22.7585564],[-47.1053991,-22.7584836],[-47.105487,-22.7582774],[-47.105575,-22.7580832],[-47.1056636,-22.757913],[-47.105778,-22.7577427],[-47.1058807,-22.7576569],[-47.1060212,-22.7574862],[-47.10611,-22.7573401],[-47.1062124,-22.7572303],[-47.1062892,-22.7571447],[-47.1063912,-22.7570106],[-47.1064935,-22.7569007],[-47.1065696,-22.756767],[-47.1066461,-22.7566695],[-47.1067347,-22.7564994],[-47.1068238,-22.7563776],[-47.1069002,-22.7562681],[-47.106989,-22.7561221],[-47.1071164,-22.7559515],[-47.1072313,-22.7558052],[-47.1073078,-22.7557077],[-47.1074352,-22.755525],[-47.107588,-22.7553178],[-47.1077284,-22.755135],[-47.1078559,-22.7549705],[-47.1080349,-22.7547631],[-47.1081881,-22.75458],[-47.1082511,-22.7544465],[-47.108224,-22.7543745],[-47.108184,-22.7543147],[-47.1080659,-22.7542438],[-47.1078746,-22.7541068],[-47.1077635,-22.7540427],[-47.1076189,-22.753936],[-47.1074084,-22.7537819],[-47.1072504,-22.7536634],[-47.1070359,-22.7535373],[-47.1068217,-22.7533898],[-47.1063959,-22.7531439],[-47.1061608,-22.7530142],[-47.1059644,-22.7529285],[-47.1057944,-22.7528742],[-47.1056165,-22.7528059],[-47.1054803,-22.7527456],[-47.1053492,-22.7526871],[-47.1052314,-22.7526404],[-47.1050644,-22.7525669],[-47.1049486,-22.7524389],[-47.1048684,-22.7523349],[-47.1042609,-22.7517001],[-47.1040509,-22.7515821],[-47.1037641,-22.7515376],[-47.1035296,-22.7515166],[-47.1032163,-22.7514483],[-47.1029808,-22.7513549],[-47.1027701,-22.7511888],[-47.1025855,-22.7510223],[-47.1023165,-22.7508476],[-47.102137,-22.7507178],[-47.1019146,-22.7506475],[-47.1017293,-22.7506107],[-47.1015713,-22.7505817],[-47.101384,-22.7505654],[-47.1012283,-22.7504812],[-47.1010797,-22.7503884],[-47.100845,-22.7502328],[-47.1006103,-22.7500617],[-47.1002739,-22.7499396],[-47.1000132,-22.7498828],[-47.0997915,-22.7498314],[-47.0995576,-22.7498224],[-47.0993305,-22.7498435],[-47.0990778,-22.749889],[-47.0988633,-22.7498797],[-47.098649,-22.74983],[-47.0985476,-22.7497522],[-47.0985234,-22.7496664],[-47.0985419,-22.7494682],[-47.0986633,-22.7493281],[-47.09883,-22.7491933],[-47.0989836,-22.7490347],[-47.0991239,-22.748864],[-47.0992601,-22.7486723],[-47.0992798,-22.7484403],[-47.0992375,-22.748218],[-47.0991117,-22.748069],[-47.0989486,-22.747992],[-47.0987822,-22.7479767],[-47.0986107,-22.7480145],[-47.0984726,-22.7480829],[-47.0983341,-22.7481877],[-47.0981671,-22.7483164],[-47.0980255,-22.7484025],[-47.0978706,-22.7484708],[-47.0977284,-22.7485209],[-47.097528,-22.7485838],[-47.0973272,-22.7486226],[-47.0971588,-22.7486489],[-47.0969639,-22.7486455],[-47.0967363,-22.7486304],[-47.0965603,-22.7485905],[-47.0963677,-22.7485267],[-47.0961715,-22.7484389],[-47.0959752,-22.7483451],[-47.0957524,-22.7482275],[-47.0955434,-22.748146],[-47.0953469,-22.7480461],[-47.0951117,-22.7479558],[-47.0949354,-22.7479116],[-47.0947824,-22.7479634],[-47.0946759,-22.7480404],[-47.0945692,-22.7481422],[-47.0945253,-22.7482648],[-47.094495,-22.7484037],[-47.0944451,-22.7485429],[-47.0943176,-22.7487013],[-47.0942019,-22.7487871],[-47.0940534,-22.7488494],[-47.0938653,-22.7488638],[-47.0936567,-22.7488184],[-47.0934052,-22.7487253],[-47.0932485,-22.7486792],[-47.0930273,-22.7486459],[-47.0928973,-22.7486476],[-47.0927091,-22.7486621],[-47.0925475,-22.7487125],[-47.0924119,-22.7487624],[-47.0922769,-22.7488545],[-47.0921744,-22.7489523],[-47.0921234,-22.7490162],[-47.0919649,-22.7492713],[-47.091876,-22.749405],[-47.0917875,-22.7495629],[-47.091692,-22.7496906],[-47.0915961,-22.7497944],[-47.0914675,-22.7498863],[-47.0913388,-22.7499603],[-47.0911775,-22.7500288],[-47.0910158,-22.7500791],[-47.0908019,-22.7501121],[-47.0906037,-22.7501086],[-47.0904031,-22.7501027],[-47.0901872,-22.7500179],[-47.0901107,-22.7499022],[-47.0900791,-22.7497841],[-47.0900902,-22.7496574],[-47.0902014,-22.7495568],[-47.0903523,-22.7495393],[-47.0905538,-22.7495164],[-47.0907687,-22.7494604],[-47.0909907,-22.7493791],[-47.091189,-22.7492561],[-47.0913355,-22.7491049],[-47.091499,-22.7488911],[-47.0915613,-22.7487156],[-47.0915653,-22.7485528],[-47.0915369,-22.7483905],[-47.0914704,-22.748289],[-47.0913452,-22.7481761],[-47.0912013,-22.7481057],[-47.0909601,-22.7480576],[-47.0905721,-22.7480334],[-47.090378,-22.7480781],[-47.0902035,-22.7481406],[-47.0900423,-22.7482211],[-47.0898878,-22.7483134],[-47.0897722,-22.7483994],[-47.0896178,-22.7484917],[-47.0892775,-22.7486706],[-47.089071,-22.7486891],[-47.0887909,-22.7486935],[-47.0885372,-22.7486793],[-47.0883284,-22.7486218],[-47.088139,-22.748558],[-47.0879191,-22.7484043],[-47.0877089,-22.7482503],[-47.0875568,-22.7480776],[-47.0874506,-22.7479224],[-47.0874356,-22.747796],[-47.0874926,-22.7476929],[-47.0875761,-22.7476375],[-47.0877121,-22.7476116],[-47.0878425,-22.7476401],[-47.0879666,-22.7476806],[-47.0880912,-22.7477633],[-47.0882484,-22.7478456],[-47.0884844,-22.7479872],[-47.0886872,-22.7480809],[-47.0889642,-22.7481558],[-47.0891488,-22.7481621],[-47.0893263,-22.748139],[-47.0896475,-22.7479761],[-47.0898205,-22.7478841],[-47.0899726,-22.7477466],[-47.0900755,-22.7476181],[-47.0901769,-22.7474601],[-47.090226,-22.7472727],[-47.0902234,-22.747098],[-47.0901483,-22.7469069],[-47.0900357,-22.7467638],[-47.0898842,-22.7466272],[-47.0897003,-22.746491],[-47.089393,-22.7463655],[-47.0891907,-22.7463019],[-47.0890144,-22.7462499],[-47.0888255,-22.7462103],[-47.0886563,-22.7461884],[-47.0884872,-22.7461786],[-47.0883054,-22.746181],[-47.0881104,-22.7461775],[-47.0877935,-22.7462512],[-47.0876003,-22.7463008],[-47.0874669,-22.7463901],[-47.0872553,-22.7465107],[-47.0871068,-22.746515],[-47.0869266,-22.746497],[-47.0867526,-22.7463745],[-47.0866875,-22.7462388],[-47.0866647,-22.7459765],[-47.0867089,-22.7458034],[-47.0867909,-22.7456397],[-47.0869317,-22.7453475],[-47.0869997,-22.7451176],[-47.0870164,-22.7449367],[-47.087001,-22.7447742],[-47.0869329,-22.7445763],[-47.0868072,-22.7444213],[-47.0866359,-22.7442607],[-47.0864979,-22.7441602],[-47.0863015,-22.7440543],[-47.0860984,-22.7439425],[-47.0858693,-22.743831],[-47.0855886,-22.7437443],[-47.0853966,-22.7437167],[-47.0851559,-22.7436957],[-47.0849545,-22.7436863],[-47.0847594,-22.7436768],[-47.0845318,-22.7436617],[-47.0843365,-22.7436281],[-47.0841218,-22.7436068],[-47.0838399,-22.7434775],[-47.0836735,-22.7433623],[-47.0834635,-22.7431827],[-47.0832421,-22.7430084],[-47.0830379,-22.7428363],[-47.0826166,-22.7425419],[-47.0823438,-22.7424319],[-47.0820751,-22.7423289],[-47.0817743,-22.7421106],[-47.0816762,-22.7420462],[-47.0814792,-22.7419101],[-47.0812618,-22.7417643],[-47.0811184,-22.7416799],[-47.0809163,-22.7416284],[-47.080675,-22.7415653],[-47.080435,-22.7415865],[-47.0802376,-22.7416312],[-47.0800699,-22.7417117],[-47.0799476,-22.7417916],[-47.0798139,-22.741968],[-47.0797198,-22.7421862],[-47.0796639,-22.7423556],[-47.0795765,-22.7425857],[-47.0794699,-22.7428461],[-47.0793943,-22.7429978],[-47.0792993,-22.7431587],[-47.0791978,-22.7433166],[-47.0790634,-22.743451],[-47.0788575,-22.7435802],[-47.0785514,-22.7437238],[-47.0781649,-22.7437867],[-47.077891,-22.7437616],[-47.0776149,-22.7436669],[-47.0774508,-22.7435749],[-47.0774033,-22.7434304],[-47.077449,-22.7432081],[-47.0775002,-22.743089],[-47.077676,-22.7429142],[-47.0778683,-22.7427425],[-47.0780364,-22.7425335],[-47.0782222,-22.7421635],[-47.0782962,-22.7418974],[-47.0783254,-22.7416863],[-47.0783414,-22.741457],[-47.0783375,-22.7411981],[-47.0783338,-22.7409571],[-47.0783098,-22.7406501],[-47.0782926,-22.7403731],[-47.07833,-22.7398962],[-47.0783521,-22.7394978],[-47.0783226,-22.7393515],[-47.0782387,-22.7391801],[-47.0781366,-22.7390828],[-47.0780113,-22.738952],[-47.0777943,-22.7387769],[-47.0776165,-22.7386226],[-47.0774848,-22.7384979],[-47.0773312,-22.7382977],[-47.0772072,-22.7381881],[-47.0770688,-22.7380574],[-47.0769368,-22.7379205],[-47.0766492,-22.73774],[-47.0763724,-22.7376314],[-47.0761854,-22.7375496],[-47.0759956,-22.7374319],[-47.0756562,-22.7371188],[-47.0755604,-22.7369214],[-47.0755088,-22.736695],[-47.0754991,-22.7364902],[-47.0755162,-22.7363273],[-47.0756173,-22.7361392],[-47.0757388,-22.7360111],[-47.0758866,-22.7359154],[-47.0761849,-22.7357796],[-47.0764252,-22.7356625],[-47.0765665,-22.7355614],[-47.0767041,-22.7354111],[-47.0768058,-22.7352712],[-47.0768682,-22.7351017],[-47.0768785,-22.7349208],[-47.0768816,-22.7346918],[-47.0768588,-22.7344813],[-47.0767908,-22.7342772],[-47.0766901,-22.7340617],[-47.0766086,-22.7338187],[-47.0765738,-22.7336686],[-47.0765512,-22.733464],[-47.0765486,-22.7332893],[-47.0765394,-22.7331147],[-47.0765235,-22.732916],[-47.0765079,-22.7327474],[-47.0764695,-22.7324624],[-47.0764023,-22.732272],[-47.0762914,-22.7321719],[-47.0762058,-22.7321036],[-47.0760879,-22.7320329],[-47.0759119,-22.731987],[-47.075769,-22.7319889],[-47.0756391,-22.7319906],[-47.0754705,-22.7320169],[-47.0752862,-22.7320614],[-47.0751114,-22.7320998],[-47.074923,-22.7321022],[-47.0747411,-22.7320926],[-47.0745395,-22.7320772],[-47.0743829,-22.732031],[-47.0742455,-22.7319665],[-47.0741148,-22.7319139],[-47.073971,-22.7318495],[-47.0738335,-22.7317791],[-47.0736651,-22.7317019],[-47.0734126,-22.7315748],[-47.0732534,-22.7315256],[-47.0730288,-22.7314666],[-47.0726176,-22.7314271],[-47.0723359,-22.7314103],[-47.072044,-22.7313504],[-47.0718872,-22.73128],[-47.0717619,-22.7311612],[-47.0716233,-22.7310124],[-47.0714718,-22.7308758],[-47.0714535,-22.730856],[-47.0713398,-22.7307329]]]}},{"type":"Feature","properties":{"id":"apa-campinas","nome":"APA Campinas","apg":3,"fonte_limite":"Prefeitura Municipal de Campinas - Portal de Metadados Geoespaciais, camada Historico de Populacao por APG","precisao":"Geometria oficial baixada em SHP e convertida para GeoJSON para uso no prototipo web","ID":3,"APG":"APA Campinas","NOME_COMPL":"APG APA CAMPINAS","POP_2010":24781.0,"POP_2000":15902,"POP_1996":15646,"POP_1991":14145,"POP_1980":7887,"POP_1970":6813,"VAR_POPULA":17968,"VAR_PERC_P":162.97,"POP_2022":22873.0},"geometry":{"type":"Polygon","coordinates":[[[-46.9982789,-22.7782372],[-46.9982789,-22.7782372],[-46.9978247,-22.7777281],[-46.9976325,-22.777511],[-46.997475,-22.7773332],[-46.9973686,-22.7772159],[-46.9971698,-22.7770423],[-46.9968837,-22.7768667],[-46.9966661,-22.77669],[-46.9960527,-22.7764929],[-46.9960526,-22.7764929],[-46.9944227,-22.7759291],[-46.9936409,-22.7756353],[-46.9933919,-22.7751517],[-46.9931611,-22.774613],[-46.9932768,-22.7730453],[-46.9930025,-22.7725184],[-46.9920818,-22.7722006],[-46.9911911,-22.7717937],[-46.9904901,-22.7712227],[-46.9901891,-22.7704997],[-46.9896739,-22.7690257],[-46.9895312,-22.7678257],[-46.9896059,-22.7670494],[-46.9899041,-22.7663584],[-46.9902565,-22.765893],[-46.9910812,-22.7651841],[-46.9917956,-22.7643551],[-46.9921349,-22.7635373],[-46.9925474,-22.7622602],[-46.9929118,-22.7616644],[-46.9934187,-22.7611788],[-46.9943511,-22.7606473],[-46.9957049,-22.7604269],[-46.9970574,-22.7599974],[-46.9974371,-22.7598254],[-46.9977031,-22.7593977],[-46.9977473,-22.758075],[-46.99801,-22.7574061],[-46.9985172,-22.7569961],[-46.9995585,-22.7568489],[-47.0005725,-22.7561615],[-47.0005724,-22.7561615],[-47.0005725,-22.7561615],[-47.0008318,-22.7556898],[-47.0009583,-22.755631],[-47.001144,-22.7556219],[-47.0013425,-22.7555169],[-47.0014096,-22.7553709],[-47.001484,-22.75532],[-47.0016539,-22.7552965],[-47.0018214,-22.7553738],[-47.0019321,-22.7554382],[-47.0020605,-22.7554422],[-47.0021531,-22.7554133],[-47.0022642,-22.7553802],[-47.0023979,-22.755321],[-47.0024831,-22.7551579],[-47.002609,-22.7550816],[-47.0027516,-22.7550591],[-47.0031183,-22.754876],[-47.0031701,-22.7546704],[-47.0031676,-22.7545571],[-47.0031879,-22.754397],[-47.0032316,-22.7542141],[-47.0033031,-22.7541303],[-47.0034577,-22.7541041],[-47.0036893,-22.7541843],[-47.0038116,-22.7543694],[-47.0039416,-22.754527],[-47.0041436,-22.7547426],[-47.004281,-22.7549409],[-47.0046885,-22.755232],[-47.0050579,-22.7552827],[-47.0052899,-22.7552841],[-47.0057004,-22.7552997],[-47.0059592,-22.7553451],[-47.00635,-22.7554488],[-47.0066982,-22.7555455],[-47.0069832,-22.7556337],[-47.0072757,-22.7558527],[-47.0074544,-22.7561724],[-47.0076012,-22.7564501],[-47.0078988,-22.7570581],[-47.0080685,-22.7574308],[-47.0082136,-22.7577134],[-47.0084354,-22.7581875],[-47.008678,-22.7586575],[-47.0090119,-22.7594426],[-47.0092812,-22.7599662],[-47.0095727,-22.7603054],[-47.0099106,-22.7605192],[-47.0103361,-22.7607259],[-47.0110306,-22.7608807],[-47.0114318,-22.7609084],[-47.0119688,-22.7610145],[-47.0124461,-22.7611374],[-47.0131948,-22.7612107],[-47.0135806,-22.7611265],[-47.013908,-22.7609383],[-47.0141222,-22.7607761],[-47.0141654,-22.7606578],[-47.0142931,-22.7604578],[-47.0142912,-22.7603296],[-47.0142886,-22.7601073],[-47.0141364,-22.7599158],[-47.0139785,-22.7597236],[-47.0137496,-22.7594166],[-47.0135063,-22.7588138],[-47.0134605,-22.7586878],[-47.0133566,-22.7584022],[-47.0133436,-22.7581326],[-47.0133283,-22.7578693],[-47.0133444,-22.7575044],[-47.0133201,-22.7573466],[-47.0132555,-22.7572623],[-47.0131186,-22.7572395],[-47.0131162,-22.7572398],[-47.0128322,-22.7572736],[-47.0126459,-22.7572502],[-47.0125655,-22.7571768],[-47.0124181,-22.7570773],[-47.012223,-22.7568959],[-47.0121227,-22.7566772],[-47.0121406,-22.7564615],[-47.0122197,-22.7562933],[-47.0122959,-22.7560867],[-47.0125362,-22.7558255],[-47.0127982,-22.7555215],[-47.0130235,-22.7553517],[-47.0135244,-22.7550655],[-47.0139611,-22.754696],[-47.0143353,-22.7540869],[-47.0145852,-22.7536065],[-47.0148015,-22.7529948],[-47.0151126,-22.7521441],[-47.0158637,-22.7502648],[-47.0159495,-22.7500275],[-47.0160559,-22.7495576],[-47.0160689,-22.7492581],[-47.0160219,-22.7490789],[-47.015913,-22.7489712],[-47.0157331,-22.7489015],[-47.0154968,-22.7489097],[-47.0152031,-22.7489135],[-47.0149744,-22.7489483],[-47.0147986,-22.7490474],[-47.0146499,-22.7491696],[-47.0145804,-22.7495884],[-47.0142785,-22.7501771],[-47.0139756,-22.7506171],[-47.0135357,-22.7510993],[-47.0132808,-22.7514372],[-47.0130411,-22.7515537],[-47.0127996,-22.751569],[-47.0126128,-22.7514968],[-47.0123063,-22.7510721],[-47.0119974,-22.7505971],[-47.0115656,-22.7498735],[-47.0112507,-22.7493112],[-47.0111989,-22.7491634],[-47.0111931,-22.7489689],[-47.0113157,-22.7487122],[-47.0115213,-22.7482946],[-47.0116125,-22.7478584],[-47.011617,-22.7476397],[-47.0118099,-22.7475063],[-47.0121167,-22.7473621],[-47.012302,-22.7471721],[-47.012609,-22.7467752],[-47.0126092,-22.746775],[-47.012712,-22.746556],[-47.0127145,-22.7463551],[-47.0126562,-22.746146],[-47.0116574,-22.7454767],[-47.0113721,-22.7449067],[-47.0111213,-22.7446433],[-47.0107729,-22.7443706],[-47.0104897,-22.7440974],[-47.0102818,-22.7437926],[-47.0101822,-22.7434764],[-47.0101906,-22.7431183],[-47.0102644,-22.7428412],[-47.010393,-22.7426659],[-47.0106296,-22.7424485],[-47.0107682,-22.7421504],[-47.0108637,-22.7418731],[-47.0108944,-22.741617],[-47.01085,-22.7414537],[-47.0107184,-22.7412095],[-47.0107806,-22.7408201],[-47.0107223,-22.740217],[-47.0107413,-22.7398382],[-47.0107767,-22.7392853],[-47.0112069,-22.7384725],[-47.0113822,-22.7380944],[-47.0116999,-22.7378671],[-47.0123639,-22.7377862],[-47.0128665,-22.7377163],[-47.0133039,-22.7375759],[-47.0136191,-22.7374163],[-47.0138918,-22.7373591],[-47.0143375,-22.737368],[-47.0143375,-22.737368],[-47.0146902,-22.7374459],[-47.0149569,-22.737545],[-47.0154473,-22.7377912],[-47.0158935,-22.7378613],[-47.0163958,-22.7377473],[-47.0173936,-22.7374573],[-47.0172821,-22.7374047],[-47.0171162,-22.7372136],[-47.0170354,-22.7369933],[-47.016917,-22.7367797],[-47.0168387,-22.7365559],[-47.0166953,-22.7363258],[-47.0164966,-22.7361751],[-47.0163052,-22.7360095],[-47.0160585,-22.735797],[-47.0159946,-22.735729],[-47.0158603,-22.735545],[-47.0157704,-22.7353262],[-47.0156232,-22.7350926],[-47.015393,-22.7349267],[-47.0151465,-22.7347935],[-47.0148025,-22.7347762],[-47.0147071,-22.7347702],[-47.0145652,-22.7347139],[-47.0143699,-22.7345858],[-47.0141358,-22.7344769],[-47.0139101,-22.7343599],[-47.0136755,-22.734227],[-47.0134649,-22.7340988],[-47.0131934,-22.7339408],[-47.0129092,-22.7338052],[-47.0127262,-22.7337316],[-47.0124227,-22.7338545],[-47.0121388,-22.7339364],[-47.0118985,-22.7340474],[-47.0116672,-22.7341596],[-47.0113948,-22.7342255],[-47.0111833,-22.7344144],[-47.0109099,-22.7344984],[-47.0106295,-22.7345487],[-47.010373,-22.7346264],[-47.0102907,-22.7348661],[-47.0101395,-22.7350865],[-47.0102146,-22.735214],[-47.0101203,-22.7352325],[-47.0099952,-22.7351965],[-47.009896,-22.7351805],[-47.0097171,-22.7352057],[-47.0095131,-22.7352231],[-47.0092458,-22.7351506],[-47.0089804,-22.7350429],[-47.0087331,-22.7349952],[-47.0085151,-22.7351228],[-47.0082673,-22.735116],[-47.0081535,-22.735331],[-47.008112,-22.7355954],[-47.0081018,-22.73587],[-47.0080727,-22.7361052],[-47.0078639,-22.7362423],[-47.0078343,-22.7365136],[-47.0077464,-22.7367957],[-47.0075223,-22.7369414],[-47.0072971,-22.7368295],[-47.0070498,-22.7367181],[-47.0067814,-22.736726],[-47.0069105,-22.7370404],[-47.006982,-22.7371562],[-47.0071101,-22.7374525],[-47.0069133,-22.737738],[-47.0066886,-22.7381482],[-47.0065451,-22.738509],[-47.0064689,-22.7386455],[-47.0064811,-22.7386896],[-47.0064566,-22.738723],[-47.0063366,-22.7387777],[-47.0061634,-22.7388744],[-47.0058634,-22.7389204],[-47.0056347,-22.7388326],[-47.00539,-22.7389197],[-47.0052208,-22.7390585],[-47.0052176,-22.7392529],[-47.0052539,-22.7394737],[-47.0052472,-22.7395753],[-47.0051476,-22.7396404],[-47.005031,-22.7395962],[-47.004781,-22.7394787],[-47.0045517,-22.7393596],[-47.004303,-22.7393794],[-47.004088,-22.7393077],[-47.0038113,-22.7393067],[-47.0034903,-22.7393386],[-47.0032135,-22.7393779],[-47.0029537,-22.7395508],[-47.0026824,-22.7396792],[-47.0023793,-22.7397576],[-47.0020947,-22.7397346],[-47.0017987,-22.739654],[-47.0015457,-22.7396485],[-47.0014025,-22.7394257],[-47.0012852,-22.7391928],[-47.0012475,-22.7389298],[-47.0011039,-22.7387443],[-47.0008144,-22.7386696],[-47.0005688,-22.7386399],[-47.0004536,-22.7386234],[-47.0003126,-22.7386032],[-47.0000764,-22.7385301],[-46.999776,-22.7385542],[-46.9994823,-22.7384602],[-46.9992088,-22.7384719],[-46.9988533,-22.7383485],[-46.9986379,-22.7383272],[-46.998377,-22.7384507],[-46.9981558,-22.738612],[-46.9978666,-22.738542],[-46.997586,-22.7384599],[-46.9973291,-22.7385207],[-46.9970523,-22.738559],[-46.9967928,-22.7386617],[-46.9964582,-22.7387617],[-46.9961657,-22.7387814],[-46.9959247,-22.7388004],[-46.9956932,-22.7389652],[-46.9957329,-22.7392042],[-46.9957039,-22.7394308],[-46.9955953,-22.7396593],[-46.9955022,-22.7398675],[-46.9952706,-22.740103],[-46.9951318,-22.7402501],[-46.9950723,-22.7404688],[-46.9951379,-22.7406714],[-46.995219,-22.7408595],[-46.9952063,-22.741063],[-46.9950679,-22.7412536],[-46.9949018,-22.741412],[-46.9947162,-22.7415742],[-46.9946222,-22.7418362],[-46.9946818,-22.7425623],[-46.9947333,-22.7428131],[-46.9946843,-22.7430896],[-46.9944355,-22.7432395],[-46.9941665,-22.7432751],[-46.9940591,-22.7433275],[-46.9939596,-22.743376],[-46.9936728,-22.7434349],[-46.9934354,-22.7432943],[-46.993232,-22.7431098],[-46.993036,-22.7429685],[-46.9928084,-22.7428711],[-46.9926883,-22.7428082],[-46.9925062,-22.7427289],[-46.9923246,-22.7426903],[-46.9921483,-22.7426834],[-46.991986,-22.7426173],[-46.9918508,-22.7425856],[-46.9917299,-22.7427045],[-46.9917017,-22.742932],[-46.9917383,-22.7431688],[-46.9914826,-22.7432511],[-46.9912896,-22.7434232],[-46.9912368,-22.7436535],[-46.9913998,-22.7438328],[-46.9916464,-22.7439263],[-46.9916058,-22.744155],[-46.991545,-22.7443761],[-46.9913962,-22.744565],[-46.9912363,-22.7448],[-46.9911353,-22.7450506],[-46.9908178,-22.7450796],[-46.9907133,-22.7452336],[-46.9906144,-22.7454469],[-46.9905883,-22.7455088],[-46.9903942,-22.7456611],[-46.9901821,-22.7454595],[-46.989964,-22.7453361],[-46.9896466,-22.7454234],[-46.9894322,-22.7455859],[-46.9891758,-22.745663],[-46.9889003,-22.745687],[-46.9886543,-22.7456656],[-46.9884556,-22.7455235],[-46.9883973,-22.7454564],[-46.9880627,-22.7451306],[-46.9878233,-22.745165],[-46.9875593,-22.7452521],[-46.9872631,-22.745262],[-46.986984,-22.745165],[-46.9866897,-22.7452408],[-46.986423,-22.7452015],[-46.9861898,-22.7450308],[-46.9859505,-22.7449116],[-46.9858197,-22.7451319],[-46.9858766,-22.7453914],[-46.9860464,-22.7455584],[-46.9860978,-22.7458504],[-46.9858883,-22.7458602],[-46.9856306,-22.7458289],[-46.9853766,-22.7458627],[-46.9851258,-22.745928],[-46.9848415,-22.7459468],[-46.9845941,-22.7458033],[-46.9842914,-22.7456949],[-46.9840901,-22.7454995],[-46.9839786,-22.7452306],[-46.9837955,-22.745015],[-46.9835569,-22.7448723],[-46.9833028,-22.7447426],[-46.9831457,-22.74457],[-46.9830571,-22.7444229],[-46.9829984,-22.7443251],[-46.9827007,-22.7442997],[-46.982442,-22.7444293],[-46.982204,-22.7442596],[-46.9818871,-22.7442606],[-46.9816496,-22.7443583],[-46.9814385,-22.7444774],[-46.9811955,-22.7446094],[-46.9809501,-22.744709],[-46.9807088,-22.7447444],[-46.9804435,-22.7448867],[-46.9802596,-22.7449979],[-46.9800394,-22.7451613],[-46.979685,-22.7454408],[-46.9795135,-22.7455622],[-46.9792647,-22.7457377],[-46.979,-22.7457631],[-46.9787231,-22.7457315],[-46.9784814,-22.7456297],[-46.9782942,-22.7455203],[-46.9782484,-22.7453796],[-46.978198,-22.7452853],[-46.9781478,-22.745191],[-46.9780929,-22.7450844],[-46.9780154,-22.7449533],[-46.9779295,-22.7448595],[-46.9778253,-22.7447452],[-46.9775712,-22.7445916],[-46.9773046,-22.7445218],[-46.9769531,-22.7444411],[-46.9767389,-22.7444596],[-46.976507,-22.7444075],[-46.975999,-22.7443069],[-46.9758446,-22.7442369],[-46.9756109,-22.7441266],[-46.9755239,-22.744263],[-46.9754116,-22.7443137],[-46.9753099,-22.7442663],[-46.9753098,-22.7442663],[-46.9752193,-22.7442303],[-46.9749626,-22.7441598],[-46.9746991,-22.7442385],[-46.9744477,-22.7441933],[-46.9741566,-22.7442157],[-46.9738677,-22.7441827],[-46.9735647,-22.7441619],[-46.9733395,-22.7441236],[-46.9730695,-22.7440709],[-46.9727197,-22.7439858],[-46.9724767,-22.7440404],[-46.972225,-22.7439579],[-46.9719795,-22.7440293],[-46.971727,-22.7440045],[-46.9714644,-22.7440364],[-46.9712987,-22.7442167],[-46.9710454,-22.7442641],[-46.9707834,-22.7441864],[-46.9704947,-22.7441907],[-46.9702474,-22.7441791],[-46.9700061,-22.744099],[-46.9698324,-22.7439864],[-46.969518,-22.74417],[-46.9693253,-22.7442012],[-46.9690555,-22.7441188],[-46.9687982,-22.7441566],[-46.9685576,-22.7441954],[-46.9684773,-22.7443704],[-46.9682088,-22.7445606],[-46.9680363,-22.744578],[-46.9675994,-22.7448986],[-46.9675059,-22.7449592],[-46.9672419,-22.745059],[-46.9668258,-22.7450068],[-46.9666938,-22.7450384],[-46.9665475,-22.7451154],[-46.9664268,-22.7451876],[-46.9662821,-22.7452863],[-46.966148,-22.7453992],[-46.9659374,-22.7454674],[-46.9656902,-22.7455826],[-46.9654265,-22.7455235],[-46.9653086,-22.7454757],[-46.965057,-22.7453814],[-46.9648146,-22.7452256],[-46.9646293,-22.7450644],[-46.9645121,-22.7448576],[-46.9643243,-22.7447012],[-46.9641682,-22.7446707],[-46.9638721,-22.7444723],[-46.9636711,-22.7443063],[-46.9632763,-22.7438718],[-46.9632116,-22.7437306],[-46.9631681,-22.7436021],[-46.963126,-22.7432884],[-46.9630737,-22.7431927],[-46.9630474,-22.7430369],[-46.9629967,-22.7429281],[-46.9629357,-22.7428043],[-46.9628299,-22.7427284],[-46.962672,-22.7426544],[-46.9624084,-22.742517],[-46.9623456,-22.7424532],[-46.9623144,-22.7423439],[-46.9623647,-22.7422439],[-46.9625976,-22.7419873],[-46.962919,-22.741716],[-46.9632483,-22.7415128],[-46.9636969,-22.7412467],[-46.9640569,-22.7410197],[-46.9644696,-22.7406395],[-46.9648975,-22.7399947],[-46.9650779,-22.7396839],[-46.9651926,-22.7394357],[-46.9652495,-22.7392772],[-46.9653195,-22.739009],[-46.9652846,-22.7386392],[-46.9651204,-22.738007],[-46.965018,-22.7375626],[-46.9651525,-22.7371551],[-46.9652596,-22.736867],[-46.9654153,-22.7365096],[-46.9650347,-22.7358376],[-46.9647135,-22.7356065],[-46.9643573,-22.7352979],[-46.9641203,-22.7352665],[-46.9639565,-22.7351794],[-46.9639032,-22.7350635],[-46.9636456,-22.7346731],[-46.9625731,-22.733805],[-46.9619569,-22.7330718],[-46.9612687,-22.7321225],[-46.9604193,-22.731935],[-46.9599802,-22.7316536],[-46.9599266,-22.7310396],[-46.9597889,-22.7304682],[-46.9595525,-22.7300428],[-46.9592282,-22.7296325],[-46.9587131,-22.729272],[-46.9584373,-22.7291109],[-46.9580524,-22.729007],[-46.9578552,-22.7292082],[-46.9573701,-22.7295259],[-46.9567373,-22.729727],[-46.9564197,-22.7298426],[-46.9559693,-22.7300211],[-46.9556945,-22.730215],[-46.9555365,-22.730301],[-46.9550495,-22.730417],[-46.9546839,-22.7304624],[-46.9544317,-22.7305552],[-46.9541215,-22.7308164],[-46.953562,-22.731372],[-46.9529366,-22.7321911],[-46.9524277,-22.7326793],[-46.9520492,-22.7327781],[-46.9517663,-22.7328554],[-46.9512391,-22.7330956],[-46.9509721,-22.733282],[-46.9507965,-22.7334271],[-46.9506661,-22.7335967],[-46.9505377,-22.7339006],[-46.950483,-22.7343044],[-46.9502852,-22.7348331],[-46.9500033,-22.7353853],[-46.9494709,-22.7357221],[-46.9490625,-22.7358726],[-46.9485454,-22.7360134],[-46.9482211,-22.7361406],[-46.9481012,-22.7362376],[-46.9479136,-22.7363913],[-46.9476945,-22.7365356],[-46.9474686,-22.7366679],[-46.9472837,-22.7368133],[-46.9471662,-22.7369605],[-46.9470405,-22.7372839],[-46.9470101,-22.7377049],[-46.9467858,-22.7382905],[-46.9462867,-22.7387329],[-46.9456097,-22.7389874],[-46.9450757,-22.7390848],[-46.9447003,-22.7389997],[-46.9443372,-22.738937],[-46.9440587,-22.7388844],[-46.9438173,-22.7388873],[-46.9433733,-22.7389596],[-46.9431181,-22.7391367],[-46.9428729,-22.7395483],[-46.942667,-22.7401712],[-46.9425611,-22.7405509],[-46.9424319,-22.7410341],[-46.9422637,-22.7413802],[-46.9415105,-22.7418101],[-46.941271,-22.7419475],[-46.9409358,-22.7420606],[-46.9406397,-22.7421677],[-46.9404459,-22.7422678],[-46.9403589,-22.742331],[-46.940083,-22.7425263],[-46.9398233,-22.7426628],[-46.9396558,-22.7427955],[-46.9393496,-22.7430101],[-46.938521,-22.7435684],[-46.9379477,-22.7439343],[-46.9276464,-22.749744],[-46.9263445,-22.7504908],[-46.90627,-22.761845],[-46.9049408,-22.7625999],[-46.9049698,-22.7628014],[-46.9052165,-22.7631996],[-46.9054455,-22.7634734],[-46.9058818,-22.763797],[-46.9060098,-22.7640225],[-46.9061608,-22.7642424],[-46.9061198,-22.7649504],[-46.9059867,-22.7655836],[-46.9059081,-22.7660016],[-46.9058715,-22.7661137],[-46.9056901,-22.7664196],[-46.9051472,-22.7668102],[-46.9048963,-22.7669366],[-46.9042255,-22.7669823],[-46.9036504,-22.7669562],[-46.9033338,-22.7668751],[-46.9029963,-22.7667375],[-46.9024045,-22.7666125],[-46.9017834,-22.7668291],[-46.9012817,-22.7671166],[-46.9012038,-22.7674892],[-46.9014253,-22.7678788],[-46.9021948,-22.7683602],[-46.9024928,-22.7685736],[-46.9025265,-22.768809],[-46.9024186,-22.7690933],[-46.9023027,-22.7695381],[-46.9023267,-22.7698114],[-46.902676,-22.7700525],[-46.9029029,-22.7702808],[-46.9030004,-22.7707042],[-46.9031152,-22.7709979],[-46.9031631,-22.7712154],[-46.9029792,-22.7716598],[-46.9027868,-22.7719705],[-46.9027131,-22.7720627],[-46.9026344,-22.7721849],[-46.9022944,-22.7726134],[-46.9020267,-22.7729027],[-46.9018744,-22.7730609],[-46.9018332,-22.7731308],[-46.9017614,-22.7733577],[-46.901749,-22.7734914],[-46.9017517,-22.7736811],[-46.9017706,-22.7739142],[-46.9018148,-22.7740742],[-46.9018384,-22.7742084],[-46.9019446,-22.7745279],[-46.9019559,-22.7747835],[-46.9010797,-22.775554],[-46.9009651,-22.7757847],[-46.9008248,-22.7759374],[-46.9007288,-22.7759501],[-46.9005672,-22.7759554],[-46.9005128,-22.7759227],[-46.9004579,-22.7758466],[-46.9004032,-22.7757873],[-46.9003049,-22.7756886],[-46.9002177,-22.775623],[-46.9001381,-22.7755682],[-46.8998825,-22.7754769],[-46.8995888,-22.7755653],[-46.8994811,-22.7758684],[-46.8991566,-22.7766835],[-46.898834,-22.776895],[-46.8985446,-22.7772993],[-46.8982371,-22.7778596],[-46.8982809,-22.7780948],[-46.8984268,-22.7783383],[-46.8986631,-22.7785053],[-46.899175,-22.7787446],[-46.899636,-22.7789748],[-46.9003355,-22.779542],[-46.9007168,-22.7798864],[-46.9010343,-22.7800431],[-46.901539,-22.7801266],[-46.9019565,-22.7801594],[-46.9023457,-22.7803433],[-46.9025528,-22.780605],[-46.9027344,-22.7812256],[-46.9027415,-22.7817396],[-46.9026852,-22.7820799],[-46.902789,-22.7822297],[-46.9032812,-22.7825068],[-46.9038146,-22.7828306],[-46.9041859,-22.783194],[-46.904651,-22.7837167],[-46.905009,-22.7838539],[-46.9052046,-22.7840214],[-46.9049932,-22.7845475],[-46.9048664,-22.7849358],[-46.9045252,-22.7852794],[-46.903923,-22.7858715],[-46.9033177,-22.7862467],[-46.9025153,-22.7863316],[-46.9015691,-22.7866261],[-46.9010078,-22.7868605],[-46.9006131,-22.7870854],[-46.9004244,-22.7874178],[-46.9004588,-22.7877005],[-46.9004721,-22.7879267],[-46.9002818,-22.788146],[-46.899943,-22.7883817],[-46.8996898,-22.7885672],[-46.8994158,-22.7887935],[-46.8993131,-22.7889401],[-46.8992894,-22.7891388],[-46.899373,-22.7893688],[-46.8995512,-22.7897441],[-46.8995361,-22.7901311],[-46.8994313,-22.7906417],[-46.8993881,-22.7911893],[-46.8992413,-22.7916061],[-46.8991751,-22.7919748],[-46.8991395,-22.7921533],[-46.8991303,-22.7922434],[-46.8991123,-22.7923388],[-46.8990243,-22.7924767],[-46.8988914,-22.7926092],[-46.8988938,-22.7927817],[-46.8988966,-22.792984],[-46.898848,-22.7931809],[-46.8987288,-22.7933727],[-46.8985024,-22.7935248],[-46.8983148,-22.7936068],[-46.8980009,-22.7936402],[-46.8975964,-22.7936332],[-46.8970081,-22.793564],[-46.8967518,-22.7935469],[-46.8966646,-22.7935379],[-46.8964912,-22.7935955],[-46.8962473,-22.7938103],[-46.8961785,-22.7940701],[-46.8961511,-22.7942155],[-46.8961158,-22.7944179],[-46.8960187,-22.7948688],[-46.8959445,-22.7950661],[-46.8958388,-22.7953172],[-46.8957841,-22.795544],[-46.8957687,-22.7957097],[-46.8957817,-22.7958612],[-46.8958143,-22.7961401],[-46.8958691,-22.7962692],[-46.8959702,-22.7964611],[-46.8961006,-22.7966202],[-46.8961998,-22.7968213],[-46.8962224,-22.797065],[-46.8960908,-22.7972987],[-46.8958824,-22.7975392],[-46.8956469,-22.7976848],[-46.8953015,-22.7977663],[-46.8949997,-22.7977579],[-46.8947602,-22.7976061],[-46.8945776,-22.7975232],[-46.8944783,-22.7974977],[-46.8940741,-22.7974071],[-46.8935563,-22.7973213],[-46.8933674,-22.7973667],[-46.893049,-22.797549],[-46.8928902,-22.79767],[-46.8927005,-22.7978716],[-46.8926343,-22.79821],[-46.8927749,-22.7985747],[-46.8929251,-22.7988031],[-46.8931017,-22.799045],[-46.8933105,-22.7992864],[-46.8936281,-22.7995117],[-46.8939707,-22.7996922],[-46.894377,-22.7998361],[-46.8946105,-22.8000119],[-46.8946809,-22.8002091],[-46.8947063,-22.8003249],[-46.8946474,-22.8012319],[-46.8946806,-22.8013648],[-46.894536,-22.8015866],[-46.8944097,-22.8017429],[-46.8943361,-22.8019817],[-46.8944157,-22.8021713],[-46.8944577,-22.8024147],[-46.8943389,-22.8026482],[-46.8940273,-22.8028601],[-46.8937592,-22.8030476],[-46.8936106,-22.8031656],[-46.8934435,-22.8033964],[-46.8933665,-22.8038005],[-46.8933578,-22.8041509],[-46.8934678,-22.8044123],[-46.8936477,-22.8047072],[-46.8938188,-22.8051174],[-46.893987,-22.8053168],[-46.8941363,-22.8053783],[-46.8942761,-22.8054397],[-46.8943393,-22.8054657],[-46.8945384,-22.8055673],[-46.8946314,-22.8057002],[-46.894647,-22.8059024],[-46.8947466,-22.8061392],[-46.89484,-22.8063999],[-46.8948609,-22.8065127],[-46.8948837,-22.8067683],[-46.894926,-22.8070415],[-46.8948138,-22.8072967],[-46.8946769,-22.8074422],[-46.8944914,-22.8076188],[-46.8943598,-22.8077466],[-46.8943025,-22.8079088],[-46.89433,-22.8080393],[-46.8944287,-22.8082167],[-46.8944706,-22.8084602],[-46.8944624,-22.8087964],[-46.8943833,-22.8091127],[-46.8942398,-22.809406],[-46.8941471,-22.8096689],[-46.8940348,-22.8099023],[-46.8938458,-22.8101604],[-46.8936954,-22.8104211],[-46.8936728,-22.8106474],[-46.8936258,-22.8109575],[-46.8936105,-22.8111206],[-46.8935761,-22.811443],[-46.8935244,-22.8116779],[-46.8934579,-22.8120697],[-46.8934334,-22.8122014],[-46.893241,-22.8124455],[-46.8931591,-22.8124833],[-46.8930445,-22.8125502],[-46.8928598,-22.8126535],[-46.8925866,-22.812853],[-46.8923395,-22.813094],[-46.8921183,-22.8133347],[-46.8918983,-22.8136765],[-46.8917449,-22.813955],[-46.8915826,-22.8142901],[-46.8914841,-22.8145948],[-46.8914178,-22.814905],[-46.8913571,-22.8151616],[-46.891362,-22.8155185],[-46.8913201,-22.8157023],[-46.8912963,-22.8158689],[-46.89125,-22.8160736],[-46.8912181,-22.8161862],[-46.891146,-22.8163253],[-46.8910612,-22.8164929],[-46.8909559,-22.8167938],[-46.8908246,-22.8170393],[-46.8905509,-22.8172092],[-46.8904438,-22.81724],[-46.8903129,-22.8172897],[-46.8902206,-22.8173484],[-46.8900012,-22.8175005],[-46.8896168,-22.8177382],[-46.8894453,-22.8177965],[-46.8891965,-22.8179006],[-46.8889477,-22.8180107],[-46.8887114,-22.8180967],[-46.888559,-22.8182176],[-46.8884331,-22.8184006],[-46.888276,-22.8186465],[-46.888112,-22.8188507],[-46.8879031,-22.8190674],[-46.8877006,-22.8192781],[-46.8875881,-22.8193616],[-46.8871553,-22.8194626],[-46.8868765,-22.8194947],[-46.8865133,-22.8194031],[-46.8862121,-22.8193107],[-46.8858686,-22.8191423],[-46.8850767,-22.8187106],[-46.8845957,-22.8184817],[-46.8843761,-22.8183831],[-46.884009,-22.8183302],[-46.8835811,-22.818446],[-46.8833007,-22.8185983],[-46.882919,-22.8188467],[-46.8826649,-22.8190402],[-46.8824047,-22.8192574],[-46.8820871,-22.8194933],[-46.8817428,-22.8197278],[-46.8816522,-22.8199015],[-46.8816241,-22.8201223],[-46.8816082,-22.8202245],[-46.8815916,-22.8202729],[-46.8815382,-22.8204251],[-46.881425,-22.8205989],[-46.8813112,-22.8207192],[-46.8810764,-22.8209184],[-46.8808153,-22.8210702],[-46.88054,-22.821127],[-46.8802632,-22.8210649],[-46.8800031,-22.8209761],[-46.8797596,-22.8208506],[-46.8795242,-22.8207731],[-46.8793635,-22.8207511],[-46.879158,-22.8207535],[-46.87885,-22.8207631],[-46.878478,-22.8207794],[-46.8781953,-22.8207589],[-46.8780198,-22.8206004],[-46.8779143,-22.8204054],[-46.8778607,-22.8202393],[-46.8778456,-22.8200729],[-46.877817,-22.8198589],[-46.8777749,-22.8195977],[-46.8777078,-22.8193842],[-46.8775869,-22.8189929],[-46.8774272,-22.8185782],[-46.8771779,-22.8181884],[-46.8769426,-22.8178818],[-46.876809,-22.8177927],[-46.876672,-22.8177216],[-46.8764778,-22.8176753],[-46.8762999,-22.8176629],[-46.876147,-22.8176736],[-46.8754494,-22.8177075],[-46.8750057,-22.8177343],[-46.874662,-22.8175936],[-46.8743912,-22.8173778],[-46.8736942,-22.8169989],[-46.8732655,-22.8168083],[-46.8728366,-22.8169073],[-46.8722597,-22.8172895],[-46.8712673,-22.8175279],[-46.8703153,-22.8176251],[-46.8694703,-22.8175334],[-46.8687713,-22.8173069],[-46.8682821,-22.8173205],[-46.8677168,-22.8173271],[-46.8673312,-22.8175037],[-46.86734,-22.8181489],[-46.8673761,-22.8189423],[-46.8673831,-22.8194505],[-46.8673084,-22.8201633],[-46.867174,-22.8208218],[-46.8672841,-22.8214736],[-46.8673335,-22.821997],[-46.8673495,-22.8225522],[-46.8674517,-22.8232432],[-46.8675242,-22.8242278],[-46.8676037,-22.8250989],[-46.8676977,-22.8258095],[-46.8677208,-22.8262629],[-46.8677326,-22.8265208],[-46.8678227,-22.8269344],[-46.8678529,-22.8273017],[-46.8677378,-22.8275141],[-46.8673914,-22.8274791],[-46.8671031,-22.8273729],[-46.8666714,-22.8272762],[-46.8661581,-22.8273762],[-46.8656823,-22.8273652],[-46.8651753,-22.8271991],[-46.8650271,-22.8270453],[-46.8648209,-22.8267739],[-46.8645366,-22.8263393],[-46.8643364,-22.8258919],[-46.8641458,-22.8255188],[-46.8639635,-22.8251455],[-46.8637415,-22.8249525],[-46.8635528,-22.8247279],[-46.8633733,-22.8245579],[-46.8632383,-22.8245595],[-46.8628781,-22.8247515],[-46.8623337,-22.8250471],[-46.8618691,-22.8253147],[-46.8615592,-22.8254825],[-46.8613088,-22.825681],[-46.8611189,-22.8259882],[-46.861105,-22.8262074],[-46.8611787,-22.826668],[-46.8612244,-22.8269177],[-46.861313,-22.8272374],[-46.8613761,-22.8275339],[-46.8614307,-22.8278226],[-46.8614266,-22.8281472],[-46.8612365,-22.8290567],[-46.8611016,-22.8296801],[-46.8609967,-22.8300332],[-46.8609171,-22.8303861],[-46.860871,-22.8307152],[-46.860841,-22.8309892],[-46.860777,-22.831248],[-46.8607554,-22.8315299],[-46.8607842,-22.8317798],[-46.8608787,-22.8320583],[-46.8609572,-22.832253],[-46.8609856,-22.8324717],[-46.8610141,-22.8327098],[-46.8610169,-22.8329171],[-46.8609776,-22.8331287],[-46.8608928,-22.8333976],[-46.8607162,-22.8336059],[-46.8604586,-22.8337232],[-46.8601925,-22.8338206],[-46.8601916,-22.833821],[-46.8601326,-22.8338635],[-46.8600762,-22.8338988],[-46.8600256,-22.8339411],[-46.859936,-22.8340363],[-46.8598892,-22.8340823],[-46.8598462,-22.8341313],[-46.8598109,-22.8341854],[-46.8597869,-22.8342445],[-46.859775,-22.8343067],[-46.8597652,-22.8343692],[-46.8597469,-22.8344299],[-46.8597164,-22.8344863],[-46.8596726,-22.8345346],[-46.8596196,-22.8345742],[-46.8595611,-22.8346068],[-46.8594982,-22.8346311],[-46.8594319,-22.8346453],[-46.8593644,-22.8346541],[-46.8592972,-22.8346652],[-46.8592307,-22.8346788],[-46.8590965,-22.8347014],[-46.8590307,-22.834718],[-46.8588405,-22.8347878],[-46.8587815,-22.8348192],[-46.8587319,-22.8348623],[-46.8586957,-22.8349157],[-46.8586749,-22.8349757],[-46.8586508,-22.8351002],[-46.858636,-22.8351619],[-46.8586169,-22.8352226],[-46.8586004,-22.8352838],[-46.8585933,-22.8353466],[-46.8585894,-22.8354097],[-46.8585793,-22.8354722],[-46.8585623,-22.8355334],[-46.8585219,-22.8356542],[-46.8585057,-22.8357156],[-46.85848,-22.8358396],[-46.8584645,-22.8359012],[-46.8583909,-22.8361447],[-46.8583703,-22.8362049],[-46.8582946,-22.836381],[-46.8582636,-22.8364373],[-46.8582235,-22.8364883],[-46.8581877,-22.8365419],[-46.858185,-22.8365552],[-46.8581753,-22.8366037],[-46.8581798,-22.8366667],[-46.8581906,-22.8367291],[-46.8582086,-22.83679],[-46.858235,-22.8368482],[-46.8582699,-22.8369026],[-46.8583116,-22.8369525],[-46.8583551,-22.8370012],[-46.8583953,-22.8370522],[-46.85843,-22.8371065],[-46.858487,-22.8372214],[-46.8585539,-22.8373316],[-46.8586067,-22.837448],[-46.8586428,-22.8375016],[-46.8586832,-22.8375525],[-46.8587159,-22.8376078],[-46.8587407,-22.8376667],[-46.8587678,-22.8377246],[-46.8587985,-22.8377812],[-46.8588258,-22.837839],[-46.8588501,-22.837898],[-46.8588807,-22.8379544],[-46.8589207,-22.8380056],[-46.8589634,-22.8380548],[-46.8590046,-22.8381052],[-46.8590424,-22.8381578],[-46.8590753,-22.8382132],[-46.859103,-22.8382709],[-46.8591255,-22.8383306],[-46.859144,-22.8383914],[-46.8591601,-22.8384529],[-46.8591894,-22.8385764],[-46.859198,-22.8386389],[-46.8591959,-22.8387021],[-46.8591787,-22.8388275],[-46.8591586,-22.8390161],[-46.8591482,-22.8390786],[-46.8591238,-22.8392031],[-46.8591173,-22.8392659],[-46.8591218,-22.8393289],[-46.8591407,-22.8393895],[-46.8591703,-22.8394463],[-46.8592072,-22.8394995],[-46.8593263,-22.8396538],[-46.8594106,-22.8397531],[-46.8594454,-22.8398074],[-46.859473,-22.8398651],[-46.8594958,-22.8399247],[-46.8595137,-22.8399856],[-46.8595255,-22.840048],[-46.8595311,-22.8401109],[-46.8595323,-22.8401741],[-46.8595296,-22.8402372],[-46.8595235,-22.8403001],[-46.8595132,-22.8403626],[-46.859497,-22.840424],[-46.859475,-22.8404839],[-46.859426,-22.8406018],[-46.8593989,-22.8406598],[-46.8593664,-22.8407153],[-46.8593268,-22.8407667],[-46.8592796,-22.8408123],[-46.85923,-22.8408557],[-46.8591839,-22.8409022],[-46.8591431,-22.8409528],[-46.8591073,-22.8410066],[-46.8590757,-22.8410626],[-46.8590467,-22.8411198],[-46.8590197,-22.8411778],[-46.8589692,-22.8412951],[-46.8589376,-22.8413511],[-46.8589026,-22.8414054],[-46.8588767,-22.8414638],[-46.8588668,-22.8415262],[-46.8588617,-22.8415892],[-46.8588529,-22.8416519],[-46.8588396,-22.8417139],[-46.8588228,-22.8417751],[-46.8587836,-22.8418963],[-46.8587668,-22.8419575],[-46.8587575,-22.84202],[-46.858754,-22.8420831],[-46.8587503,-22.8423992],[-46.8587544,-22.8426518],[-46.8587464,-22.8428414],[-46.8587477,-22.8429677],[-46.8587466,-22.8430309],[-46.8587401,-22.8430938],[-46.8587071,-22.843281],[-46.8586776,-22.8434044],[-46.8586652,-22.8434665],[-46.8586549,-22.843529],[-46.8586392,-22.8435904],[-46.8585937,-22.8437097],[-46.8585588,-22.8438318],[-46.8585138,-22.8439511],[-46.8584964,-22.8440122],[-46.8584835,-22.8440743],[-46.8584732,-22.8441368],[-46.8584659,-22.8441996],[-46.8584632,-22.8442627],[-46.8584642,-22.8444523],[-46.8584686,-22.8445154],[-46.8584791,-22.8445779],[-46.8584945,-22.8446394],[-46.8585137,-22.8447],[-46.8585358,-22.8447598],[-46.8586088,-22.8449369],[-46.8586366,-22.8449947],[-46.8586707,-22.8450494],[-46.8587116,-22.8450999],[-46.8587585,-22.8451458],[-46.8588597,-22.8452305],[-46.8589073,-22.8452758],[-46.8589473,-22.8453268],[-46.8590161,-22.845436],[-46.8590531,-22.8454891],[-46.8590919,-22.8455411],[-46.8591281,-22.8455946],[-46.8591529,-22.8456533],[-46.8591622,-22.8457157],[-46.8591616,-22.8457789],[-46.859155,-22.8458419],[-46.8591439,-22.8459043],[-46.8591286,-22.8459659],[-46.8591088,-22.8460263],[-46.8590858,-22.8460857],[-46.8590657,-22.8461462],[-46.8590547,-22.8462084],[-46.8590426,-22.8463343],[-46.8590385,-22.8463975],[-46.8590427,-22.8464605],[-46.8590563,-22.8465224],[-46.8590781,-22.8465823],[-46.8591284,-22.8466997],[-46.8591506,-22.8467595],[-46.8591747,-22.8468186],[-46.8592013,-22.8468768],[-46.8592257,-22.8469358],[-46.8592414,-22.8469973],[-46.8592507,-22.8470599],[-46.8592619,-22.8471221],[-46.8592844,-22.8471816],[-46.8593219,-22.8472343],[-46.8594084,-22.8473318],[-46.8594485,-22.8473829],[-46.8594843,-22.8474366],[-46.8595137,-22.8474936],[-46.8595555,-22.8476138],[-46.8595811,-22.8476723],[-46.8596106,-22.8477294],[-46.8596658,-22.8478448],[-46.8597242,-22.847959],[-46.8597517,-22.8480167],[-46.8598463,-22.8482538],[-46.8599113,-22.8484334],[-46.8599241,-22.8484954],[-46.8599261,-22.8485584],[-46.859937,-22.8486205],[-46.859974,-22.8486733],[-46.860013,-22.8487248],[-46.8600089,-22.848786],[-46.8599405,-22.848895],[-46.8598974,-22.8490143],[-46.8598543,-22.8490626],[-46.8597974,-22.8490971],[-46.8597361,-22.8491246],[-46.8596737,-22.8491496],[-46.8596121,-22.8491763],[-46.8594905,-22.849233],[-46.8594305,-22.849263],[-46.8593748,-22.8492992],[-46.8593248,-22.8493418],[-46.8592786,-22.8493882],[-46.8592355,-22.849437],[-46.8591962,-22.8494884],[-46.8591591,-22.8495415],[-46.8590812,-22.849645],[-46.8590508,-22.8497011],[-46.8590369,-22.8497624],[-46.8590293,-22.8498251],[-46.8590158,-22.8498779],[-46.8589764,-22.8499393],[-46.8588438,-22.8500826],[-46.8587959,-22.8501275],[-46.8587461,-22.8501707],[-46.8587006,-22.8502176],[-46.8586673,-22.8502726],[-46.8586437,-22.8503318],[-46.8586171,-22.8503899],[-46.8585823,-22.8504443],[-46.8585427,-22.8504958],[-46.8584593,-22.8505957],[-46.8582968,-22.8507987],[-46.858103,-22.8510587],[-46.8580628,-22.8511095],[-46.8580142,-22.8511537],[-46.8579575,-22.8511886],[-46.8578958,-22.8512156],[-46.8577675,-22.8512582],[-46.8577023,-22.8512766],[-46.8576351,-22.8512871],[-46.8574988,-22.8512911],[-46.8574309,-22.851296],[-46.8573631,-22.8513034],[-46.8572961,-22.8513147],[-46.8572337,-22.8513395],[-46.8571743,-22.8513937],[-46.8571496,-22.8514373],[-46.8571221,-22.851495],[-46.8571015,-22.8515552],[-46.8570876,-22.851617],[-46.8570764,-22.8516794],[-46.8570502,-22.8518034],[-46.8570067,-22.8520529],[-46.8570002,-22.8521158],[-46.8569977,-22.8521789],[-46.8569902,-22.8522417],[-46.8569711,-22.8523024],[-46.856922,-22.8524201],[-46.8569003,-22.8524801],[-46.8568839,-22.8525414],[-46.8568725,-22.8526036],[-46.8568558,-22.8527291],[-46.8568431,-22.8527885],[-46.856839,-22.8528018],[-46.8568102,-22.8529136],[-46.8568041,-22.8530398],[-46.8567856,-22.853292],[-46.8567821,-22.8534815],[-46.8567787,-22.8535446],[-46.8567635,-22.8536703],[-46.8567591,-22.8537332],[-46.8567604,-22.8537964],[-46.8567672,-22.8538593],[-46.8567769,-22.8539218],[-46.8567846,-22.8539846],[-46.8567838,-22.8540579],[-46.8567652,-22.8541725],[-46.8567531,-22.8542345],[-46.8567209,-22.8542898],[-46.8566799,-22.8543401],[-46.856654,-22.854398],[-46.8566296,-22.8545222],[-46.8566145,-22.8545837],[-46.8566019,-22.8546457],[-46.8565774,-22.8548335],[-46.8565473,-22.8550207],[-46.8565332,-22.8551462],[-46.8565241,-22.8552087],[-46.8565015,-22.8553331],[-46.856492,-22.8553955],[-46.8564884,-22.8554586],[-46.8564898,-22.8555216],[-46.8564956,-22.8556476],[-46.856496,-22.8557107],[-46.8564904,-22.8557736],[-46.8564723,-22.8558342],[-46.8564462,-22.8558924],[-46.8564317,-22.8559538],[-46.8564373,-22.8560166],[-46.8564371,-22.8560794],[-46.8564079,-22.8561359],[-46.8563619,-22.8561824],[-46.8562601,-22.8562662],[-46.8562075,-22.8563062],[-46.8561524,-22.8563431],[-46.8560951,-22.8563772],[-46.8560367,-22.8564096],[-46.8559796,-22.8564438],[-46.8559289,-22.8564853],[-46.8559028,-22.8565415],[-46.8558901,-22.8566129],[-46.8558733,-22.8566631],[-46.8558586,-22.8567245],[-46.855879,-22.8567839],[-46.8559182,-22.8568356],[-46.8559542,-22.8568893],[-46.8559819,-22.856947],[-46.8560059,-22.8570061],[-46.8560504,-22.8571256],[-46.8560695,-22.8571863],[-46.8560828,-22.8572482],[-46.8560871,-22.8573113],[-46.8560776,-22.8573737],[-46.8560543,-22.857433],[-46.8560017,-22.8575496],[-46.855969,-22.857605],[-46.8559243,-22.8576526],[-46.855878,-22.857699],[-46.8558391,-22.8577509],[-46.8558025,-22.8578041],[-46.8557581,-22.8578521],[-46.8557087,-22.8578956],[-46.8556128,-22.8579855],[-46.8554712,-22.8580639],[-46.8552151,-22.8582294],[-46.8551551,-22.8582595],[-46.8550926,-22.8582846],[-46.8550285,-22.8583062],[-46.8549678,-22.8583347],[-46.8549171,-22.8583767],[-46.8548774,-22.8584279],[-46.8548477,-22.8584848],[-46.8548256,-22.8585445],[-46.8548077,-22.8586055],[-46.8547942,-22.8586675],[-46.8547784,-22.858793],[-46.8547679,-22.8588555],[-46.8547531,-22.8589171],[-46.8547352,-22.8589781],[-46.8547133,-22.859038],[-46.8546859,-22.8590959],[-46.8546512,-22.8591502],[-46.8546085,-22.8591993],[-46.8545585,-22.8592423],[-46.854449,-22.8593177],[-46.8543977,-22.8593591],[-46.8543539,-22.8594075],[-46.854312,-22.8594575],[-46.8542655,-22.8595037],[-46.8542139,-22.8595451],[-46.854159,-22.8595825],[-46.854044,-22.8596504],[-46.8539874,-22.8596857],[-46.8539357,-22.8597267],[-46.8538903,-22.8597738],[-46.8538504,-22.8598251],[-46.8538163,-22.8598797],[-46.8537892,-22.8599377],[-46.8537688,-22.859998],[-46.8537519,-22.8600593],[-46.8537389,-22.8601213],[-46.8537314,-22.8601841],[-46.8537296,-22.8602472],[-46.8537333,-22.8603736],[-46.8537322,-22.8604368],[-46.8537249,-22.8604996],[-46.8537116,-22.8605616],[-46.8536937,-22.8606226],[-46.8536722,-22.8606824],[-46.8535983,-22.8608593],[-46.8535703,-22.8609169],[-46.8535455,-22.8609482],[-46.8534664,-22.8609945],[-46.8534014,-22.8610133],[-46.8533343,-22.8610246],[-46.8532662,-22.8610289],[-46.853198,-22.8610265],[-46.8531303,-22.8610191],[-46.852996,-22.8609973],[-46.8529299,-22.8609816],[-46.852865,-22.8609624],[-46.8527989,-22.8609468],[-46.8527313,-22.8609394],[-46.8526633,-22.8609351],[-46.8525954,-22.8609282],[-46.8525283,-22.8609168],[-46.8523965,-22.8608848],[-46.852263,-22.8608588],[-46.8521977,-22.8608404],[-46.8521649,-22.8608263],[-46.8520845,-22.8607712],[-46.8520331,-22.8607297],[-46.8519802,-22.8606898],[-46.8519257,-22.8606519],[-46.8518727,-22.8606122],[-46.8518236,-22.8605683],[-46.851731,-22.8604756],[-46.8515042,-22.8602396],[-46.8514083,-22.8601497],[-46.8513095,-22.8600627],[-46.8512564,-22.860023],[-46.8511984,-22.8599899],[-46.8511347,-22.8599678],[-46.8510671,-22.8599609],[-46.8510001,-22.8599717],[-46.8509396,-22.8600006],[-46.8508851,-22.8600385],[-46.8507799,-22.8601189],[-46.8507306,-22.8601625],[-46.850687,-22.860211],[-46.8506186,-22.8603203],[-46.8505742,-22.8603638],[-46.8505076,-22.8603852],[-46.8504398,-22.8603902],[-46.8503717,-22.8603924],[-46.8503044,-22.8604008],[-46.8502401,-22.8604212],[-46.8501774,-22.8604461],[-46.8500512,-22.8604929],[-46.8499915,-22.8605231],[-46.8499328,-22.860555],[-46.8498715,-22.8605823],[-46.849808,-22.8606048],[-46.8495502,-22.8606858],[-46.8494882,-22.8607116],[-46.8494306,-22.8607451],[-46.8493814,-22.8607885],[-46.8493404,-22.8608388],[-46.8493014,-22.8608905],[-46.8492594,-22.8609402],[-46.8492134,-22.8609866],[-46.8491645,-22.8610303],[-46.8491169,-22.8610755],[-46.8490752,-22.8611252],[-46.8490404,-22.8611793],[-46.8490122,-22.8612367],[-46.8489876,-22.8612955],[-46.8489354,-22.861412],[-46.848849,-22.8615833],[-46.8488235,-22.8616418],[-46.848805,-22.8617025],[-46.8487961,-22.861765],[-46.848791,-22.861828],[-46.848788,-22.861891],[-46.8487929,-22.8619539],[-46.8488221,-22.862077],[-46.8488554,-22.8622639],[-46.8488703,-22.8623254],[-46.8489063,-22.8624471],[-46.8489197,-22.8625089],[-46.8489518,-22.8626958],[-46.848981,-22.8628191],[-46.8489924,-22.8628813],[-46.849009,-22.8630066],[-46.8490527,-22.8632557],[-46.8490911,-22.8634416],[-46.8491077,-22.8635028],[-46.8491301,-22.8635623],[-46.8491713,-22.86362],[-46.8492036,-22.8636703],[-46.8492154,-22.8637079],[-46.8492015,-22.8637915],[-46.8491714,-22.8638482],[-46.8491437,-22.8639057],[-46.8491113,-22.864028],[-46.8490852,-22.8640863],[-46.8490201,-22.864197],[-46.8488948,-22.8644209],[-46.8488605,-22.8644753],[-46.8488227,-22.8645279],[-46.8487422,-22.8646295],[-46.8487057,-22.8646827],[-46.8486807,-22.8647412],[-46.8486712,-22.8648035],[-46.8486688,-22.8649297],[-46.8486621,-22.8649924],[-46.8486445,-22.8650532],[-46.8486151,-22.8651099],[-46.8485742,-22.8651603],[-46.8485212,-22.8651995],[-46.8484574,-22.8652208],[-46.8483228,-22.8652385],[-46.8482558,-22.8652498],[-46.8481885,-22.8652593],[-46.8481221,-22.8652729],[-46.848065,-22.8653058],[-46.8480278,-22.8653578],[-46.8480109,-22.8654187],[-46.8480094,-22.8654299],[-46.8480165,-22.8655444],[-46.8480366,-22.8656046],[-46.8480678,-22.8656605],[-46.8481038,-22.8657139],[-46.848138,-22.8657685],[-46.8481704,-22.865824],[-46.8482396,-22.8659327],[-46.8482644,-22.8659914],[-46.8482772,-22.8660533],[-46.8482947,-22.8661784],[-46.8483062,-22.8662406],[-46.8483326,-22.8663645],[-46.8483404,-22.8664271],[-46.8483439,-22.8664901],[-46.8483465,-22.8666163],[-46.8483606,-22.8667472],[-46.8483599,-22.8668104],[-46.8483503,-22.8668677],[-46.8483448,-22.8669307],[-46.8483446,-22.867057],[-46.8483385,-22.8671833],[-46.8483418,-22.8672465],[-46.8483554,-22.8673082],[-46.8483812,-22.8673666],[-46.848414,-22.867422],[-46.8484492,-22.8674762],[-46.8484886,-22.8675276],[-46.8485345,-22.8675744],[-46.8486315,-22.8676631],[-46.8486819,-22.8677057],[-46.84874,-22.8677386],[-46.8488026,-22.8677636],[-46.8488633,-22.8677921],[-46.8489193,-22.8678281],[-46.8490245,-22.8679086],[-46.8490807,-22.8679443],[-46.8491388,-22.8679773],[-46.8491862,-22.868022],[-46.8492125,-22.8680801],[-46.8492234,-22.8681038],[-46.8493331,-22.8682319],[-46.8493675,-22.8682863],[-46.8494053,-22.8683387],[-46.8494566,-22.8683802],[-46.8495689,-22.8684516],[-46.8496324,-22.868474],[-46.849698,-22.8684911],[-46.8497568,-22.8685225],[-46.8498093,-22.8685624],[-46.8499119,-22.8686447],[-46.8499382,-22.8686761],[-46.8499589,-22.8687592],[-46.8499518,-22.8688854],[-46.8499541,-22.8689484],[-46.8499613,-22.8690113],[-46.8499652,-22.8690744],[-46.8499646,-22.8692008],[-46.8499679,-22.8692639],[-46.8499766,-22.8693266],[-46.850002,-22.8694508],[-46.8500096,-22.8695136],[-46.8500142,-22.8695767],[-46.8500232,-22.8697661],[-46.8500351,-22.8699554],[-46.8500366,-22.8700186],[-46.8500296,-22.8700814],[-46.8500062,-22.8701405],[-46.8499717,-22.8701951],[-46.8499403,-22.870251],[-46.8498696,-22.870429],[-46.8498526,-22.8704901],[-46.849845,-22.8705529],[-46.84984,-22.870616],[-46.8498323,-22.8706787],[-46.8498109,-22.8708036],[-46.8498017,-22.8708662],[-46.849797,-22.8709292],[-46.8497948,-22.8709924],[-46.8497809,-22.8712449],[-46.8497725,-22.8713076],[-46.8497615,-22.87137],[-46.8497543,-22.8714328],[-46.8497534,-22.871496],[-46.8497636,-22.8717487],[-46.8497623,-22.8718119],[-46.8497553,-22.8718747],[-46.8497194,-22.8720613],[-46.8497124,-22.8721241],[-46.8496974,-22.8724399],[-46.849694,-22.8726928],[-46.8496983,-22.8727557],[-46.8497242,-22.8728798],[-46.8497288,-22.8729428],[-46.8497278,-22.873006],[-46.849729,-22.8730692],[-46.8497352,-22.8731322],[-46.8497462,-22.8731945],[-46.849762,-22.873256],[-46.849817,-22.8733219],[-46.8498523,-22.8733742],[-46.8499108,-22.8734987],[-46.8499259,-22.8735619],[-46.8499463,-22.8736623],[-46.8500307,-22.8738349],[-46.8500562,-22.8738935],[-46.8500754,-22.8739541],[-46.8500882,-22.8740163],[-46.8500918,-22.8740591],[-46.8500863,-22.8741219],[-46.850066,-22.8742013],[-46.8500368,-22.8742584],[-46.8500169,-22.8743187],[-46.8500047,-22.8743809],[-46.8499879,-22.8744421],[-46.8499637,-22.8745013],[-46.8499106,-22.8746176],[-46.8498757,-22.8746719],[-46.8498347,-22.8747223],[-46.8497994,-22.8747763],[-46.8497522,-22.8748948],[-46.8497178,-22.8749493],[-46.8496744,-22.874998],[-46.8496245,-22.875041],[-46.8495691,-22.8750777],[-46.8495091,-22.8751079],[-46.8494463,-22.8751325],[-46.8493818,-22.875153],[-46.8493158,-22.8751692],[-46.8491819,-22.8751927],[-46.849117,-22.8752118],[-46.8490561,-22.8752402],[-46.8490006,-22.8752769],[-46.8489489,-22.8753182],[-46.848843,-22.875398],[-46.8488067,-22.8754933],[-46.8488023,-22.8755064],[-46.8487798,-22.8755661],[-46.8487479,-22.8756218],[-46.8487033,-22.8756695],[-46.848654,-22.875713],[-46.8486069,-22.8757589],[-46.8485666,-22.8758097],[-46.8485306,-22.8758617],[-46.8485186,-22.8758808],[-46.8484654,-22.8759793],[-46.8484328,-22.8760277],[-46.8483871,-22.8760745],[-46.8483447,-22.876124],[-46.8483017,-22.8761731],[-46.8482632,-22.8762252],[-46.8482393,-22.8762842],[-46.8482346,-22.876347],[-46.8482491,-22.8764086],[-46.8482722,-22.8764681],[-46.848282,-22.8765303],[-46.8482724,-22.8765928],[-46.8482566,-22.8766543],[-46.8482427,-22.8767161],[-46.8482252,-22.876773],[-46.8482162,-22.8768161],[-46.8482297,-22.8769049],[-46.848235,-22.8769679],[-46.8482345,-22.8770309],[-46.8482162,-22.8770917],[-46.8481956,-22.8771519],[-46.8481889,-22.8772148],[-46.8481765,-22.8772767],[-46.8481403,-22.87733],[-46.8480928,-22.8773752],[-46.848043,-22.8774185],[-46.8479931,-22.8774615],[-46.8479439,-22.8775053],[-46.847897,-22.8775512],[-46.8478554,-22.8776012],[-46.8478244,-22.8776574],[-46.8477997,-22.8777164],[-46.8477686,-22.8777725],[-46.8477397,-22.8778297],[-46.8477138,-22.8778882],[-46.8476763,-22.8779408],[-46.8476265,-22.8779837],[-46.8475754,-22.8780257],[-46.8475251,-22.8780683],[-46.8474738,-22.8781101],[-46.8474205,-22.8781494],[-46.8473655,-22.8781869],[-46.8473121,-22.8782261],[-46.8472666,-22.878273],[-46.8472256,-22.8783236],[-46.8471812,-22.8783715],[-46.8471277,-22.8784108],[-46.847072,-22.8784471],[-46.8470216,-22.8784897],[-46.8469728,-22.8785338],[-46.8469162,-22.8785687],[-46.8468538,-22.8785943],[-46.8467911,-22.8786192],[-46.8467301,-22.8786474],[-46.8466708,-22.8786787],[-46.8466123,-22.8787114],[-46.846553,-22.8787424],[-46.8464916,-22.8787699],[-46.8464285,-22.878794],[-46.8463639,-22.8788142],[-46.8462978,-22.8788298],[-46.8462306,-22.8788408],[-46.8461631,-22.8788496],[-46.8460956,-22.8788589],[-46.8460286,-22.8788706],[-46.8459623,-22.8788858],[-46.8458961,-22.8789006],[-46.8458289,-22.8789111],[-46.8457608,-22.8789135],[-46.8456931,-22.8789058],[-46.8456259,-22.8788949],[-46.8455579,-22.8788912],[-46.8454897,-22.8788934],[-46.8454216,-22.8788925],[-46.8453538,-22.8788849],[-46.8452869,-22.8788726],[-46.8452206,-22.8788579],[-46.8451543,-22.8788431],[-46.8450875,-22.8788304],[-46.8450199,-22.8788221],[-46.8449517,-22.8788195],[-46.8448835,-22.8788201],[-46.8448153,-22.8788214],[-46.8447472,-22.8788234],[-46.844679,-22.8788265],[-46.8446109,-22.8788298],[-46.8445428,-22.8788319],[-46.8444745,-22.8788331],[-46.8444063,-22.8788341],[-46.8443382,-22.878835],[-46.84427,-22.8788344],[-46.8442018,-22.87883],[-46.8441351,-22.8788175],[-46.8440705,-22.8787972],[-46.8440063,-22.878776],[-46.8439412,-22.878757],[-46.8438776,-22.8787344],[-46.8438175,-22.8787046],[-46.8437576,-22.8786744],[-46.8436946,-22.8786501],[-46.8436293,-22.8786318],[-46.8435626,-22.8786186],[-46.8434948,-22.8786118],[-46.8434283,-22.8786197],[-46.8433589,-22.8786352],[-46.8433023,-22.8786603],[-46.8432565,-22.8787042],[-46.8432208,-22.878758],[-46.8431878,-22.8788133],[-46.8431582,-22.8788704],[-46.8431324,-22.8789288],[-46.8431011,-22.8789849],[-46.8430575,-22.8790333],[-46.8430062,-22.8790751],[-46.8429513,-22.8791125],[-46.8428929,-22.8791451],[-46.8428312,-22.8791718],[-46.8427682,-22.8791962],[-46.8427113,-22.8792268],[-46.8426678,-22.8792483],[-46.8425958,-22.8792963],[-46.8425413,-22.8793344],[-46.8424853,-22.8793706],[-46.8424294,-22.8794067],[-46.8423723,-22.8794411],[-46.8423121,-22.8794711],[-46.8422485,-22.8794933],[-46.842183,-22.8795114],[-46.8421204,-22.8795362],[-46.8420584,-22.8795628],[-46.8419929,-22.8795796],[-46.8419249,-22.879585],[-46.8418573,-22.8795924],[-46.8417931,-22.8796132],[-46.8417335,-22.8796441],[-46.8416756,-22.8796774],[-46.8416152,-22.8797067],[-46.8415498,-22.879724],[-46.8414822,-22.8797325],[-46.8414151,-22.8797438],[-46.8413515,-22.8797661],[-46.8412942,-22.8798096],[-46.8412728,-22.8798646],[-46.8412553,-22.8799256],[-46.8412353,-22.8799861],[-46.8412114,-22.8800452],[-46.8411844,-22.8801033],[-46.8411589,-22.8801619],[-46.8411393,-22.8802224],[-46.8411152,-22.8802813],[-46.8410734,-22.8803309],[-46.8410116,-22.8803663],[-46.8409517,-22.8803829],[-46.8408836,-22.8803865],[-46.8408154,-22.8803877],[-46.8407474,-22.8803927],[-46.8406793,-22.8803958],[-46.8406111,-22.8803918],[-46.8405432,-22.8803875],[-46.8404752,-22.8803907],[-46.8404074,-22.8803983],[-46.8403394,-22.8804038],[-46.8402712,-22.8804036],[-46.8402036,-22.880396],[-46.8401367,-22.880384],[-46.8400693,-22.8803742],[-46.8400013,-22.8803693],[-46.839933,-22.8803676],[-46.8398648,-22.8803674],[-46.8397966,-22.880367],[-46.8397481,-22.8803702],[-46.8396603,-22.8803692],[-46.8395927,-22.8803773],[-46.8395255,-22.8803881],[-46.8395213,-22.8803882],[-46.8394531,-22.8803886],[-46.8393849,-22.8803895],[-46.8393167,-22.8803908],[-46.8392485,-22.8803913],[-46.8391803,-22.8803892],[-46.8391123,-22.8803846],[-46.8390444,-22.880379],[-46.8390354,-22.880379],[-46.8389673,-22.8803772],[-46.8389004,-22.880365],[-46.8388364,-22.8803431],[-46.8387738,-22.8803181],[-46.8387107,-22.8802942],[-46.8386458,-22.8802747],[-46.8385801,-22.8802578],[-46.838516,-22.8802363],[-46.8384547,-22.8802088],[-46.8383932,-22.8801812],[-46.83833,-22.8801575],[-46.838267,-22.8801333],[-46.838206,-22.8801051],[-46.838134,-22.8800785],[-46.8380762,-22.8800699],[-46.838008,-22.8800696],[-46.8379398,-22.8800707],[-46.8378715,-22.8800709],[-46.8378034,-22.8800733],[-46.8377353,-22.8800777],[-46.8376672,-22.8800769],[-46.8375995,-22.8800694],[-46.837532,-22.8800597],[-46.8374646,-22.8800506],[-46.837397,-22.8800418],[-46.8373293,-22.8800342],[-46.8372612,-22.8800317],[-46.8371932,-22.8800369],[-46.8371259,-22.8800464],[-46.8370587,-22.8800573],[-46.8369923,-22.8800721],[-46.8369281,-22.8800933],[-46.8368652,-22.8801179],[-46.8368019,-22.8801413],[-46.8367386,-22.8801647],[-46.8366772,-22.8801923],[-46.836617,-22.8802221],[-46.8365554,-22.8802491],[-46.8364912,-22.8802703],[-46.8364248,-22.8802843],[-46.836357,-22.8802921],[-46.836289,-22.8802972],[-46.836221,-22.8803019],[-46.8361531,-22.8803078],[-46.836085,-22.8803115],[-46.8360174,-22.8803042],[-46.8359527,-22.8802844],[-46.8358878,-22.8802651],[-46.8358205,-22.8802548],[-46.8357525,-22.880249],[-46.8356848,-22.8802426],[-46.8356171,-22.8802342],[-46.8355499,-22.8802241],[-46.8354822,-22.8802158],[-46.835414,-22.8802135],[-46.835346,-22.8802167],[-46.8352781,-22.8802233],[-46.8352103,-22.8802307],[-46.8351412,-22.8802377],[-46.8350742,-22.8802396],[-46.8350063,-22.8802452],[-46.8349389,-22.8802547],[-46.8348723,-22.8802685],[-46.8348063,-22.8802842],[-46.8347392,-22.880295],[-46.834671,-22.8802973],[-46.8346028,-22.8802958],[-46.8345334,-22.8803014],[-46.8344674,-22.8803074],[-46.8343571,-22.8803261],[-46.8343268,-22.8803152],[-46.8342788,-22.8802708],[-46.8342376,-22.8802064],[-46.8342199,-22.8801518],[-46.8341938,-22.8800934],[-46.8341695,-22.8800343],[-46.8341442,-22.8799756],[-46.8341167,-22.8799178],[-46.8340865,-22.8798611],[-46.8340522,-22.8798065],[-46.8340127,-22.8797549],[-46.8339697,-22.8797059],[-46.8339258,-22.8796576],[-46.8338829,-22.8796084],[-46.8338417,-22.879558],[-46.8338021,-22.8795065],[-46.8337627,-22.8794549],[-46.8337241,-22.8794122],[-46.8336816,-22.8793533],[-46.8336455,-22.8792998],[-46.8336117,-22.8792448],[-46.8335727,-22.879193],[-46.8335335,-22.8791412],[-46.8334988,-22.8790869],[-46.8334619,-22.8790338],[-46.8334154,-22.8789876],[-46.8333632,-22.878947],[-46.8333101,-22.8789073],[-46.8332554,-22.8788695],[-46.8331972,-22.8788366],[-46.8331398,-22.8788025],[-46.8330939,-22.8787563],[-46.8330632,-22.8787],[-46.8330379,-22.8786412],[-46.833015,-22.8785817],[-46.8330029,-22.8785196],[-46.8330041,-22.8784565],[-46.8330103,-22.8783935],[-46.8330159,-22.8783305],[-46.8330211,-22.8782675],[-46.8330284,-22.8782046],[-46.8330431,-22.878143],[-46.8330698,-22.878085],[-46.8331051,-22.8780309],[-46.8331448,-22.8779795],[-46.8331882,-22.8779307],[-46.8332349,-22.8778847],[-46.83328,-22.8778373],[-46.8333137,-22.8777825],[-46.8333331,-22.877722],[-46.833342,-22.8776595],[-46.8333398,-22.8775964],[-46.83332,-22.8775361],[-46.8332852,-22.8774819],[-46.8332472,-22.8774294],[-46.8332103,-22.8773763],[-46.8331662,-22.8773282],[-46.8331135,-22.8772881],[-46.8330632,-22.8772456],[-46.8330262,-22.8771926],[-46.8330021,-22.8771336],[-46.8329876,-22.8770719],[-46.832981,-22.8770091],[-46.83298,-22.8769459],[-46.8329813,-22.8768826],[-46.8329815,-22.8768194],[-46.8329806,-22.8767562],[-46.8329805,-22.876693],[-46.8329806,-22.8766299],[-46.8329771,-22.8765667],[-46.8329689,-22.876504],[-46.8329569,-22.8764416],[-46.8329425,-22.8763799],[-46.832927,-22.8763183],[-46.8329066,-22.8762302],[-46.8329039,-22.8761939],[-46.8328981,-22.8761309],[-46.8328874,-22.8760686],[-46.8328665,-22.8760085],[-46.8328425,-22.8759492],[-46.8328231,-22.8758886],[-46.8328024,-22.8758284],[-46.8327726,-22.8757717],[-46.832735,-22.875719],[-46.8326939,-22.8756686],[-46.8326502,-22.87562],[-46.8326037,-22.8755738],[-46.8325551,-22.8755294],[-46.8325053,-22.8754862],[-46.8324523,-22.8754232],[-46.8324515,-22.87536],[-46.8324474,-22.8752858],[-46.8324385,-22.8752232],[-46.8324252,-22.8751722],[-46.832377,-22.8749879],[-46.8323587,-22.8749269],[-46.8323367,-22.8748672],[-46.8323092,-22.8748094],[-46.8322423,-22.8746993],[-46.8321808,-22.8745864],[-46.8321402,-22.8745357],[-46.8320971,-22.8744868],[-46.8320249,-22.8743796],[-46.8319763,-22.8743355],[-46.8319241,-22.8742947],[-46.8318789,-22.8742476],[-46.8318413,-22.8741947],[-46.831735,-22.8740328],[-46.8316967,-22.8739805],[-46.831655,-22.8739305],[-46.8315201,-22.8737879],[-46.8314742,-22.8737411],[-46.8314253,-22.8736971],[-46.8313719,-22.8736578],[-46.8313131,-22.873626],[-46.8312489,-22.8736146],[-46.8311737,-22.8736155],[-46.8311231,-22.8736169],[-46.8310441,-22.8736103],[-46.8309084,-22.8735982],[-46.8308404,-22.8735939],[-46.8307722,-22.8735969],[-46.8307053,-22.8736091],[-46.8306401,-22.8736274],[-46.8305758,-22.8736484],[-46.8305106,-22.8736672],[-46.8304438,-22.8736798],[-46.8303759,-22.8736849],[-46.8303078,-22.873682],[-46.8302403,-22.8736727],[-46.8301738,-22.8736589],[-46.8300427,-22.8736237],[-46.8299137,-22.873583],[-46.8297209,-22.8735193],[-46.8296582,-22.8734943],[-46.8294778,-22.873405],[-46.8293587,-22.8733434],[-46.8292966,-22.8733172],[-46.8292312,-22.8732993],[-46.8291642,-22.8732872],[-46.8290295,-22.8732677],[-46.8288961,-22.8732411],[-46.8288288,-22.8732315],[-46.828761,-22.8732236],[-46.8286939,-22.8732125],[-46.8286284,-22.8731952],[-46.8285655,-22.8731706],[-46.828506,-22.87314],[-46.8283897,-22.8730738],[-46.8283275,-22.8730483],[-46.8281953,-22.8730169],[-46.8281314,-22.8729947],[-46.8280705,-22.8729664],[-46.8280114,-22.8729347],[-46.8279498,-22.872908],[-46.8278833,-22.8728946],[-46.8278153,-22.8728885],[-46.8277474,-22.8728903],[-46.8276976,-22.8729032],[-46.8276276,-22.8729458],[-46.827569,-22.8729762],[-46.8275017,-22.8729802],[-46.827434,-22.8729819],[-46.8273837,-22.8730225],[-46.8272883,-22.8731896],[-46.8272307,-22.8733041],[-46.8271953,-22.8733581],[-46.8271652,-22.873389],[-46.8270876,-22.8734325],[-46.8270218,-22.8734483],[-46.8269543,-22.8734522],[-46.8268878,-22.8734527],[-46.8268232,-22.8734585],[-46.8267611,-22.8734764],[-46.8267028,-22.8735068],[-46.8266495,-22.8735456],[-46.8266007,-22.8735887],[-46.8265504,-22.87363],[-46.8264936,-22.8736633],[-46.8264323,-22.8736892],[-46.8261808,-22.8737789],[-46.8261167,-22.8737981],[-46.826052,-22.8738155],[-46.8259882,-22.8738357],[-46.8259259,-22.873859],[-46.8258617,-22.8738778],[-46.8257286,-22.8738966],[-46.8255965,-22.8739209],[-46.8255297,-22.8739283],[-46.8253953,-22.873938],[-46.8251271,-22.8739619],[-46.8250602,-22.8739696],[-46.8249943,-22.8739821],[-46.8249293,-22.873998],[-46.8248628,-22.8740082],[-46.824795,-22.8740088],[-46.8247279,-22.8740142],[-46.8246669,-22.8740376],[-46.8246137,-22.874074],[-46.8245651,-22.874117],[-46.8245245,-22.8741573],[-46.8244258,-22.8742446],[-46.824374,-22.8742967],[-46.8243452,-22.8743533],[-46.824341,-22.8744162],[-46.8243456,-22.8744793],[-46.8243472,-22.8745425],[-46.8243436,-22.8746688],[-46.8243345,-22.8747314],[-46.8243126,-22.8747912],[-46.8242821,-22.8748476],[-46.8242545,-22.8748889],[-46.8242142,-22.8749573],[-46.8241757,-22.8750094],[-46.8241334,-22.875059],[-46.8240427,-22.8751535],[-46.8239988,-22.8752018],[-46.8239148,-22.8753015],[-46.8238215,-22.8753936],[-46.82374,-22.8754812],[-46.8236839,-22.8755367],[-46.823652,-22.8755708],[-46.8235923,-22.8756305],[-46.8235458,-22.8756768],[-46.8235003,-22.8757238],[-46.8234566,-22.8757723],[-46.8234158,-22.875823],[-46.8233816,-22.8758776],[-46.8233595,-22.8759372],[-46.8233529,-22.876],[-46.8233638,-22.8760621],[-46.8233914,-22.8761199],[-46.8234314,-22.876171],[-46.8234806,-22.8762145],[-46.8235369,-22.87625],[-46.8235978,-22.8762787],[-46.8236579,-22.8763085],[-46.8237118,-22.876347],[-46.8237484,-22.8763995],[-46.8237496,-22.876462],[-46.8237148,-22.8765304],[-46.8236772,-22.8765664],[-46.8236207,-22.8766016],[-46.8235608,-22.8766318],[-46.8235008,-22.876662],[-46.8234437,-22.8766965],[-46.8233895,-22.8767347],[-46.8233368,-22.8767749],[-46.8232831,-22.8768138],[-46.8232271,-22.8768517],[-46.8231625,-22.876872],[-46.8230993,-22.876896],[-46.8230383,-22.8769242],[-46.8229778,-22.8769534],[-46.8229161,-22.8769803],[-46.8228533,-22.8770049],[-46.8227895,-22.8770275],[-46.8227253,-22.8770488],[-46.822661,-22.8770699],[-46.822596,-22.8770891],[-46.8225299,-22.8771043],[-46.8224628,-22.8771157],[-46.8223953,-22.8771252],[-46.8223284,-22.8771375],[-46.8222641,-22.8771585],[-46.8222053,-22.8771903],[-46.8221531,-22.8772308],[-46.8221074,-22.8772776],[-46.8220665,-22.8773283],[-46.8220337,-22.8773684],[-46.8219881,-22.8774315],[-46.8219448,-22.8774805],[-46.8219013,-22.8775291],[-46.821861,-22.8775803],[-46.8218249,-22.8776339],[-46.8217928,-22.8776896],[-46.821765,-22.8777472],[-46.8217413,-22.8778064],[-46.8217201,-22.8778665],[-46.8216985,-22.8779265],[-46.8216753,-22.8779861],[-46.8216472,-22.8780415],[-46.8216162,-22.8780944],[-46.8215952,-22.8781314],[-46.8215657,-22.8782201],[-46.8215444,-22.8782775],[-46.8215156,-22.8783348],[-46.8214854,-22.8783916],[-46.8214527,-22.8784472],[-46.8214192,-22.8785022],[-46.8213874,-22.8785581],[-46.82136,-22.8786159],[-46.8213397,-22.8786762],[-46.821323,-22.8787375],[-46.8213019,-22.8787976],[-46.8212786,-22.8788571],[-46.8212641,-22.8789187],[-46.8212608,-22.8789818],[-46.8212486,-22.879041],[-46.8212413,-22.8790699],[-46.8212075,-22.8791618],[-46.8211695,-22.8792143],[-46.8211273,-22.8792639],[-46.8210826,-22.8793117],[-46.8210424,-22.8793628],[-46.8210122,-22.8794193],[-46.8209845,-22.8794771],[-46.8209502,-22.8795316],[-46.820909,-22.879582],[-46.8208689,-22.879633],[-46.8208329,-22.8796867],[-46.8207972,-22.8797406],[-46.8207583,-22.8797925],[-46.8207161,-22.8798422],[-46.8206721,-22.8798906],[-46.8206308,-22.8799408],[-46.8205949,-22.8799945],[-46.8205537,-22.8800393],[-46.8204968,-22.8800794],[-46.820434,-22.880104],[-46.8203704,-22.880127],[-46.8203079,-22.8801521],[-46.8202464,-22.8801797],[-46.8201859,-22.880209],[-46.820126,-22.880239],[-46.8200667,-22.8802704],[-46.8200102,-22.8803056],[-46.8199591,-22.8803474],[-46.8199188,-22.880391],[-46.8198778,-22.8804436],[-46.819843,-22.8805143],[-46.8198527,-22.880587],[-46.8198464,-22.8806338],[-46.819813,-22.8807],[-46.8197787,-22.8807424],[-46.8197253,-22.8807819],[-46.819672,-22.8808212],[-46.8196254,-22.8808672],[-46.8195896,-22.8809208],[-46.8195607,-22.8809781],[-46.8195336,-22.881036],[-46.8195011,-22.8810916],[-46.8194633,-22.8811443],[-46.8194456,-22.8811734],[-46.8194428,-22.8812668],[-46.8194499,-22.8813297],[-46.8194501,-22.8813928],[-46.8194409,-22.8814554],[-46.8194284,-22.8815175],[-46.8194166,-22.8815798],[-46.8194077,-22.8816425],[-46.8194009,-22.8817054],[-46.8193915,-22.881768],[-46.8193778,-22.8818298],[-46.8193663,-22.8818921],[-46.8193582,-22.8819549],[-46.8193337,-22.882016],[-46.819293,-22.8820792],[-46.819259,-22.88211],[-46.8192185,-22.8821486],[-46.8191815,-22.8822092],[-46.8191593,-22.8822689],[-46.8191296,-22.8823258],[-46.8190983,-22.8823819],[-46.8190703,-22.8824396],[-46.8190418,-22.882497],[-46.8190088,-22.8825523],[-46.8189736,-22.8826065],[-46.8189392,-22.882661],[-46.8189073,-22.8827168],[-46.8188786,-22.8827742],[-46.8188526,-22.8828327],[-46.8188275,-22.8828914],[-46.8188033,-22.8829506],[-46.8187812,-22.8830103],[-46.8187581,-22.8830698],[-46.8187256,-22.8831252],[-46.818685,-22.8831759],[-46.818652,-22.8832311],[-46.8186156,-22.8833001],[-46.8186039,-22.88335],[-46.8185963,-22.8834134],[-46.8185868,-22.883476],[-46.818584,-22.8835391],[-46.8185795,-22.8836021],[-46.8185627,-22.8836632],[-46.8185343,-22.8837206],[-46.8185044,-22.8837774],[-46.8184762,-22.8838351],[-46.8184462,-22.8838918],[-46.8184127,-22.8839469],[-46.8183781,-22.8840013],[-46.818345,-22.8840566],[-46.8183132,-22.8841125],[-46.8182827,-22.884169],[-46.8182533,-22.884226],[-46.8182245,-22.8842833],[-46.8181951,-22.8843405],[-46.8181634,-22.8843963],[-46.8181307,-22.8844518],[-46.8181,-22.8845083],[-46.8180741,-22.8845667],[-46.8180401,-22.8846228],[-46.8180266,-22.8846568],[-46.8180248,-22.8847474],[-46.8180278,-22.8848152],[-46.8180169,-22.8848775],[-46.8180005,-22.8849388],[-46.8179854,-22.8850005],[-46.8179753,-22.885063],[-46.8179528,-22.8851215],[-46.8179271,-22.8851518],[-46.8178504,-22.8851974],[-46.8177858,-22.8852175],[-46.8177205,-22.8852356],[-46.8176546,-22.8852522],[-46.8175887,-22.8852687],[-46.8175238,-22.885288],[-46.8174602,-22.885311],[-46.8173965,-22.8853332],[-46.8173312,-22.8853518],[-46.8172665,-22.8853716],[-46.817204,-22.8853968],[-46.8171432,-22.8854255],[-46.817082,-22.8854552],[-46.817021,-22.8854816],[-46.8169674,-22.8855204],[-46.8169225,-22.885568],[-46.8168794,-22.885617],[-46.8168351,-22.8856651],[-46.8167906,-22.8857131],[-46.8167454,-22.8857603],[-46.8166963,-22.8858042],[-46.816643,-22.8858437],[-46.8165893,-22.8858827],[-46.8165373,-22.8859234],[-46.8164835,-22.8859623],[-46.8164255,-22.8859957],[-46.8163688,-22.8860298],[-46.8163203,-22.8860719],[-46.8162845,-22.8861021],[-46.816219,-22.8861585],[-46.8161713,-22.8862036],[-46.8161176,-22.8862424],[-46.8160614,-22.8862782],[-46.8160128,-22.8863223],[-46.8159789,-22.886377],[-46.8159566,-22.8864367],[-46.8159421,-22.8864984],[-46.8159329,-22.886561],[-46.8159256,-22.8866239],[-46.8159165,-22.8866865],[-46.8159205,-22.886781],[-46.81592,-22.8868927],[-46.8159032,-22.8869318],[-46.8158642,-22.8869559],[-46.8157762,-22.8869784],[-46.8157204,-22.8870102],[-46.8156659,-22.8870482],[-46.8156089,-22.8870832],[-46.8155569,-22.8871239],[-46.8155143,-22.8871732],[-46.8154787,-22.8872271],[-46.8154464,-22.8872827],[-46.8154139,-22.8873383],[-46.8153796,-22.8873929],[-46.815348,-22.8874489],[-46.8153232,-22.8875078],[-46.8152959,-22.8875739],[-46.8152863,-22.8876295],[-46.815279,-22.8876921],[-46.8152886,-22.8877545],[-46.8153078,-22.8878151],[-46.8153224,-22.8878768],[-46.8153255,-22.8879401],[-46.8153284,-22.8880032],[-46.8153418,-22.888065],[-46.8153645,-22.8881246],[-46.8153934,-22.8881818],[-46.8154218,-22.8882393],[-46.8154428,-22.8882993],[-46.8154715,-22.8883551],[-46.8154905,-22.8884218],[-46.8154942,-22.88848],[-46.8154819,-22.8885493],[-46.8154854,-22.8886124],[-46.8154897,-22.8886755],[-46.8154949,-22.8887385],[-46.8154957,-22.8888016],[-46.8154886,-22.8888645],[-46.8154754,-22.8889265],[-46.8154594,-22.8889879],[-46.815447,-22.8890501],[-46.8154397,-22.8890869],[-46.8154551,-22.8891758],[-46.8154626,-22.8892386],[-46.8154646,-22.8893018],[-46.8154595,-22.8893648],[-46.8154545,-22.8894278],[-46.8154616,-22.8894905],[-46.815481,-22.8895511],[-46.8155096,-22.8896083],[-46.8155431,-22.8896634],[-46.8155618,-22.8897061],[-46.8155915,-22.8897812],[-46.8156126,-22.8898413],[-46.8156444,-22.8898972],[-46.8156823,-22.8899496],[-46.8157192,-22.8900028],[-46.8157573,-22.8900552],[-46.8158025,-22.8901025],[-46.8158329,-22.8901351],[-46.8158576,-22.8901771],[-46.8158912,-22.8902674],[-46.8159044,-22.8903294],[-46.815929,-22.8903883],[-46.8159578,-22.8904456],[-46.8159833,-22.8905042],[-46.816006,-22.8905638],[-46.8160274,-22.8906237],[-46.8160454,-22.8906847],[-46.8160567,-22.8907471],[-46.8160667,-22.8908095],[-46.8160668,-22.8908491],[-46.8160965,-22.8909161],[-46.8161289,-22.8909666],[-46.8161466,-22.8910328],[-46.8161753,-22.8910904],[-46.8161931,-22.8911515],[-46.8162117,-22.8912123],[-46.816227,-22.8912618],[-46.8162503,-22.8913212],[-46.816276,-22.8913797],[-46.8163041,-22.8914372],[-46.8163337,-22.8914942],[-46.8163655,-22.8915502],[-46.8164029,-22.891603],[-46.8164453,-22.8916525],[-46.8164851,-22.8917037],[-46.8165159,-22.8917601],[-46.8165392,-22.8918195],[-46.8165576,-22.8918803],[-46.8165732,-22.8919418],[-46.8165872,-22.8920038],[-46.8165999,-22.8920658],[-46.8166105,-22.8921283],[-46.8166187,-22.892191],[-46.8166239,-22.892254],[-46.8166222,-22.8923171],[-46.8166069,-22.8923715],[-46.8165768,-22.8924353],[-46.8165429,-22.8924902],[-46.8165119,-22.8925464],[-46.8164824,-22.8926035],[-46.8164529,-22.8926604],[-46.8164253,-22.8927182],[-46.8164029,-22.8927779],[-46.8163806,-22.8928376],[-46.8163504,-22.8928942],[-46.8163165,-22.8929491],[-46.8162923,-22.893008],[-46.8162809,-22.8930703],[-46.8162717,-22.8931329],[-46.8162585,-22.8931949],[-46.8162427,-22.8932563],[-46.8162252,-22.8933175],[-46.8162053,-22.8933779],[-46.8161827,-22.8934376],[-46.816162,-22.8934978],[-46.8161475,-22.8935595],[-46.8161353,-22.8936217],[-46.8161197,-22.8936832],[-46.8161027,-22.8937444],[-46.8160888,-22.8938063],[-46.8160708,-22.8938672],[-46.8160328,-22.893919],[-46.8159761,-22.893954],[-46.815913,-22.8939776],[-46.8158477,-22.893996],[-46.8157829,-22.8940155],[-46.8157204,-22.8940408],[-46.8156613,-22.8940723],[-46.8156056,-22.8941088],[-46.8155517,-22.8941476],[-46.8154974,-22.8941858],[-46.8154416,-22.8942223],[-46.8153841,-22.8942563],[-46.8153248,-22.8942875],[-46.8152637,-22.8943157],[-46.8152026,-22.8943435],[-46.8151444,-22.8943764],[-46.8150911,-22.894416],[-46.8150425,-22.8944602],[-46.8149984,-22.8945085],[-46.8149601,-22.8945607],[-46.814928,-22.8946164],[-46.8148993,-22.8946737],[-46.8148712,-22.8947314],[-46.8148434,-22.8947891],[-46.8148168,-22.8948473],[-46.8147922,-22.8949063],[-46.8147711,-22.8949664],[-46.814752,-22.895027],[-46.8147326,-22.8950876],[-46.8147178,-22.8951493],[-46.8147187,-22.8952123],[-46.814736,-22.8952734],[-46.8147476,-22.8953164],[-46.8147665,-22.8953771],[-46.8147918,-22.8954555],[-46.814806,-22.8955173],[-46.8148301,-22.8955763],[-46.8148656,-22.8956303],[-46.8149018,-22.8956837],[-46.8149337,-22.8957396],[-46.8149655,-22.8957955],[-46.815,-22.8958501],[-46.8150305,-22.8959066],[-46.815053,-22.8959663],[-46.8150817,-22.8960234],[-46.81513,-22.8960678],[-46.8151799,-22.8961107],[-46.8152182,-22.8961677],[-46.8152481,-22.8962245],[-46.8152747,-22.8962783],[-46.8153034,-22.8963356],[-46.8153325,-22.8963928],[-46.8153664,-22.8964475],[-46.8154149,-22.8964915],[-46.8154751,-22.8965211],[-46.8155243,-22.8965477],[-46.8155528,-22.8965866],[-46.8155753,-22.8966524],[-46.8155912,-22.8967251],[-46.8155918,-22.8967883],[-46.8156085,-22.8968491],[-46.8156464,-22.8969015],[-46.8156847,-22.8969537],[-46.8157157,-22.8970101],[-46.815749,-22.8970652],[-46.8157877,-22.8971173],[-46.8158215,-22.8971721],[-46.8158498,-22.8972295],[-46.815887,-22.8972824],[-46.8159331,-22.897329],[-46.8159686,-22.8973825],[-46.8159884,-22.897443],[-46.8160039,-22.8975046],[-46.8160262,-22.8975642],[-46.8160601,-22.897619],[-46.8160989,-22.8976709],[-46.8161376,-22.897723],[-46.8161748,-22.8977759],[-46.8162109,-22.8978295],[-46.8162481,-22.8978826],[-46.8162884,-22.8979336],[-46.8163301,-22.8979836],[-46.816371,-22.8980342],[-46.816415,-22.8980825],[-46.8164686,-22.8981213],[-46.8165274,-22.8981533],[-46.8165823,-22.8981907],[-46.8166278,-22.8982377],[-46.8166651,-22.8982905],[-46.8166982,-22.8983459],[-46.8167353,-22.8983989],[-46.8167837,-22.898443],[-46.8168386,-22.8984807],[-46.8168929,-22.8985189],[-46.8169528,-22.8985485],[-46.8170201,-22.898558],[-46.817088,-22.8985535],[-46.8171552,-22.8985425],[-46.8172211,-22.8985261],[-46.817285,-22.8985042],[-46.817346,-22.898476],[-46.8174026,-22.8984408],[-46.8174557,-22.8984011],[-46.8175089,-22.8983616],[-46.8175655,-22.8983262],[-46.8176267,-22.8982986],[-46.8176919,-22.89828],[-46.8177587,-22.8982672],[-46.817826,-22.898257],[-46.8178936,-22.8982486],[-46.8179614,-22.898241],[-46.8180292,-22.8982344],[-46.8180972,-22.8982288],[-46.8181653,-22.8982268],[-46.8182334,-22.8982311],[-46.8183008,-22.8982408],[-46.8183677,-22.8982533],[-46.8184344,-22.8982664],[-46.8185014,-22.8982783],[-46.8185686,-22.8982892],[-46.8186356,-22.8983014],[-46.818702,-22.898316],[-46.8187618,-22.8983388],[-46.8188203,-22.8983636],[-46.8188769,-22.8983847],[-46.8189516,-22.8984142],[-46.8190069,-22.8984514],[-46.8190611,-22.8984897],[-46.8191175,-22.8985252],[-46.8191791,-22.8985521],[-46.8192439,-22.8985721],[-46.819308,-22.8985935],[-46.8193695,-22.8986207],[-46.8194287,-22.8986523],[-46.8194861,-22.8986863],[-46.8195435,-22.8987205],[-46.8196022,-22.8987528],[-46.8196625,-22.8987823],[-46.8197246,-22.8988085],[-46.8197883,-22.8988312],[-46.8198531,-22.8988509],[-46.8199166,-22.8988738],[-46.8199749,-22.8989063],[-46.8200225,-22.8989514],[-46.8200508,-22.8990085],[-46.8200613,-22.8990708],[-46.8200641,-22.8991339],[-46.8200652,-22.8991972],[-46.8200665,-22.8992604],[-46.8200707,-22.8993234],[-46.8200805,-22.899386],[-46.8200961,-22.8994475],[-46.8201139,-22.8995085],[-46.820132,-22.8995695],[-46.8201537,-22.8996293],[-46.8201837,-22.8996861],[-46.8202272,-22.8997344],[-46.8202856,-22.8997665],[-46.8203473,-22.8997935],[-46.8203986,-22.8998346],[-46.8204372,-22.8998866],[-46.8204811,-22.8999348],[-46.8205304,-22.8999786],[-46.8205763,-22.9000252],[-46.8206202,-22.9000737],[-46.8206704,-22.9001164],[-46.820724,-22.9001555],[-46.8207475,-22.9001938],[-46.8207801,-22.9002574],[-46.8208051,-22.9003243],[-46.8208201,-22.900386],[-46.8208412,-22.900446],[-46.8208706,-22.900503],[-46.8209069,-22.9005566],[-46.8209448,-22.9006091],[-46.8209817,-22.9006623],[-46.8210212,-22.9007138],[-46.8210671,-22.9007604],[-46.8211195,-22.9008008],[-46.8211773,-22.9008345],[-46.821236,-22.9008666],[-46.8212907,-22.9009042],[-46.8213381,-22.9009496],[-46.8213768,-22.9010017],[-46.8214153,-22.9010538],[-46.8214687,-22.9010922],[-46.8215228,-22.9011096],[-46.8215944,-22.9011413],[-46.8216578,-22.9011644],[-46.8217241,-22.9011792],[-46.8217922,-22.9011828],[-46.8218603,-22.9011804],[-46.8219284,-22.9011755],[-46.8219958,-22.9011664],[-46.8220621,-22.9011514],[-46.8221274,-22.9011333],[-46.8221928,-22.901115],[-46.8222576,-22.9010955],[-46.8223213,-22.9010726],[-46.8223845,-22.901049],[-46.8224495,-22.9010296],[-46.8225162,-22.9010164],[-46.8225838,-22.9010083],[-46.8226517,-22.9010037],[-46.8227198,-22.9009996],[-46.8227879,-22.9009947],[-46.8228559,-22.9009898],[-46.822924,-22.9009856],[-46.8229922,-22.900983],[-46.8230604,-22.9009822],[-46.8231286,-22.9009817],[-46.8231968,-22.9009803],[-46.8232649,-22.9009762],[-46.8233325,-22.9009679],[-46.8233997,-22.900957],[-46.8234669,-22.9009461],[-46.8235345,-22.9009376],[-46.8236025,-22.9009335],[-46.8236708,-22.9009344],[-46.8237389,-22.9009385],[-46.8238069,-22.9009424],[-46.823875,-22.9009392],[-46.8239417,-22.900926],[-46.8240076,-22.9009097],[-46.8240738,-22.9008942],[-46.8241391,-22.900876],[-46.8242155,-22.9008481],[-46.82428,-22.9008274],[-46.8243334,-22.9008167],[-46.8243998,-22.9008026],[-46.824467,-22.900791],[-46.8245344,-22.9007812],[-46.8246019,-22.9007728],[-46.8246694,-22.9007632],[-46.8247355,-22.900748],[-46.8247983,-22.9007235],[-46.8248589,-22.9006944],[-46.8249206,-22.9006672],[-46.8249809,-22.9006379],[-46.8250375,-22.9006026],[-46.8250913,-22.9005638],[-46.8251439,-22.9005235],[-46.8251955,-22.9004821],[-46.8252468,-22.9004405],[-46.825303,-22.9004047],[-46.8253666,-22.9003826],[-46.8254345,-22.9003793],[-46.8254982,-22.9004006],[-46.8255521,-22.9004391],[-46.8255995,-22.9004846],[-46.825645,-22.9005317],[-46.8256935,-22.9005761],[-46.8257445,-22.9006181],[-46.8257859,-22.9006623],[-46.8258215,-22.9007077],[-46.8258657,-22.9007688],[-46.8259012,-22.9008227],[-46.8259422,-22.9008732],[-46.8259837,-22.9009234],[-46.8260185,-22.9009777],[-46.8260401,-22.9010375],[-46.8260619,-22.9010974],[-46.8261005,-22.9011492],[-46.8261486,-22.901194],[-46.8261945,-22.9012406],[-46.8262346,-22.9012918],[-46.8262702,-22.9013456],[-46.8263038,-22.9014007],[-46.8263389,-22.901455],[-46.8263776,-22.901507],[-46.8264215,-22.9015552],[-46.8264711,-22.9015986],[-46.8265254,-22.9016368],[-46.8265824,-22.9016716],[-46.8266361,-22.9017105],[-46.8266798,-22.9017589],[-46.8267163,-22.9018122],[-46.8267521,-22.9018661],[-46.82679,-22.9019187],[-46.8268311,-22.901969],[-46.8268726,-22.9020192],[-46.8269086,-22.9020728],[-46.8269403,-22.9021288],[-46.8269749,-22.9021832],[-46.8270116,-22.9022364],[-46.8270298,-22.9022598],[-46.8270505,-22.9023568],[-46.8270589,-22.9024194],[-46.8270696,-22.9024819],[-46.8270785,-22.9025445],[-46.8270815,-22.9026076],[-46.8270826,-22.9026708],[-46.8270884,-22.9027338],[-46.8270893,-22.9028044],[-46.8271053,-22.9028519],[-46.8271462,-22.902915],[-46.8271765,-22.9029716],[-46.8272093,-22.903027],[-46.8272418,-22.9030826],[-46.827275,-22.9031378],[-46.8273152,-22.9031888],[-46.827362,-22.9032347],[-46.8273998,-22.9032907],[-46.827414,-22.903348],[-46.827413,-22.9034111],[-46.8274139,-22.9034743],[-46.8274166,-22.9035375],[-46.8274132,-22.9036006],[-46.8274035,-22.9036632],[-46.8273936,-22.9037257],[-46.8273893,-22.9037887],[-46.8273952,-22.9038516],[-46.8274156,-22.9039117],[-46.8274575,-22.9039609],[-46.8275163,-22.9039928],[-46.8275519,-22.904017],[-46.8276449,-22.9040347],[-46.8276944,-22.9040651],[-46.8277523,-22.9041126],[-46.827774,-22.9041798],[-46.8277622,-22.9042802],[-46.8277732,-22.9043425],[-46.8277687,-22.9044055],[-46.8277538,-22.9044581],[-46.8277426,-22.9045121],[-46.8277701,-22.9045935],[-46.8277724,-22.9046565],[-46.827761,-22.9047188],[-46.8277466,-22.9047805],[-46.8277357,-22.9048429],[-46.8277271,-22.9049056],[-46.8277203,-22.9049685],[-46.827719,-22.9050317],[-46.8277265,-22.9050945],[-46.8277375,-22.9051568],[-46.8277477,-22.9052194],[-46.8277569,-22.905282],[-46.8277657,-22.9053447],[-46.8277751,-22.9054073],[-46.8277862,-22.9054697],[-46.827799,-22.9055317],[-46.8278153,-22.9055919],[-46.8278298,-22.9056384],[-46.8278534,-22.9057098],[-46.827879,-22.905771],[-46.8279188,-22.9058222],[-46.82796,-22.9058728],[-46.8280033,-22.9059216],[-46.8280494,-22.9059681],[-46.8280968,-22.9060137],[-46.8281433,-22.9060598],[-46.8281889,-22.9061069],[-46.8282339,-22.9061543],[-46.8282771,-22.9062033],[-46.8283153,-22.9062555],[-46.828349,-22.9063106],[-46.8283835,-22.9063651],[-46.8284219,-22.9064173],[-46.8284636,-22.9064674],[-46.828508,-22.9065153],[-46.8285554,-22.9065607],[-46.8286046,-22.9066045],[-46.8286483,-22.9066529],[-46.828678,-22.9067097],[-46.8286943,-22.9067646],[-46.8287088,-22.9067981],[-46.8287658,-22.9068706],[-46.8288217,-22.9069219],[-46.8288535,-22.9069778],[-46.8288833,-22.9070347],[-46.828918,-22.907089],[-46.8289645,-22.9071348],[-46.8290227,-22.9071678],[-46.8290861,-22.9071909],[-46.8291532,-22.9072015],[-46.829208,-22.9072171],[-46.8292594,-22.9072226],[-46.829344,-22.9072558],[-46.8294002,-22.9072843],[-46.8294638,-22.9073069],[-46.8295313,-22.9073149],[-46.8295991,-22.9073088],[-46.8296646,-22.9072915],[-46.829729,-22.907284],[-46.8297978,-22.9072913],[-46.8298617,-22.9073137],[-46.8299281,-22.9073265],[-46.829996,-22.9073214],[-46.8300627,-22.907308],[-46.8301288,-22.9072926],[-46.8301948,-22.9072762],[-46.8302598,-22.9072572],[-46.8303202,-22.9072282],[-46.8303745,-22.9071898],[-46.8304302,-22.9071534],[-46.8304914,-22.9071256],[-46.8305538,-22.9071001],[-46.8306145,-22.9070712],[-46.8306743,-22.9070408],[-46.8307347,-22.9070112],[-46.8307949,-22.9069816],[-46.8308541,-22.9069502],[-46.8309132,-22.9069186],[-46.8309739,-22.9068901],[-46.8310364,-22.9068645],[-46.8310993,-22.9068401],[-46.8311624,-22.9068159],[-46.8312251,-22.906791],[-46.8312864,-22.9067635],[-46.8313437,-22.9067291],[-46.8313972,-22.9066898],[-46.8314559,-22.9066578],[-46.8315192,-22.9066344],[-46.8315842,-22.906615],[-46.8316495,-22.9065971],[-46.831715,-22.9065791],[-46.8317798,-22.9065594],[-46.8318439,-22.9065381],[-46.8319078,-22.9065158],[-46.8319721,-22.9064948],[-46.8320383,-22.9064794],[-46.832106,-22.9064714],[-46.8321741,-22.9064719],[-46.8322418,-22.9064802],[-46.8323083,-22.9064937],[-46.8323741,-22.9065104],[-46.8324392,-22.9065297],[-46.8325034,-22.9065508],[-46.8325667,-22.9065745],[-46.832629,-22.9066002],[-46.8326921,-22.9066242],[-46.8327575,-22.9066423],[-46.8328241,-22.9066555],[-46.8328912,-22.906667],[-46.8329585,-22.9066778],[-46.8330258,-22.9066874],[-46.8330935,-22.9066964],[-46.833161,-22.9067057],[-46.8332283,-22.9067159],[-46.8332954,-22.9067274],[-46.8333622,-22.9067406],[-46.8334281,-22.9067569],[-46.8334923,-22.9067781],[-46.8335524,-22.9068079],[-46.8336067,-22.906846],[-46.8336815,-22.9068929],[-46.8337284,-22.9068977],[-46.8337964,-22.9068931],[-46.8338629,-22.9068792],[-46.8339267,-22.9068571],[-46.8339825,-22.9068211],[-46.8340261,-22.9067727],[-46.8340596,-22.9067178],[-46.8340868,-22.9066597],[-46.8341139,-22.9066017],[-46.8341457,-22.9065458],[-46.8341825,-22.9064926],[-46.8342238,-22.9064423],[-46.8342678,-22.906394],[-46.8343132,-22.9063468],[-46.8343596,-22.9063005],[-46.8344073,-22.9062554],[-46.8344583,-22.9062133],[-46.8345146,-22.9061777],[-46.8345736,-22.906146],[-46.8346299,-22.9061102],[-46.8346798,-22.9060672],[-46.8347224,-22.906018],[-46.8347623,-22.9059668],[-46.8348114,-22.9059232],[-46.8348789,-22.9058701],[-46.8349178,-22.9058394],[-46.834956,-22.9057943],[-46.8349908,-22.9057399],[-46.8350332,-22.9056904],[-46.835082,-22.9056463],[-46.8351332,-22.9056045],[-46.8351848,-22.9055631],[-46.8352349,-22.9055203],[-46.8352816,-22.9054742],[-46.8353059,-22.9054373],[-46.8353558,-22.9053685],[-46.8353986,-22.9053197],[-46.8354565,-22.9052864],[-46.8355177,-22.9052587],[-46.8355769,-22.9052271],[-46.8356354,-22.9051945],[-46.8356958,-22.9051652],[-46.8357582,-22.9051397],[-46.8358221,-22.9051175],[-46.8358866,-22.9050969],[-46.8359511,-22.9050765],[-46.8360165,-22.9050586],[-46.836083,-22.9050449],[-46.8361476,-22.9050245],[-46.8362073,-22.9049941],[-46.8362592,-22.9049797],[-46.8363391,-22.9049719],[-46.8364069,-22.9049793],[-46.8364751,-22.9049813],[-46.8365414,-22.9049674],[-46.8366042,-22.9049427],[-46.8366659,-22.9049159],[-46.8367279,-22.9048896],[-46.8367904,-22.9048643],[-46.8368537,-22.9048405],[-46.836918,-22.9048195],[-46.8369833,-22.9048011],[-46.8370493,-22.904785],[-46.8371158,-22.9047711],[-46.8371832,-22.9047611],[-46.8372509,-22.9047531],[-46.837317,-22.9047384],[-46.8373904,-22.9047103],[-46.8374465,-22.9046998],[-46.8375144,-22.9046944],[-46.8375822,-22.9046879],[-46.8376478,-22.904671],[-46.837711,-22.9046471],[-46.8377749,-22.9046249],[-46.8378398,-22.9046055],[-46.8379041,-22.9045843],[-46.8379663,-22.9045584],[-46.8380248,-22.904526],[-46.8380793,-22.904488],[-46.8381322,-22.9044481],[-46.8381861,-22.9044093],[-46.8382421,-22.9043733],[-46.8383005,-22.9043405],[-46.8383585,-22.9043073],[-46.8384145,-22.9042712],[-46.8384727,-22.9042384],[-46.838537,-22.9042178],[-46.838605,-22.9042125],[-46.8386721,-22.9042223],[-46.8387366,-22.9042432],[-46.8387997,-22.9042671],[-46.8388641,-22.9042876],[-46.8389309,-22.9043005],[-46.838999,-22.904304],[-46.8390671,-22.9043017],[-46.8391352,-22.9042981],[-46.8392034,-22.9042984],[-46.8392711,-22.9043063],[-46.839338,-22.9043186],[-46.8394049,-22.9043309],[-46.8394719,-22.904343],[-46.8395387,-22.9043559],[-46.8396052,-22.9043702],[-46.8396713,-22.9043857],[-46.8397372,-22.904402],[-46.8398033,-22.9044182],[-46.8398695,-22.9044334],[-46.8399361,-22.9044469],[-46.8400031,-22.9044587],[-46.8400704,-22.904469],[-46.8401379,-22.9044776],[-46.8402058,-22.904484],[-46.8402739,-22.9044886],[-46.8403416,-22.9044958],[-46.8404083,-22.9045094],[-46.8404748,-22.9045231],[-46.8405428,-22.9045284],[-46.8406109,-22.9045263],[-46.8406791,-22.9045238],[-46.8407473,-22.9045244],[-46.8408153,-22.9045289],[-46.8408828,-22.9045383],[-46.840949,-22.9045534],[-46.8410137,-22.9045736],[-46.8410774,-22.9045962],[-46.8411409,-22.9046193],[-46.8412045,-22.9046421],[-46.8412683,-22.9046646],[-46.841331,-22.9046894],[-46.8413916,-22.9047184],[-46.8414509,-22.9047497],[-46.8415105,-22.9047805],[-46.8415716,-22.9048085],[-46.841635,-22.904832],[-46.8416984,-22.9048553],[-46.8417577,-22.9048862],[-46.8418146,-22.9049211],[-46.8418491,-22.904936],[-46.8419454,-22.9049511],[-46.8420136,-22.9049529],[-46.8420815,-22.9049589],[-46.8421492,-22.9049663],[-46.8422173,-22.9049697],[-46.8422855,-22.9049673],[-46.8423528,-22.9049577],[-46.8424189,-22.9049417],[-46.8424834,-22.9049214],[-46.8425466,-22.9048975],[-46.8426083,-22.9048706],[-46.8426692,-22.904842],[-46.8427302,-22.9048136],[-46.8427918,-22.9047865],[-46.8428541,-22.9047604],[-46.8429162,-22.9047344],[-46.8429773,-22.9047064],[-46.8430367,-22.9046754],[-46.8430964,-22.9046448],[-46.8431579,-22.9046173],[-46.8432183,-22.904588],[-46.8432738,-22.9045513],[-46.8433265,-22.9045113],[-46.8433826,-22.9044752],[-46.8434402,-22.9044414],[-46.8434934,-22.904402],[-46.8435416,-22.9043573],[-46.8435917,-22.9043144],[-46.8436464,-22.9042766],[-46.8437022,-22.9042403],[-46.8437578,-22.9042036],[-46.8438153,-22.9041697],[-46.8438759,-22.9041405],[-46.8439351,-22.9041092],[-46.8439884,-22.9040699],[-46.8440387,-22.9040271],[-46.8440822,-22.9039939],[-46.8441516,-22.9039572],[-46.8442148,-22.9039335],[-46.8442789,-22.903912],[-46.8443412,-22.9038862],[-46.8443994,-22.9038533],[-46.8444537,-22.903815],[-46.8445055,-22.903774],[-46.8445592,-22.9037351],[-46.8446188,-22.9037012],[-46.8446814,-22.9036759],[-46.844745,-22.9036576],[-46.8448094,-22.9036368],[-46.8448699,-22.9036077],[-46.8449268,-22.903573],[-46.844984,-22.9035384],[-46.8450424,-22.9035058],[-46.8451019,-22.9034749],[-46.8451614,-22.903444],[-46.8452194,-22.9034108],[-46.8452772,-22.903377],[-46.8453389,-22.9033505],[-46.8454044,-22.9033324],[-46.845467,-22.903308],[-46.8455208,-22.9032691],[-46.8455752,-22.9032313],[-46.8456395,-22.9032111],[-46.8457074,-22.9032049],[-46.8457756,-22.9032022],[-46.845843,-22.9031936],[-46.8459055,-22.9031689],[-46.8459577,-22.9031285],[-46.8460006,-22.9030795],[-46.8460382,-22.9030267],[-46.846077,-22.9029748],[-46.8461214,-22.9029267],[-46.8461682,-22.9028807],[-46.8462158,-22.9028355],[-46.8462686,-22.9027955],[-46.846329,-22.9027664],[-46.8463927,-22.9027437],[-46.8464567,-22.9027222],[-46.8464813,-22.9027192],[-46.8465845,-22.9027506],[-46.8466377,-22.90279],[-46.8466898,-22.9028308],[-46.846744,-22.9028692],[-46.8467972,-22.9029088],[-46.8468474,-22.9029516],[-46.846898,-22.9029941],[-46.8469519,-22.9030328],[-46.8470094,-22.9030667],[-46.8470697,-22.9030961],[-46.8471307,-22.9031246],[-46.8471899,-22.903156],[-46.8472482,-22.9031888],[-46.8473268,-22.9032407],[-46.8473719,-22.9032552],[-46.8474368,-22.9032729],[-46.8474976,-22.9032908],[-46.8475605,-22.903315],[-46.8476224,-22.9033416],[-46.8476841,-22.9033689],[-46.8477459,-22.9033954],[-46.8478081,-22.9034215],[-46.8478702,-22.9034476],[-46.8479312,-22.9034759],[-46.8479895,-22.9035086],[-46.8480455,-22.9035448],[-46.8480998,-22.903583],[-46.848154,-22.9036214],[-46.8482096,-22.903658],[-46.8482678,-22.903691],[-46.8483291,-22.9037187],[-46.8483929,-22.903741],[-46.8484584,-22.9037585],[-46.848525,-22.9037723],[-46.8485921,-22.903784],[-46.8486593,-22.9037947],[-46.8487268,-22.9038044],[-46.8487943,-22.9038135],[-46.848862,-22.9038211],[-46.84893,-22.9038268],[-46.8489981,-22.9038312],[-46.8490662,-22.9038349],[-46.8491344,-22.9038366],[-46.8492026,-22.9038405],[-46.8492705,-22.9038461],[-46.8493387,-22.9038487],[-46.8494068,-22.9038497],[-46.8494751,-22.9038491],[-46.8495433,-22.9038478],[-46.8496115,-22.9038485],[-46.8496796,-22.9038528],[-46.8497474,-22.9038599],[-46.8498148,-22.9038693],[-46.8498819,-22.9038808],[-46.8499488,-22.9038937],[-46.8500159,-22.9039045],[-46.8500839,-22.9039092],[-46.8501508,-22.903899],[-46.8502041,-22.9038607],[-46.8502581,-22.9037929],[-46.8502952,-22.9037677],[-46.8503552,-22.9037378],[-46.8504157,-22.9037087],[-46.8504729,-22.9036742],[-46.8505287,-22.9036379],[-46.8505843,-22.9036013],[-46.8506362,-22.9035602],[-46.8506964,-22.9034947],[-46.850734,-22.903442],[-46.8507506,-22.903404],[-46.8507779,-22.9033461],[-46.8507999,-22.9032863],[-46.8508192,-22.9032256],[-46.8508391,-22.9031652],[-46.8508582,-22.9031045],[-46.8508722,-22.9030427],[-46.8508817,-22.9029802],[-46.8508914,-22.9029176],[-46.8509057,-22.9028557],[-46.8509275,-22.9027959],[-46.8509571,-22.902739],[-46.8509893,-22.9026832],[-46.851018,-22.9026259],[-46.8510348,-22.9025649],[-46.8510319,-22.9025019],[-46.8510187,-22.9024399],[-46.8510085,-22.9023774],[-46.8510067,-22.9023142],[-46.8510126,-22.9022513],[-46.8510268,-22.9021896],[-46.8510518,-22.9021309],[-46.8510891,-22.9020781],[-46.8511253,-22.9020493],[-46.8512105,-22.9020444],[-46.8512721,-22.9020716],[-46.8513287,-22.9021066],[-46.8513844,-22.9021432],[-46.8514423,-22.9021766],[-46.8515052,-22.9022007],[-46.8515724,-22.9022107],[-46.8516403,-22.9022071],[-46.851706,-22.90219],[-46.8517689,-22.9021656],[-46.8518319,-22.9021414],[-46.8518958,-22.9021194],[-46.85196,-22.9020979],[-46.8520245,-22.9020774],[-46.8520903,-22.9020606],[-46.8521575,-22.9020498],[-46.8522255,-22.9020462],[-46.8522936,-22.9020511],[-46.8523594,-22.9020671],[-46.8524203,-22.9020955],[-46.8524758,-22.9021321],[-46.8525268,-22.9021741],[-46.8525741,-22.9022196],[-46.8526183,-22.9022677],[-46.8526572,-22.9023195],[-46.8526881,-22.9023758],[-46.8527106,-22.9024356],[-46.8527272,-22.9024968],[-46.8527432,-22.9025582],[-46.8527657,-22.9026178],[-46.8527942,-22.9026753],[-46.852819,-22.9027341],[-46.8528362,-22.9027952],[-46.8528528,-22.9028566],[-46.8528735,-22.9029034],[-46.8529097,-22.902971],[-46.8529417,-22.9030268],[-46.8529689,-22.9030847],[-46.8529986,-22.9031416],[-46.8530313,-22.9031971],[-46.8530606,-22.9032541],[-46.8530857,-22.903313],[-46.8531104,-22.9033719],[-46.8531378,-22.9034297],[-46.8531704,-22.9034852],[-46.8532061,-22.903539],[-46.8532383,-22.9035948],[-46.8532657,-22.9036526],[-46.8533003,-22.9037027],[-46.8533396,-22.9037583],[-46.8533785,-22.9038101],[-46.8534038,-22.9038687],[-46.8534262,-22.9039284],[-46.8534568,-22.9039849],[-46.8534858,-22.904042],[-46.8534971,-22.904104],[-46.8534966,-22.9041672],[-46.853501,-22.9042303],[-46.8535155,-22.9042921],[-46.8535367,-22.9043521],[-46.853561,-22.9044112],[-46.8535845,-22.9044705],[-46.8536041,-22.9045309],[-46.8536239,-22.9046053],[-46.8536472,-22.9046508],[-46.8536787,-22.9047068],[-46.8537193,-22.9047576],[-46.8537646,-22.9048048],[-46.8538087,-22.904853],[-46.8538541,-22.9049001],[-46.8539076,-22.9049391],[-46.8539678,-22.9049689],[-46.8540295,-22.9049959],[-46.8540904,-22.9050242],[-46.8541508,-22.9050538],[-46.8542138,-22.905101],[-46.8542802,-22.9051214],[-46.854337,-22.9051318],[-46.854401,-22.9051536],[-46.8544633,-22.9051794],[-46.8545245,-22.9052074],[-46.8545862,-22.9052341],[-46.85465,-22.9052564],[-46.8547164,-22.9052712],[-46.8547841,-22.9052782],[-46.8548523,-22.9052792],[-46.8549205,-22.9052757],[-46.8549883,-22.9052694],[-46.8550564,-22.9052665],[-46.8551227,-22.9052794],[-46.8551825,-22.90531],[-46.8552417,-22.9053411],[-46.8553061,-22.9053621],[-46.8553722,-22.9053777],[-46.8554378,-22.905395],[-46.8555021,-22.905416],[-46.8555648,-22.9054411],[-46.8556262,-22.9054684],[-46.8556878,-22.9054956],[-46.8557494,-22.9055228],[-46.85581,-22.9055518],[-46.8558696,-22.9055827],[-46.8559283,-22.9056148],[-46.8559871,-22.9056469],[-46.8560472,-22.9056769],[-46.8561087,-22.9057042],[-46.8561708,-22.9057302],[-46.856233,-22.9057563],[-46.8562961,-22.9057804],[-46.8563606,-22.905801],[-46.8564262,-22.9058181],[-46.8564926,-22.9058329],[-46.856559,-22.9058475],[-46.8566247,-22.9058642],[-46.85669,-22.9058828],[-46.8567551,-22.9059014],[-46.8568209,-22.9059182],[-46.8568875,-22.9059318],[-46.8569549,-22.9059415],[-46.8570228,-22.9059479],[-46.8570908,-22.9059519],[-46.8571591,-22.9059542],[-46.8572273,-22.9059553],[-46.8572955,-22.9059548],[-46.8573637,-22.9059525],[-46.8574316,-22.9059465],[-46.8574988,-22.9059358],[-46.8575654,-22.9059216],[-46.8576314,-22.9059058],[-46.8576973,-22.9058894],[-46.8577554,-22.905884],[-46.8577843,-22.9058759],[-46.8578938,-22.9058365],[-46.8579587,-22.9058171],[-46.8580228,-22.9057954],[-46.8580857,-22.9057711],[-46.8581473,-22.9057439],[-46.8582077,-22.9057145],[-46.8582685,-22.9056859],[-46.8583308,-22.9056602],[-46.8583942,-22.9056365],[-46.8584578,-22.9056136],[-46.8585219,-22.9055922],[-46.8585873,-22.9055743],[-46.858654,-22.9055607],[-46.8587215,-22.9055518],[-46.8587895,-22.9055476],[-46.8588577,-22.905548],[-46.8589258,-22.905553],[-46.8589932,-22.9055628],[-46.8590598,-22.905576],[-46.8591266,-22.9055892],[-46.8591938,-22.9055998],[-46.8592615,-22.9056073],[-46.8593138,-22.9056167],[-46.8593976,-22.9056059],[-46.8594633,-22.9055893],[-46.8595263,-22.9055652],[-46.8595888,-22.9055397],[-46.8596521,-22.9055162],[-46.859717,-22.9054968],[-46.8597827,-22.9054797],[-46.8598476,-22.9054602],[-46.8599112,-22.9054371],[-46.859974,-22.9054126],[-46.8600367,-22.9053878],[-46.8600991,-22.9053622],[-46.8601614,-22.9053363],[-46.8602247,-22.9053127],[-46.8602893,-22.9052927],[-46.8603548,-22.9052748],[-46.8604203,-22.9052573],[-46.8604859,-22.9052401],[-46.8605518,-22.9052234],[-46.8606174,-22.9052059],[-46.860682,-22.9051857],[-46.8607434,-22.9051585],[-46.8607966,-22.9051192],[-46.8608401,-22.9050705],[-46.8608801,-22.9050194],[-46.8609191,-22.9049674],[-46.8609529,-22.9049126],[-46.8609789,-22.9048542],[-46.8610005,-22.9047943],[-46.8610206,-22.9047338],[-46.8610395,-22.9046731],[-46.8610574,-22.9046121],[-46.8610771,-22.9045515],[-46.8611009,-22.9044924],[-46.8611252,-22.9044333],[-46.8611439,-22.9043726],[-46.8611575,-22.9043107],[-46.8611703,-22.9042486],[-46.8611847,-22.9041869],[-46.8612013,-22.9041255],[-46.8612199,-22.9040647],[-46.8612389,-22.9040039],[-46.8612574,-22.9039431],[-46.8612763,-22.9038824],[-46.8612969,-22.9038222],[-46.8613226,-22.9037636],[-46.8613562,-22.9037087],[-46.8613995,-22.9036601],[-46.8614526,-22.9036204],[-46.8615085,-22.903584],[-46.8615585,-22.9035414],[-46.8616008,-22.9034919],[-46.8616379,-22.9034387],[-46.8616708,-22.9033834],[-46.8616998,-22.9033262],[-46.8617249,-22.9032675],[-46.8617464,-22.9032075],[-46.8617643,-22.9031464],[-46.8617778,-22.9030845],[-46.8617862,-22.9030218],[-46.861791,-22.9029588],[-46.8617936,-22.9028956],[-46.8617939,-22.9028324],[-46.8617918,-22.9027693],[-46.8617857,-22.9027063],[-46.861775,-22.9026439],[-46.8617609,-22.9025821],[-46.8617465,-22.9025202],[-46.8617332,-22.9024583],[-46.8617206,-22.9023962],[-46.8617088,-22.902334],[-46.8616988,-22.9022713],[-46.8616912,-22.9022086],[-46.8616856,-22.9021455],[-46.8616825,-22.9020825],[-46.8616828,-22.9020193],[-46.8616873,-22.9019562],[-46.8616947,-22.9018935],[-46.861704,-22.9018307],[-46.8617161,-22.9017685],[-46.8617327,-22.9017073],[-46.8617547,-22.9016475],[-46.8617822,-22.9015896],[-46.8618137,-22.9015335],[-46.8618464,-22.9014782],[-46.8618798,-22.901423],[-46.861915,-22.9013688],[-46.8619527,-22.901316],[-46.8619913,-22.901264],[-46.8620296,-22.9012117],[-46.8620651,-22.9011578],[-46.8620965,-22.9011017],[-46.8621255,-22.9010445],[-46.8621545,-22.9009873],[-46.8621843,-22.9009304],[-46.8622156,-22.9008742],[-46.8622469,-22.9008181],[-46.8622769,-22.9007613],[-46.8623048,-22.9007037],[-46.8623311,-22.9006453],[-46.862357,-22.9005869],[-46.8623857,-22.9005296],[-46.8624204,-22.9004752],[-46.8624649,-22.9004274],[-46.862517,-22.9003866],[-46.8625636,-22.9003407],[-46.8625954,-22.9002849],[-46.8626324,-22.900232],[-46.8626808,-22.9001875],[-46.8627354,-22.9001496],[-46.8627927,-22.9001154],[-46.8628491,-22.9000799],[-46.8628997,-22.9000376],[-46.8629444,-22.8999898],[-46.8629893,-22.8999422],[-46.8630377,-22.8998977],[-46.8630884,-22.8998554],[-46.86314,-22.8998141],[-46.8631908,-22.8997719],[-46.8632394,-22.8997276],[-46.8632853,-22.8996808],[-46.8633289,-22.8996322],[-46.8633732,-22.8995842],[-46.8634218,-22.8995398],[-46.8634734,-22.8994985],[-46.8635256,-22.8994578],[-46.8635776,-22.8994168],[-46.863629,-22.8993753],[-46.8636794,-22.8993327],[-46.8637272,-22.8992876],[-46.8637764,-22.8992439],[-46.8638344,-22.8992105],[-46.8638974,-22.8991881],[-46.8639614,-22.8991666],[-46.8640186,-22.8991322],[-46.8640727,-22.8990937],[-46.8641311,-22.8990612],[-46.8641934,-22.8990355],[-46.8642572,-22.8990132],[-46.8643211,-22.8989907],[-46.8643835,-22.8989654],[-46.8644443,-22.8989368],[-46.8645048,-22.8989075],[-46.8645637,-22.8988757],[-46.8646166,-22.8988359],[-46.8646595,-22.8987869],[-46.8646942,-22.8987325],[-46.8647231,-22.8986753],[-46.8647483,-22.8986164],[-46.8647715,-22.8985571],[-46.8647931,-22.898497],[-46.8648123,-22.8984364],[-46.8648264,-22.8983747],[-46.8648332,-22.8983117],[-46.8648357,-22.8982486],[-46.864841,-22.8981855],[-46.8648554,-22.8981239],[-46.8648866,-22.8980681],[-46.864957,-22.8980154],[-46.8650031,-22.8980106],[-46.8650694,-22.8980238],[-46.8651289,-22.8980544],[-46.8651808,-22.8980952],[-46.8652263,-22.8981423],[-46.8652683,-22.8981921],[-46.8653102,-22.898242],[-46.8653553,-22.8982894],[-46.8654062,-22.8983315],[-46.8654612,-22.8983688],[-46.865518,-22.8984039],[-46.8655767,-22.8984361],[-46.8656383,-22.8984633],[-46.8657016,-22.8984865],[-46.865765,-22.8985102],[-46.8658407,-22.898527],[-46.8659069,-22.8985418],[-46.8659656,-22.898544],[-46.8660309,-22.8985549],[-46.8660984,-22.8985631],[-46.8661655,-22.8985745],[-46.8662329,-22.8985849],[-46.8663003,-22.8985943],[-46.8663678,-22.8986035],[-46.8664355,-22.8986113],[-46.8665037,-22.8986153],[-46.8665717,-22.8986163],[-46.86664,-22.8986176],[-46.8667078,-22.898624],[-46.866773,-22.8986422],[-46.8668321,-22.8986736],[-46.8668859,-22.8987125],[-46.8669372,-22.898754],[-46.8669914,-22.8987924],[-46.867057,-22.8988342],[-46.8671058,-22.8988611],[-46.8671572,-22.8989026],[-46.8672057,-22.8989469],[-46.8672534,-22.8989922],[-46.8672982,-22.8990399],[-46.8673364,-22.8990922],[-46.8673693,-22.8991476],[-46.8674011,-22.8992035],[-46.8674354,-22.8992581],[-46.8674745,-22.8993099],[-46.86752,-22.8993569],[-46.8675725,-22.8993972],[-46.8676293,-22.8994322],[-46.8676812,-22.8994759],[-46.8677469,-22.8995496],[-46.8677915,-22.8995662],[-46.8678502,-22.8995684],[-46.8679184,-22.89957],[-46.8679866,-22.8995698],[-46.8680549,-22.8995687],[-46.8681228,-22.8995637],[-46.8681898,-22.899552],[-46.8682541,-22.899531],[-46.8683147,-22.899502],[-46.8683736,-22.8994701],[-46.8684311,-22.8994362],[-46.8684837,-22.899396],[-46.8685302,-22.8993497],[-46.8685986,-22.8992855],[-46.8686484,-22.8992422],[-46.8686768,-22.8992175],[-46.8687242,-22.8991721],[-46.8687705,-22.8991257],[-46.8688164,-22.8990789],[-46.8688656,-22.8990351],[-46.8689221,-22.8989998],[-46.8689831,-22.8989715],[-46.8690442,-22.8989435],[-46.8691051,-22.8989151],[-46.8691679,-22.8988905],[-46.8692435,-22.8988776],[-46.8693045,-22.8988675],[-46.8693711,-22.8988548],[-46.8694358,-22.8988472],[-46.8695031,-22.8988539],[-46.8695613,-22.8988866],[-46.8696136,-22.8989272],[-46.8696624,-22.8989712],[-46.8697019,-22.8990226],[-46.8697342,-22.8990783],[-46.8697679,-22.8991333],[-46.8698065,-22.8991853],[-46.8698446,-22.8992374],[-46.8698853,-22.8992885],[-46.8699286,-22.8993373],[-46.8699805,-22.899378],[-46.8700412,-22.8994068],[-46.8701005,-22.8994396],[-46.8701453,-22.8994848],[-46.870185,-22.8995373],[-46.8702198,-22.8995878],[-46.8702538,-22.8996426],[-46.8702926,-22.8996945],[-46.8703355,-22.8997436],[-46.8703777,-22.8997933],[-46.8704155,-22.8998459],[-46.8704484,-22.8999012],[-46.8704768,-22.8999587],[-46.8705015,-22.9000177],[-46.8705237,-22.9000773],[-46.8705306,-22.900118],[-46.8705417,-22.9001708],[-46.8705532,-22.9002501],[-46.8705592,-22.9003149],[-46.8705701,-22.9003853],[-46.8705838,-22.9004467],[-46.8706159,-22.9005024],[-46.8706444,-22.9005597],[-46.8706604,-22.900621],[-46.8706611,-22.9006841],[-46.8706481,-22.9007461],[-46.870635,-22.900808],[-46.8706328,-22.9008713],[-46.8706359,-22.9009343],[-46.8706355,-22.9009975],[-46.8706308,-22.9010606],[-46.8706243,-22.9011235],[-46.8706211,-22.9011866],[-46.8706272,-22.9012494],[-46.8706414,-22.9013114],[-46.8706572,-22.9013728],[-46.8706736,-22.9014342],[-46.8706954,-22.901494],[-46.8707254,-22.9015507],[-46.8707622,-22.9016039],[-46.8708038,-22.9016539],[-46.8708485,-22.9017017],[-46.870894,-22.9017488],[-46.8709387,-22.9017965],[-46.8709818,-22.9018456],[-46.8710264,-22.9018934],[-46.8710766,-22.901936],[-46.8711298,-22.9019758],[-46.8711795,-22.9020188],[-46.8712242,-22.9020666],[-46.8712653,-22.902117],[-46.8713066,-22.9021674],[-46.8713528,-22.9022139],[-46.8714021,-22.9022575],[-46.8714442,-22.9023072],[-46.8714826,-22.9023594],[-46.8715234,-22.9024101],[-46.8715653,-22.90246],[-46.8716063,-22.9025105],[-46.8716451,-22.9025624],[-46.8716831,-22.9026149],[-46.8717226,-22.9026665],[-46.8717649,-22.9027161],[-46.8718092,-22.9027641],[-46.8718507,-22.9028143],[-46.8718851,-22.9028688],[-46.8719172,-22.9029265],[-46.8719648,-22.9029707],[-46.8720129,-22.9030156],[-46.8720558,-22.9030645],[-46.8720939,-22.9031389],[-46.8721248,-22.9031952],[-46.8721566,-22.9032293],[-46.8721997,-22.9032782],[-46.8722477,-22.9033231],[-46.872298,-22.9033658],[-46.8723481,-22.9034088],[-46.8723981,-22.9034517],[-46.8724497,-22.9034931],[-46.8725012,-22.9035346],[-46.8725476,-22.9035809],[-46.8725859,-22.9036331],[-46.8726182,-22.9036887],[-46.8726533,-22.9037428],[-46.8726998,-22.9037889],[-46.8727513,-22.9038304],[-46.8728073,-22.9038663],[-46.8728628,-22.9038902],[-46.8729361,-22.903905],[-46.8730042,-22.9039076],[-46.8730724,-22.9039045],[-46.8731404,-22.9038988],[-46.8732082,-22.9038932],[-46.8732764,-22.9038897],[-46.8733446,-22.9038895],[-46.8734129,-22.9038895],[-46.873481,-22.903886],[-46.8735484,-22.903877],[-46.8736145,-22.9038617],[-46.8736798,-22.9038432],[-46.8737456,-22.9038267],[-46.8738124,-22.9038136],[-46.8738793,-22.9038011],[-46.8739457,-22.9037868],[-46.8740113,-22.9037692],[-46.8740757,-22.9037484],[-46.8741397,-22.9037266],[-46.874204,-22.9037057],[-46.8742682,-22.9036841],[-46.8743953,-22.9036413],[-46.8744515,-22.9036306],[-46.8745155,-22.9036216],[-46.8745668,-22.9036137],[-46.8745983,-22.9036069],[-46.8746543,-22.9035916],[-46.8747311,-22.9035789],[-46.8748011,-22.9035725],[-46.8748642,-22.9035682],[-46.8749491,-22.9035653],[-46.8750192,-22.9035737],[-46.8750708,-22.9035849],[-46.8751353,-22.903613],[-46.8751959,-22.9036339],[-46.8752362,-22.9036472],[-46.8753257,-22.9036591],[-46.8753945,-22.9036775],[-46.8754492,-22.9037126],[-46.8754629,-22.9037237],[-46.875554,-22.9037917],[-46.8756212,-22.9038372],[-46.8756858,-22.9038878],[-46.8758428,-22.9039642],[-46.8759664,-22.9040174],[-46.8760309,-22.9040382],[-46.8760965,-22.9040554],[-46.8761608,-22.9040766],[-46.8762224,-22.9041037],[-46.8764619,-22.9042247],[-46.8765124,-22.9042667],[-46.8765492,-22.9043199],[-46.8765828,-22.9043749],[-46.8766562,-22.9044815],[-46.876724,-22.9045911],[-46.8767607,-22.9046444],[-46.8768007,-22.9046957],[-46.8768839,-22.9047958],[-46.8769567,-22.9049028],[-46.8769973,-22.9049535],[-46.8770448,-22.9049988],[-46.8770997,-22.9050362],[-46.8771567,-22.9050708],[-46.8772093,-22.905111],[-46.8772587,-22.9051546],[-46.8773132,-22.9051924],[-46.8774322,-22.9052541],[-46.87749,-22.9052877],[-46.8775513,-22.9053154],[-46.8776167,-22.9053329],[-46.8777502,-22.9053594],[-46.8778148,-22.9053796],[-46.8778755,-22.9054084],[-46.8779346,-22.9054399],[-46.8779948,-22.9054698],[-46.8780536,-22.9055018],[-46.8781075,-22.9055405],[-46.8781565,-22.9055844],[-46.8782012,-22.905632],[-46.8782395,-22.9056843],[-46.8782671,-22.9057421],[-46.8782891,-22.9058019],[-46.8783416,-22.9059185],[-46.8783617,-22.9059789],[-46.8783874,-22.906103],[-46.8784056,-22.9061638],[-46.878434,-22.9062212],[-46.8784761,-22.9062698],[-46.878502,-22.9063021],[-46.8785705,-22.9063613],[-46.8786194,-22.9064052],[-46.8786703,-22.9064472],[-46.8787288,-22.9064796],[-46.8787929,-22.9065009],[-46.8788587,-22.9065172],[-46.8790584,-22.9065584],[-46.8791237,-22.9065766],[-46.8791863,-22.9066017],[-46.8793052,-22.9066636],[-46.8793702,-22.9066816],[-46.8794383,-22.9066828],[-46.8795039,-22.9066983],[-46.8795648,-22.9067267],[-46.8796311,-22.9067409],[-46.8796988,-22.9067487],[-46.8797652,-22.9067622],[-46.879831,-22.9067783],[-46.8798989,-22.9067817],[-46.8799669,-22.9067795],[-46.8799996,-22.9067834],[-46.880084,-22.9068202],[-46.880144,-22.9068675],[-46.8802055,-22.9068938],[-46.8802729,-22.9069027],[-46.8804091,-22.9069069],[-46.8804773,-22.9069048],[-46.8805448,-22.9068959],[-46.8806114,-22.9068826],[-46.8806774,-22.9068666],[-46.8807421,-22.9068469],[-46.8808048,-22.9068223],[-46.8808657,-22.9067939],[-46.8809252,-22.9067631],[-46.8809827,-22.9067292],[-46.8810374,-22.9066914],[-46.8810891,-22.9066503],[-46.8811392,-22.9066076],[-46.8811859,-22.9065615],[-46.8812242,-22.9065095],[-46.8812545,-22.906453],[-46.8812826,-22.9063954],[-46.8813144,-22.9063396],[-46.8813579,-22.9062914],[-46.8814203,-22.9062685],[-46.8814856,-22.9062601],[-46.8815475,-22.9062782],[-46.8816089,-22.9063184],[-46.8816702,-22.9063578],[-46.8817308,-22.9063867],[-46.8817946,-22.9064088],[-46.8818601,-22.9064261],[-46.8819921,-22.9064577],[-46.8821212,-22.9064985],[-46.8821846,-22.9065218],[-46.8822452,-22.9065506],[-46.8823026,-22.9065848],[-46.8823627,-22.9066143],[-46.8824284,-22.9066307],[-46.8824961,-22.9066382],[-46.882564,-22.9066426],[-46.8826321,-22.9066437],[-46.8827001,-22.9066399],[-46.882767,-22.9066281],[-46.8828306,-22.9066056],[-46.8828917,-22.9065776],[-46.8829541,-22.9065523],[-46.8830175,-22.9065292],[-46.883078,-22.9065004],[-46.8831353,-22.9064659],[-46.8831939,-22.9064339],[-46.8832821,-22.9064089],[-46.8833255,-22.9064109],[-46.8833906,-22.9064288],[-46.8834514,-22.9064571],[-46.8835085,-22.9064916],[-46.8835609,-22.9065319],[-46.8836081,-22.9065774],[-46.8836538,-22.9066243],[-46.8837014,-22.9066693],[-46.8837521,-22.9067117],[-46.8838055,-22.9067509],[-46.883863,-22.9067845],[-46.8839259,-22.9068089],[-46.8839914,-22.9068258],[-46.8840579,-22.90684],[-46.8841248,-22.906852],[-46.8841924,-22.9068587],[-46.8842606,-22.9068601],[-46.8846716,-22.9069168],[-46.8847327,-22.9069191],[-46.8848156,-22.906921],[-46.8849488,-22.9069309],[-46.8851418,-22.9069483],[-46.8852667,-22.9069533],[-46.8853449,-22.906961],[-46.8855845,-22.9069814],[-46.8856675,-22.9069833],[-46.8857332,-22.906984],[-46.8857818,-22.9069907],[-46.8858046,-22.9070006],[-46.8859147,-22.907075],[-46.885967,-22.9071153],[-46.8860126,-22.9071622],[-46.8860637,-22.9072321],[-46.8861196,-22.9073233],[-46.8861912,-22.9074309],[-46.8862221,-22.9074871],[-46.8862488,-22.9075451],[-46.8862775,-22.9076024],[-46.8863117,-22.9076571],[-46.8863514,-22.9077083],[-46.8863927,-22.9077585],[-46.886426,-22.9078134],[-46.886474,-22.9079316],[-46.8865063,-22.9079872],[-46.8865377,-22.9080293],[-46.886591,-22.9080857],[-46.8866409,-22.9081285],[-46.8867465,-22.908208],[-46.8867977,-22.9082495],[-46.8868519,-22.9082876],[-46.8869124,-22.9083163],[-46.886975,-22.9083411],[-46.8870353,-22.9083704],[-46.8870934,-22.9084031],[-46.8871526,-22.9084339],[-46.8872145,-22.9084597],[-46.887292,-22.9084819],[-46.8873462,-22.90849],[-46.8874138,-22.908491],[-46.8875484,-22.9084734],[-46.8876157,-22.9084781],[-46.8876818,-22.9084914],[-46.8877492,-22.9084979],[-46.887885,-22.9084987],[-46.8879528,-22.9084966],[-46.8880195,-22.9084857],[-46.8880838,-22.9084661],[-46.8881469,-22.9084427],[-46.8882087,-22.9084168],[-46.8882682,-22.9083864],[-46.8883825,-22.9083189],[-46.8884421,-22.9082888],[-46.8885035,-22.9082619],[-46.888566,-22.9082376],[-46.8886294,-22.9082152],[-46.8886936,-22.9081949],[-46.8887592,-22.9081785],[-46.8888928,-22.9081572],[-46.889026,-22.9081327],[-46.8890932,-22.9081246],[-46.889161,-22.9081218],[-46.8892288,-22.9081243],[-46.889296,-22.9081329],[-46.8893614,-22.9081496],[-46.8894249,-22.9081718],[-46.889489,-22.9081919],[-46.889621,-22.908221],[-46.8896858,-22.9082405],[-46.8897445,-22.9082715],[-46.8897893,-22.9083182],[-46.8898074,-22.9083528],[-46.889819,-22.908439],[-46.8898116,-22.9085018],[-46.8897707,-22.9087515],[-46.8897459,-22.9088757],[-46.8897281,-22.9089367],[-46.8897042,-22.9089958],[-46.8896779,-22.9090541],[-46.8896231,-22.9091912],[-46.8895297,-22.9094067],[-46.8894814,-22.9095245],[-46.8894292,-22.9096409],[-46.8894063,-22.9097003],[-46.8893898,-22.9097615],[-46.8893792,-22.9098238],[-46.8893735,-22.9098865],[-46.8893711,-22.9099496],[-46.8893718,-22.9100126],[-46.8893808,-22.9100749],[-46.8894034,-22.9101343],[-46.889495,-22.9103033],[-46.8895277,-22.9103586],[-46.8895647,-22.9104116],[-46.8896505,-22.9105089],[-46.8896873,-22.9105619],[-46.889717,-22.9106187],[-46.889742,-22.9106772],[-46.8897617,-22.9107374],[-46.8897696,-22.910776],[-46.8897729,-22.9108624],[-46.8897636,-22.9109867],[-46.8897615,-22.9110493],[-46.8897645,-22.9111117],[-46.8897736,-22.9111735],[-46.8897885,-22.9112344],[-46.8898253,-22.9113545],[-46.8898389,-22.9114156],[-46.8898462,-22.9114777],[-46.8898475,-22.9116025],[-46.889852,-22.9116648],[-46.8898768,-22.9118506],[-46.8898814,-22.9119129],[-46.8898818,-22.9119754],[-46.889878,-22.9120377],[-46.8898688,-22.9120995],[-46.8898528,-22.9121601],[-46.8898305,-22.912219],[-46.8897826,-22.9123357],[-46.8897161,-22.9125126],[-46.8896758,-22.9126318],[-46.8896583,-22.9126921],[-46.8896445,-22.9127531],[-46.8896374,-22.9128153],[-46.8896421,-22.9128775],[-46.8896665,-22.9129354],[-46.8897135,-22.9130059],[-46.8897544,-22.9130206],[-46.8898203,-22.9130395],[-46.88991,-22.9130494],[-46.8899654,-22.9130549],[-46.8900318,-22.9130648],[-46.8900992,-22.913067],[-46.8901666,-22.9130673],[-46.8902338,-22.9130714],[-46.8904353,-22.9130877],[-46.8905018,-22.913098],[-46.8905662,-22.9131161],[-46.8906261,-22.9131444],[-46.8906793,-22.9131827],[-46.890725,-22.9132285],[-46.8907634,-22.9132798],[-46.8907961,-22.9133344],[-46.8908244,-22.9133911],[-46.8908475,-22.9134497],[-46.8908842,-22.9135698],[-46.8909289,-22.9136876],[-46.890963,-22.9138084],[-46.8909823,-22.9138682],[-46.8910123,-22.9139239],[-46.8910583,-22.9139693],[-46.8911092,-22.9140103],[-46.8911507,-22.9140589],[-46.8911832,-22.9141287],[-46.891195,-22.9141768],[-46.8912024,-22.9142397],[-46.8912045,-22.9143027],[-46.8912011,-22.9143659],[-46.8911895,-22.914428],[-46.8911713,-22.9144889],[-46.8911313,-22.9146098],[-46.8911141,-22.914671],[-46.8911006,-22.914733],[-46.8910922,-22.9147957],[-46.8910913,-22.9148588],[-46.8911023,-22.914921],[-46.8911284,-22.9149792],[-46.8911666,-22.9150315],[-46.8912581,-22.9151254],[-46.8912923,-22.9151798],[-46.8913105,-22.9152405],[-46.8913082,-22.9153035],[-46.8912893,-22.915364],[-46.8912613,-22.9154217],[-46.8911998,-22.9155346],[-46.8911745,-22.9155932],[-46.8911552,-22.9156538],[-46.891126,-22.9157773],[-46.8911098,-22.9158386],[-46.8910972,-22.9159007],[-46.8910918,-22.9159637],[-46.8910872,-22.9160901],[-46.8910458,-22.9165751],[-46.8910355,-22.9166567],[-46.8910178,-22.9167177],[-46.8909707,-22.9168362],[-46.8909343,-22.9169581],[-46.8909074,-22.9170161],[-46.8908735,-22.9170709],[-46.8908173,-22.9171527],[-46.890792,-22.9171943],[-46.8907645,-22.9172355],[-46.8907306,-22.9172904],[-46.8906943,-22.9173439],[-46.8906539,-22.9173948],[-46.8906127,-22.9174452],[-46.8905754,-22.9174982],[-46.8905425,-22.9175535],[-46.8905112,-22.9176096],[-46.8904794,-22.9176655],[-46.890445,-22.9177201],[-46.8904076,-22.917773],[-46.890369,-22.9178252],[-46.8903293,-22.9178765],[-46.8902862,-22.9179255],[-46.8902403,-22.9179723],[-46.8901975,-22.9180215],[-46.8901625,-22.9180757],[-46.8901305,-22.9181315],[-46.8900962,-22.9181861],[-46.8900589,-22.9182391],[-46.8900202,-22.9182912],[-46.88998,-22.9183422],[-46.8899379,-22.9183919],[-46.8898955,-22.9184413],[-46.8898554,-22.9184926],[-46.8898191,-22.9185461],[-46.8897858,-22.9186012],[-46.8897541,-22.9186572],[-46.8897221,-22.9187131],[-46.8896902,-22.9187689],[-46.8896773,-22.9188049],[-46.8896574,-22.9188922],[-46.8896549,-22.9189131],[-46.8896245,-22.9189962],[-46.8895867,-22.9190687],[-46.8895475,-22.9191202],[-46.8894954,-22.9191609],[-46.8894331,-22.9191861],[-46.8893819,-22.9192075],[-46.8893141,-22.9192346],[-46.889237,-22.9192678],[-46.8892162,-22.919274],[-46.8891186,-22.9192883],[-46.8890431,-22.9192984],[-46.8889755,-22.9193078],[-46.8889077,-22.9193133],[-46.8888395,-22.9193157],[-46.8887713,-22.9193134],[-46.8887036,-22.9193061],[-46.8886362,-22.9192959],[-46.8885691,-22.9192846],[-46.8885017,-22.9192738],[-46.8884342,-22.9192653],[-46.8883662,-22.9192603],[-46.8882974,-22.9192636],[-46.8882441,-22.9192738],[-46.8881733,-22.9193062],[-46.8881258,-22.9193514],[-46.8880885,-22.9194042],[-46.8880583,-22.9194609],[-46.8880306,-22.9195187],[-46.8880019,-22.919576],[-46.88797,-22.9196319],[-46.8879333,-22.9196851],[-46.8878909,-22.9197346],[-46.8878438,-22.9197803],[-46.8877988,-22.9198277],[-46.8877628,-22.9198814],[-46.8877337,-22.9199386],[-46.8877063,-22.9199963],[-46.8876732,-22.9200516],[-46.8876588,-22.9200721],[-46.8875703,-22.9201322],[-46.8875053,-22.920151],[-46.8874375,-22.9201577],[-46.8873696,-22.9201631],[-46.887303,-22.9201764],[-46.8872375,-22.9201944],[-46.8871723,-22.9202128],[-46.8871075,-22.9202326],[-46.8870442,-22.9202563],[-46.8869818,-22.920282],[-46.8869192,-22.920307],[-46.8868563,-22.9203314],[-46.8867942,-22.9203578],[-46.8867362,-22.9203907],[-46.8866884,-22.9204355],[-46.8866534,-22.9204897],[-46.8866272,-22.9205481],[-46.886607,-22.9206085],[-46.8865911,-22.9206699],[-46.8865783,-22.920732],[-46.8865683,-22.9207945],[-46.8865608,-22.9208572],[-46.8865542,-22.9209202],[-46.8865469,-22.9209831],[-46.8865369,-22.9210456],[-46.8865233,-22.9211075],[-46.8865096,-22.9211694],[-46.8864991,-22.9212318],[-46.8864906,-22.9212945],[-46.8864815,-22.9213572],[-46.8864714,-22.9214197],[-46.8864606,-22.9214822],[-46.8864499,-22.9215445],[-46.88644,-22.921607],[-46.8864318,-22.9216698],[-46.8864271,-22.9217329],[-46.8864248,-22.921796],[-46.8864213,-22.9218591],[-46.8864135,-22.921922],[-46.8864005,-22.921984],[-46.8863824,-22.9220449],[-46.8863612,-22.922105],[-46.8863396,-22.9221649],[-46.8863208,-22.9222256],[-46.8863071,-22.9222875],[-46.8862955,-22.9223499],[-46.8862822,-22.9224119],[-46.8862698,-22.922474],[-46.8862629,-22.9225369],[-46.8862591,-22.9225999],[-46.8862531,-22.9226628],[-46.8862459,-22.9227257],[-46.8862451,-22.922789],[-46.8862513,-22.9228518],[-46.886257,-22.9229149],[-46.8862624,-22.9229915],[-46.8862606,-22.9230439],[-46.886253,-22.9231043],[-46.8862458,-22.9231672],[-46.8862335,-22.9232292],[-46.8862179,-22.9232909],[-46.8862019,-22.9233523],[-46.8861885,-22.9234142],[-46.8861805,-22.923477],[-46.8861781,-22.9235401],[-46.8861795,-22.9236033],[-46.8861847,-22.9236663],[-46.8861955,-22.9237288],[-46.8862133,-22.9237897],[-46.886239,-22.9238482],[-46.8862719,-22.9239036],[-46.8863086,-22.9239568],[-46.8863474,-22.9240088],[-46.8863883,-22.9240594],[-46.8864315,-22.9241082],[-46.8864747,-22.9241573],[-46.8865148,-22.9242084],[-46.8865465,-22.9242642],[-46.8865632,-22.9243253],[-46.8865616,-22.9243883],[-46.8865389,-22.9244476],[-46.8864996,-22.9244991],[-46.8864507,-22.9245431],[-46.8863965,-22.9245814],[-46.8863402,-22.9246172],[-46.8862819,-22.92465],[-46.886219,-22.9246744],[-46.8861526,-22.9246886],[-46.8860849,-22.9246959],[-46.8860168,-22.9246995],[-46.8859486,-22.9247016],[-46.8858804,-22.9247041],[-46.8858122,-22.9247064],[-46.8857439,-22.9247078],[-46.8856757,-22.9247076],[-46.8856075,-22.9247057],[-46.8855394,-22.9247035],[-46.8854711,-22.9247029],[-46.8854029,-22.9247031],[-46.8853346,-22.9247029],[-46.8852664,-22.9247037],[-46.8851985,-22.9247096],[-46.8851312,-22.9247201],[-46.8850638,-22.9247299],[-46.884996,-22.9247372],[-46.8849284,-22.9247452],[-46.8848612,-22.924756],[-46.8847941,-22.9247678],[-46.884727,-22.9247791],[-46.8846597,-22.9247896],[-46.8845921,-22.9247987],[-46.8845243,-22.924805],[-46.8844562,-22.9248079],[-46.884388,-22.9248116],[-46.8843207,-22.9248214],[-46.884254,-22.924835],[-46.8841872,-22.9248477],[-46.88412,-22.9248591],[-46.8840534,-22.9248725],[-46.8839883,-22.9248916],[-46.8839276,-22.9249201],[-46.8838726,-22.9249575],[-46.8838213,-22.9249991],[-46.8837707,-22.9250416],[-46.8837191,-22.925083],[-46.8836647,-22.925121],[-46.8836059,-22.9251531],[-46.8835433,-22.9251781],[-46.8834795,-22.9252005],[-46.8834167,-22.9252253],[-46.8833547,-22.9252517],[-46.8832928,-22.9252782],[-46.8832304,-22.9253038],[-46.8831674,-22.9253281],[-46.8831038,-22.9253508],[-46.8830396,-22.9253722],[-46.8829754,-22.9253937],[-46.8829124,-22.9254179],[-46.882851,-22.9254455],[-46.8827917,-22.9254766],[-46.8827327,-22.9255085],[-46.8826715,-22.9255365],[-46.8826073,-22.925558],[-46.8825419,-22.925576],[-46.8824763,-22.9255936],[-46.8824116,-22.9256134],[-46.8823479,-22.925636],[-46.8822836,-22.9256573],[-46.8822179,-22.9256739],[-46.8821512,-22.9256872],[-46.8820843,-22.9256999],[-46.8820179,-22.9257147],[-46.8819528,-22.9257335],[-46.8818883,-22.925754],[-46.8818228,-22.925772],[-46.8817566,-22.9257874],[-46.8816905,-22.925803],[-46.8816245,-22.9258187],[-46.8815579,-22.9258327],[-46.8814909,-22.9258443],[-46.8814236,-22.925855],[-46.8813563,-22.9258658],[-46.8812892,-22.925877],[-46.8812222,-22.9258889],[-46.8811553,-22.9259017],[-46.8810889,-22.9259159],[-46.8810232,-22.925933],[-46.8809588,-22.9259536],[-46.8808947,-22.9259754],[-46.8808302,-22.9259959],[-46.8807651,-22.9260151],[-46.8806997,-22.9260332],[-46.8806342,-22.9260509],[-46.8805689,-22.9260689],[-46.8805036,-22.9260874],[-46.8804386,-22.9261069],[-46.8803733,-22.9261253],[-46.8803071,-22.9261401],[-46.88024,-22.9261517],[-46.8801731,-22.9261639],[-46.8801062,-22.9261767],[-46.8800386,-22.9261853],[-46.8799705,-22.9261885],[-46.8799024,-22.9261917],[-46.8798345,-22.9261979],[-46.8797665,-22.9262039],[-46.8796984,-22.9262066],[-46.8796302,-22.9262074],[-46.8795619,-22.9262085],[-46.8794937,-22.9262099],[-46.8794255,-22.9262107],[-46.8793573,-22.9262119],[-46.8792891,-22.9262154],[-46.8792211,-22.9262199],[-46.8791529,-22.9262219],[-46.8790848,-22.9262249],[-46.8790192,-22.9262415],[-46.8789618,-22.9262753],[-46.878909,-22.9263154],[-46.8788562,-22.9263556],[-46.8788031,-22.9263952],[-46.8787497,-22.9264346],[-46.8786964,-22.926474],[-46.8786436,-22.9265141],[-46.8785928,-22.9265562],[-46.8785455,-22.9266017],[-46.8785006,-22.9266493],[-46.8784563,-22.9266974],[-46.8784108,-22.9267445],[-46.8783631,-22.9267896],[-46.8783339,-22.9268167],[-46.8783561,-22.9268453],[-46.8783799,-22.9269044],[-46.8783932,-22.9269665],[-46.8784033,-22.9270289],[-46.8784123,-22.9270916],[-46.87842,-22.9271544],[-46.8784232,-22.9272175],[-46.8784174,-22.9272804],[-46.8784028,-22.9273421],[-46.8783825,-22.9274025],[-46.8783587,-22.9274617],[-46.8783333,-22.9275203],[-46.8783077,-22.927579],[-46.8782835,-22.927638],[-46.8782606,-22.9276976],[-46.8782369,-22.9277569],[-46.8782099,-22.9278149],[-46.8781784,-22.927871],[-46.8781436,-22.9279253],[-46.8781065,-22.9279783],[-46.8780682,-22.9280307],[-46.8780297,-22.9280829],[-46.8779919,-22.9281354],[-46.877955,-22.9281887],[-46.8779189,-22.9282423],[-46.8778834,-22.9282962],[-46.8778483,-22.9283505],[-46.877812,-22.928404],[-46.877772,-22.9284551],[-46.8777281,-22.9285036],[-46.8776832,-22.9285511],[-46.8776402,-22.9286002],[-46.8776022,-22.9286527],[-46.8775703,-22.9287085],[-46.8775382,-22.9287643],[-46.8775004,-22.9288169],[-46.8774603,-22.928868],[-46.8774218,-22.9289202],[-46.8773842,-22.928973],[-46.8773459,-22.9290252],[-46.8773051,-22.929076],[-46.8772617,-22.9291247],[-46.8772178,-22.9291731],[-46.8771777,-22.9292243],[-46.8771424,-22.9292784],[-46.8771086,-22.9293333],[-46.8770726,-22.929387],[-46.8770313,-22.9294372],[-46.8769842,-22.9294829],[-46.8769355,-22.9295272],[-46.8768886,-22.929573],[-46.8768438,-22.9296207],[-46.8768009,-22.9296699],[-46.8767598,-22.9297203],[-46.8767203,-22.9297719],[-46.8766825,-22.9298245],[-46.8766459,-22.9298778],[-46.8766095,-22.9299313],[-46.8765715,-22.9299838],[-46.8765341,-22.9300366],[-46.8765007,-22.9300917],[-46.876471,-22.9301487],[-46.8764386,-22.9302042],[-46.8763999,-22.9302562],[-46.8763564,-22.9303049],[-46.8763112,-22.9303523],[-46.8762704,-22.9304028],[-46.8762388,-22.9304588],[-46.8762157,-22.9305182],[-46.8761975,-22.9305792],[-46.8761813,-22.9306406],[-46.8761645,-22.9307018],[-46.8761464,-22.9307627],[-46.8761273,-22.9308234],[-46.876107,-22.9308838],[-46.8760855,-22.9309437],[-46.8760638,-22.9310037],[-46.8760442,-22.9310643],[-46.8760261,-22.9311252],[-46.8760071,-22.9311859],[-46.8759875,-22.9312464],[-46.8759736,-22.9313083],[-46.8759689,-22.9313713],[-46.8759712,-22.9314344],[-46.875978,-22.9314974],[-46.8759872,-22.93156],[-46.8760067,-22.9316034],[-46.876034,-22.9316613],[-46.8760632,-22.9317184],[-46.8760961,-22.9317738],[-46.8761342,-22.9318262],[-46.8761748,-22.9318769],[-46.8762128,-22.9319294],[-46.8762491,-22.931983],[-46.8762915,-22.9320324],[-46.8763416,-22.9320754],[-46.8763928,-22.932117],[-46.8764418,-22.9321611],[-46.8764901,-22.9322057],[-46.8765394,-22.9322494],[-46.8765893,-22.9322925],[-46.8766048,-22.9323095],[-46.8766484,-22.9323581],[-46.8766909,-22.9324077],[-46.8767344,-22.9324563],[-46.8767855,-22.932498],[-46.8768457,-22.9325276],[-46.8769088,-22.9325516],[-46.8769718,-22.932576],[-46.8770359,-22.9325974],[-46.8771022,-22.932612],[-46.87717,-22.9326195],[-46.8772382,-22.9326212],[-46.8773064,-22.9326199],[-46.8773747,-22.9326186],[-46.8774428,-22.9326174],[-46.8775111,-22.9326153],[-46.8775791,-22.9326102],[-46.8776463,-22.9325998],[-46.8777126,-22.9325847],[-46.8777789,-22.93257],[-46.8778456,-22.9325564],[-46.8779112,-22.9325388],[-46.8779738,-22.9325141],[-46.878035,-22.9324859],[-46.8780952,-22.9324563],[-46.8781522,-22.9324216],[-46.878203,-22.9323795],[-46.8782541,-22.9323376],[-46.8783114,-22.9323033],[-46.8783716,-22.9322735],[-46.8784312,-22.9322428],[-46.8784901,-22.9322108],[-46.8785499,-22.9321804],[-46.8786121,-22.9321542],[-46.8786753,-22.9321307],[-46.8787384,-22.9321063],[-46.8788002,-22.9320799],[-46.878862,-22.932053],[-46.8789245,-22.9320278],[-46.8789887,-22.9320062],[-46.8790544,-22.9319889],[-46.8791205,-22.9319737],[-46.8791867,-22.9319583],[-46.8792527,-22.931942],[-46.8793186,-22.9319259],[-46.8793849,-22.9319108],[-46.8794519,-22.9318985],[-46.8795195,-22.9318902],[-46.8795876,-22.9318877],[-46.8796556,-22.9318927],[-46.8797226,-22.9319044],[-46.8797887,-22.9319204],[-46.879854,-22.9319388],[-46.879919,-22.931958],[-46.8799842,-22.9319766],[-46.8800495,-22.9319947],[-46.8801144,-22.9320144],[-46.8801779,-22.9320376],[-46.8802393,-22.9320652],[-46.8802981,-22.9320971],[-46.8803539,-22.9321335],[-46.8804045,-22.9321758],[-46.8804464,-22.9322255],[-46.8804775,-22.9322817],[-46.8804982,-22.9323419],[-46.8805109,-22.932404],[-46.8805212,-22.9324665],[-46.8805334,-22.9325286],[-46.8805469,-22.9325906],[-46.8805527,-22.9326103],[-46.88057,-22.9326714],[-46.8805851,-22.932733],[-46.8805991,-22.9327949],[-46.8806192,-22.9328553],[-46.8806497,-22.9329118],[-46.8806857,-22.9329653],[-46.8807035,-22.932985],[-46.8807478,-22.933033],[-46.8807936,-22.9330799],[-46.880842,-22.9331244],[-46.8808952,-22.9331639],[-46.8809533,-22.9331971],[-46.8810133,-22.9332271],[-46.8810742,-22.9332557],[-46.8811386,-22.9332761],[-46.8812065,-22.9332811],[-46.8812744,-22.9332749],[-46.8813413,-22.9332632],[-46.8814073,-22.9332467],[-46.881471,-22.9332244],[-46.8815314,-22.933195],[-46.8815864,-22.9331576],[-46.8816367,-22.933115],[-46.8816865,-22.9330718],[-46.8817352,-22.9330275],[-46.8817772,-22.9329778],[-46.8818081,-22.9329216],[-46.8818249,-22.9328605],[-46.8818277,-22.9327974],[-46.8818235,-22.9327343],[-46.8818191,-22.9326712],[-46.8818217,-22.9326081],[-46.8818361,-22.9325464],[-46.8818616,-22.9324879],[-46.8818966,-22.9324337],[-46.8819359,-22.932382],[-46.8819754,-22.9323305],[-46.882016,-22.9322797],[-46.8820601,-22.9322314],[-46.8821098,-22.9321883],[-46.8821668,-22.9321537],[-46.8822279,-22.9321255],[-46.8822887,-22.9320968],[-46.8823483,-22.9320661],[-46.8824092,-22.9320377],[-46.8824723,-22.9320134],[-46.8825361,-22.9319909],[-46.8826001,-22.9319691],[-46.8826651,-22.9319501],[-46.8827311,-22.9319341],[-46.8827953,-22.9319126],[-46.8828535,-22.9318799],[-46.8829106,-22.9318452],[-46.882973,-22.9318201],[-46.8830386,-22.9318023],[-46.8831041,-22.9317848],[-46.8831695,-22.9317663],[-46.8832353,-22.9317496],[-46.8833018,-22.9317354],[-46.8833687,-22.9317232],[-46.883436,-22.9317126],[-46.8835035,-22.9317035],[-46.8835713,-22.9316961],[-46.8836394,-22.9316915],[-46.8837076,-22.9316901],[-46.8837759,-22.9316895],[-46.8838441,-22.9316884],[-46.8839122,-22.9316879],[-46.8839805,-22.9316892],[-46.8840487,-22.9316908],[-46.884117,-22.9316906],[-46.8841851,-22.9316891],[-46.8842488,-22.9316812],[-46.8843165,-22.9316727],[-46.8843842,-22.9316643],[-46.8844518,-22.9316558],[-46.8844776,-22.9316517],[-46.8845448,-22.9316402],[-46.8846113,-22.931626],[-46.8846777,-22.9316113],[-46.8847443,-22.9315977],[-46.8848111,-22.9315852],[-46.8848784,-22.9315739],[-46.8849457,-22.9315644],[-46.8850137,-22.9315576],[-46.8850817,-22.9315537],[-46.88515,-22.9315536],[-46.8852179,-22.9315579],[-46.8852854,-22.9315671],[-46.8853522,-22.9315805],[-46.8854181,-22.9315968],[-46.8854842,-22.9316122],[-46.8855514,-22.9316232],[-46.885619,-22.9316322],[-46.8856861,-22.9316433],[-46.8857532,-22.931655],[-46.885821,-22.9316623],[-46.8858889,-22.9316672],[-46.8859564,-22.9316768],[-46.8860222,-22.9316933],[-46.8860869,-22.9317136],[-46.8861508,-22.9317358],[-46.8862136,-22.9317605],[-46.8862754,-22.9317874],[-46.8863373,-22.9318139],[-46.8864007,-22.9318375],[-46.886465,-22.9318581],[-46.8865306,-22.9318758],[-46.886597,-22.9318902],[-46.886664,-22.9319021],[-46.8867302,-22.9319172],[-46.8867933,-22.9319414],[-46.8868536,-22.931971],[-46.886914,-22.9320004],[-46.8869741,-22.9320301],[-46.8870319,-22.9320637],[-46.8870836,-22.9321048],[-46.8871215,-22.9321571],[-46.8871464,-22.9322159],[-46.8871722,-22.9322744],[-46.8872033,-22.9323307],[-46.8872321,-22.9323879],[-46.8872549,-22.9324475],[-46.8872759,-22.9325076],[-46.8872973,-22.9325676],[-46.8873159,-22.9326284],[-46.8873292,-22.9326904],[-46.8873413,-22.9327526],[-46.8873562,-22.9328143],[-46.8873723,-22.9328758],[-46.8873871,-22.9329374],[-46.8874018,-22.9329991],[-46.8874183,-22.9330604],[-46.8874365,-22.9331213],[-46.8874551,-22.9331823],[-46.8874726,-22.9332433],[-46.887488,-22.9333049],[-46.8875041,-22.9333662],[-46.8875269,-22.9334258],[-46.8875552,-22.9334833],[-46.8875798,-22.9335421],[-46.8875971,-22.9336034],[-46.8876144,-22.9336645],[-46.887637,-22.9337241],[-46.8876637,-22.9337823],[-46.8876924,-22.9338396],[-46.8877235,-22.9338958],[-46.8877582,-22.9339502],[-46.8877999,-22.934],[-46.8878513,-22.9340416],[-46.887913,-22.9340679],[-46.8879808,-22.9340696],[-46.8880467,-22.934054],[-46.8881097,-22.9340298],[-46.8881701,-22.9340003],[-46.888228,-22.9339669],[-46.8882852,-22.9339325],[-46.8883439,-22.9339003],[-46.8884045,-22.9338711],[-46.8884659,-22.9338436],[-46.8885273,-22.9338159],[-46.8885877,-22.9337867],[-46.8886474,-22.9337559],[-46.8887075,-22.933726],[-46.8887688,-22.9336982],[-46.8888299,-22.9336701],[-46.8888896,-22.9336396],[-46.8889494,-22.9336092],[-46.8890109,-22.9335816],[-46.8890733,-22.933556],[-46.8891356,-22.9335302],[-46.8891973,-22.9335032],[-46.8892582,-22.9334749],[-46.8893196,-22.9334474],[-46.8893832,-22.9334242],[-46.8894483,-22.9334055],[-46.8895137,-22.9333876],[-46.8895784,-22.9333675],[-46.8896422,-22.9333449],[-46.8897053,-22.9333211],[-46.8897699,-22.9333006],[-46.8898363,-22.9332863],[-46.889903,-22.933273],[-46.8899688,-22.9332563],[-46.8900347,-22.9332397],[-46.8901017,-22.9332278],[-46.8901694,-22.9332193],[-46.890237,-22.9332112],[-46.8903044,-22.9332017],[-46.8903715,-22.9331903],[-46.8904387,-22.9331786],[-46.8905063,-22.9331705],[-46.8905742,-22.9331646],[-46.8906416,-22.9331548],[-46.8907076,-22.9331385],[-46.890772,-22.9331179],[-46.8908353,-22.9330942],[-46.890897,-22.9330672],[-46.8909573,-22.9330377],[-46.8910183,-22.9330091],[-46.8910812,-22.9329849],[-46.891146,-22.9329651],[-46.8912119,-22.9329489],[-46.8912781,-22.9329334],[-46.8913436,-22.9329159],[-46.891409,-22.9328976],[-46.8914749,-22.9328813],[-46.8915412,-22.9328659],[-46.8916068,-22.9328485],[-46.891672,-22.9328302],[-46.8917384,-22.9328155],[-46.8918058,-22.9328059],[-46.8918735,-22.9327989],[-46.8919415,-22.9327929],[-46.8920096,-22.9327888],[-46.8920778,-22.9327866],[-46.8921459,-22.9327834],[-46.8922139,-22.9327771],[-46.8922818,-22.9327708],[-46.89235,-22.9327682],[-46.8924182,-22.9327676],[-46.8924865,-22.9327665],[-46.8925545,-22.9327662],[-46.8926226,-22.9327709],[-46.8926901,-22.9327806],[-46.8927571,-22.9327921],[-46.892824,-22.9328048],[-46.8928899,-22.932821],[-46.8929548,-22.9328405],[-46.89302,-22.9328592],[-46.8930858,-22.9328761],[-46.8931503,-22.9328965],[-46.8932116,-22.9329241],[-46.8932707,-22.9329556],[-46.8933296,-22.9329877],[-46.8933894,-22.9330181],[-46.8934511,-22.9330451],[-46.8935137,-22.9330704],[-46.8935758,-22.9330965],[-46.8936369,-22.9331245],[-46.8936965,-22.9331554],[-46.8937534,-22.9331902],[-46.8938063,-22.9332302],[-46.8938566,-22.9332728],[-46.8939094,-22.9333129],[-46.8939641,-22.9333506],[-46.8940136,-22.9333939],[-46.8940528,-22.9334456],[-46.894087,-22.9335002],[-46.8941212,-22.9335551],[-46.8941551,-22.9336098],[-46.8941878,-22.9336653],[-46.8942163,-22.9337228],[-46.894238,-22.9337826],[-46.8942569,-22.9338434],[-46.8942784,-22.9339033],[-46.8943027,-22.9339623],[-46.8943281,-22.9340211],[-46.8943558,-22.9340788],[-46.8943892,-22.9341338],[-46.8944284,-22.9341856],[-46.894471,-22.934235],[-46.8945141,-22.934284],[-46.8945534,-22.9343356],[-46.894589,-22.9343895],[-46.8946253,-22.9344431],[-46.8946652,-22.9344944],[-46.8947084,-22.9345433],[-46.8947552,-22.9345891],[-46.8948091,-22.9346276],[-46.8948712,-22.9346537],[-46.8949378,-22.9346674],[-46.8950058,-22.9346705],[-46.895074,-22.9346682],[-46.8951423,-22.9346662],[-46.8952104,-22.9346638],[-46.8952782,-22.9346574],[-46.8953455,-22.9346471],[-46.8954127,-22.9346356],[-46.8954791,-22.9346215],[-46.8955435,-22.9346005],[-46.8956044,-22.9345722],[-46.895664,-22.9345413],[-46.8957227,-22.9345091],[-46.8957773,-22.9344713],[-46.8958255,-22.9344266],[-46.8958706,-22.9343791],[-46.8959155,-22.9343316],[-46.8959564,-22.9342811],[-46.8959887,-22.9342254],[-46.896011,-22.9341658],[-46.896024,-22.9341038],[-46.8960368,-22.9340417],[-46.8960609,-22.9339828],[-46.8960959,-22.9339285],[-46.8961318,-22.9338747],[-46.8961687,-22.9338216],[-46.8962178,-22.933778],[-46.896272,-22.9337397],[-46.8963189,-22.933694],[-46.8963604,-22.9336439],[-46.8964146,-22.933606],[-46.8964737,-22.9335742],[-46.896526,-22.9335339],[-46.8965705,-22.933486],[-46.8966139,-22.9334372],[-46.8966593,-22.93339],[-46.8967072,-22.9333449],[-46.8967582,-22.933303],[-46.8968138,-22.9332664],[-46.8968731,-22.9332353],[-46.8969341,-22.9332069],[-46.8969961,-22.9331806],[-46.8970604,-22.9331596],[-46.8971273,-22.9331476],[-46.8971955,-22.9331478],[-46.8972621,-22.9331615],[-46.8973271,-22.9331803],[-46.8973928,-22.9331974],[-46.8974572,-22.9332185],[-46.8975156,-22.9332507],[-46.897567,-22.9332923],[-46.8976125,-22.9333393],[-46.8976542,-22.9333893],[-46.8976954,-22.9334397],[-46.8977417,-22.9334861],[-46.8977993,-22.9335193],[-46.8978644,-22.9335381],[-46.8979302,-22.9335548],[-46.8979953,-22.9335737],[-46.8980619,-22.9335875],[-46.8981298,-22.9335902],[-46.8981965,-22.9335775],[-46.8982573,-22.933549],[-46.898315,-22.9335153],[-46.8983739,-22.9334834],[-46.8984301,-22.9334475],[-46.8984776,-22.9334023],[-46.8985182,-22.9333515],[-46.8985567,-22.9332994],[-46.8985951,-22.9332471],[-46.8986329,-22.9331946],[-46.8986689,-22.9331408],[-46.8987006,-22.9330849],[-46.8987278,-22.933027],[-46.8987525,-22.932968],[-46.898776,-22.9329086],[-46.8987998,-22.9328494],[-46.8988251,-22.9327907],[-46.898852,-22.9327327],[-46.8988798,-22.9326749],[-46.898904,-22.9326159],[-46.8989221,-22.9325549],[-46.8989362,-22.9324931],[-46.8989497,-22.9324311],[-46.8989661,-22.9323698],[-46.8989884,-22.9323101],[-46.8990148,-22.9322518],[-46.8990425,-22.932194],[-46.8990687,-22.9321358],[-46.8990906,-22.9320758],[-46.8991101,-22.9320153],[-46.8991312,-22.9319552],[-46.8991543,-22.9318957],[-46.8991778,-22.9318363],[-46.8991977,-22.9317759],[-46.8992087,-22.9317136],[-46.8992122,-22.9316504],[-46.899217,-22.9315874],[-46.8992264,-22.9315248],[-46.8992357,-22.9314622],[-46.8992422,-22.9313993],[-46.8992493,-22.9313365],[-46.8992587,-22.9312739],[-46.899265,-22.931211],[-46.8992644,-22.9311477],[-46.8992649,-22.9310845],[-46.899275,-22.9310221],[-46.8992887,-22.9309602],[-46.8992965,-22.9308974],[-46.8992981,-22.9308343],[-46.8992974,-22.9307711],[-46.899296,-22.9307078],[-46.8992941,-22.9306447],[-46.8992918,-22.9305815],[-46.8992885,-22.9305184],[-46.8992846,-22.9304553],[-46.8992816,-22.9303922],[-46.89928,-22.930329],[-46.8992791,-22.9302658],[-46.8992778,-22.9302026],[-46.8992764,-22.9301394],[-46.8992749,-22.9300762],[-46.8992737,-22.930013],[-46.8992729,-22.9299498],[-46.8992737,-22.9298866],[-46.8992772,-22.9298234],[-46.8992816,-22.9297604],[-46.8992835,-22.9296972],[-46.8992842,-22.9296341],[-46.8992902,-22.9295711],[-46.899303,-22.9295091],[-46.8993168,-22.9294472],[-46.899329,-22.9293849],[-46.8993414,-22.9293227],[-46.8993558,-22.929261],[-46.89937,-22.9291992],[-46.8993824,-22.9291371],[-46.8993952,-22.929075],[-46.89941,-22.9290133],[-46.8994234,-22.9289513],[-46.8994317,-22.9288886],[-46.8994358,-22.9288255],[-46.8994385,-22.9287624],[-46.8994392,-22.9286992],[-46.8994352,-22.9286361],[-46.8994238,-22.9285739],[-46.8994016,-22.9285142],[-46.8993705,-22.9284578],[-46.8993371,-22.9284027],[-46.8993036,-22.9283478],[-46.8992636,-22.9282965],[-46.8992172,-22.9282502],[-46.8991736,-22.9282017],[-46.8991405,-22.9281465],[-46.8991158,-22.9280877],[-46.8990944,-22.9280276],[-46.8990721,-22.9279678],[-46.8990455,-22.9279098],[-46.8990168,-22.9278523],[-46.8989897,-22.9277944],[-46.8989633,-22.9277361],[-46.8989361,-22.9276781],[-46.89891,-22.9276198],[-46.898889,-22.9275595],[-46.8988731,-22.9274981],[-46.898857,-22.9274367],[-46.8988395,-22.9273756],[-46.8988234,-22.9273142],[-46.8988088,-22.9272524],[-46.8987903,-22.9271916],[-46.8987667,-22.9271322],[-46.8987462,-22.927072],[-46.8987351,-22.9270097],[-46.8987285,-22.9269468],[-46.8987219,-22.926884],[-46.8987214,-22.9268209],[-46.8987353,-22.9267591],[-46.8987596,-22.9267001],[-46.8987864,-22.9266418],[-46.8988104,-22.9265826],[-46.8988282,-22.9265216],[-46.8988452,-22.9264605],[-46.898872,-22.9264025],[-46.898907,-22.9263483],[-46.8989407,-22.9262933],[-46.8989709,-22.9262365],[-46.8990035,-22.9261811],[-46.8990431,-22.9261297],[-46.8990919,-22.9260856],[-46.8991493,-22.9260518],[-46.8992128,-22.926029],[-46.8992796,-22.9260162],[-46.8993472,-22.9260076],[-46.8994151,-22.9260013],[-46.8994827,-22.9260075],[-46.8995437,-22.9260352],[-46.8995968,-22.9260749],[-46.8996464,-22.9261182],[-46.8996933,-22.9261641],[-46.8997369,-22.9262127],[-46.8997782,-22.9262631],[-46.8998187,-22.926314],[-46.8998586,-22.9263652],[-46.8998972,-22.9264173],[-46.8999341,-22.9264705],[-46.899969,-22.9265248],[-46.900004,-22.926579],[-46.9000437,-22.9266303],[-46.900091,-22.9266759],[-46.900146,-22.9267131],[-46.9002071,-22.926741],[-46.9002709,-22.9267637],[-46.9003353,-22.9267845],[-46.9004012,-22.9268011],[-46.9004684,-22.9268112],[-46.9005363,-22.9268174],[-46.9006044,-22.9268231],[-46.9006718,-22.9268319],[-46.9007381,-22.9268467],[-46.9008013,-22.9268704],[-46.9008582,-22.9269052],[-46.9009091,-22.9269472],[-46.9009587,-22.9269905],[-46.9010115,-22.9270305],[-46.9010704,-22.9270621],[-46.9011338,-22.9270856],[-46.9011977,-22.9271077],[-46.9012601,-22.9271333],[-46.90132,-22.9271636],[-46.9013759,-22.9271996],[-46.9014264,-22.9272421],[-46.9014689,-22.9272915],[-46.9015012,-22.927347],[-46.9015223,-22.927407],[-46.9015393,-22.9274683],[-46.9015608,-22.9275283],[-46.9015907,-22.9275851],[-46.9016306,-22.9276362],[-46.9016788,-22.9276809],[-46.9017323,-22.9277201],[-46.9017867,-22.9277583],[-46.9018366,-22.9278014],[-46.9018815,-22.9278489],[-46.9019266,-22.9278963],[-46.901977,-22.9279388],[-46.9020363,-22.9279696],[-46.9021016,-22.9279879],[-46.9021669,-22.928006],[-46.9022294,-22.9280315],[-46.9022899,-22.9280607],[-46.902351,-22.9280887],[-46.902415,-22.9281106],[-46.9024819,-22.9281228],[-46.9025497,-22.9281306],[-46.9026172,-22.9281389],[-46.9026848,-22.9281477],[-46.9027526,-22.9281551],[-46.9028204,-22.928162],[-46.9028881,-22.92817],[-46.9029552,-22.9281812],[-46.903021,-22.9281976],[-46.903086,-22.928217],[-46.9031517,-22.9282342],[-46.9032178,-22.9282496],[-46.903283,-22.9282684],[-46.9033469,-22.9282906],[-46.9034115,-22.9283108],[-46.9034777,-22.9283262],[-46.9035448,-22.9283379],[-46.9036124,-22.9283464],[-46.9036804,-22.9283508],[-46.9037486,-22.9283516],[-46.9038168,-22.9283533],[-46.9038848,-22.928359],[-46.9039527,-22.928365],[-46.9040209,-22.9283675],[-46.904089,-22.9283672],[-46.9041573,-22.9283665],[-46.9042255,-22.9283664],[-46.9042938,-22.9283673],[-46.904362,-22.9283656],[-46.9044293,-22.9283556],[-46.9044949,-22.9283383],[-46.9045605,-22.9283207],[-46.9046265,-22.9283049],[-46.9046917,-22.9282863],[-46.9047545,-22.9282618],[-46.9048156,-22.9282334],[-46.9048757,-22.9282035],[-46.9049364,-22.9281746],[-46.9049983,-22.9281481],[-46.9050596,-22.9281205],[-46.905118,-22.928088],[-46.9051728,-22.9280502],[-46.9052236,-22.9280081],[-46.9052666,-22.9279591],[-46.9052935,-22.9279013],[-46.9053045,-22.927839],[-46.9053085,-22.9277759],[-46.9053106,-22.9277128],[-46.9053126,-22.9276496],[-46.9053153,-22.9275864],[-46.9053184,-22.9275234],[-46.9053214,-22.9274601],[-46.9053228,-22.9273969],[-46.9053219,-22.9273337],[-46.9053202,-22.9272706],[-46.9053192,-22.9272074],[-46.9053178,-22.9271441],[-46.9053142,-22.927081],[-46.9053079,-22.927018],[-46.9052988,-22.9269554],[-46.9052873,-22.9268931],[-46.9052741,-22.9268311],[-46.9052592,-22.9267694],[-46.9052422,-22.9267082],[-46.9052252,-22.926647],[-46.9052128,-22.9265849],[-46.9052059,-22.9265221],[-46.9051984,-22.9264592],[-46.9051873,-22.9263969],[-46.9051769,-22.9263344],[-46.9051718,-22.9262714],[-46.9051705,-22.9262082],[-46.9051706,-22.9261449],[-46.9051688,-22.9260818],[-46.905163,-22.9260188],[-46.9051611,-22.9259557],[-46.9051767,-22.9258945],[-46.9052099,-22.9258395],[-46.9052533,-22.9257907],[-46.9053053,-22.9257499],[-46.9053663,-22.9257222],[-46.9054326,-22.9257075],[-46.9055003,-22.9256994],[-46.9055682,-22.9256934],[-46.9056363,-22.9256894],[-46.9057045,-22.9256868],[-46.9057727,-22.9256849],[-46.9058409,-22.9256833],[-46.9059092,-22.9256824],[-46.9059774,-22.9256821],[-46.9060456,-22.9256798],[-46.9061133,-22.9256723],[-46.9061805,-22.9256609],[-46.9062474,-22.9256491],[-46.9063146,-22.9256382],[-46.9063819,-22.925628],[-46.9064494,-22.9256181],[-46.9065165,-22.9256066],[-46.9065829,-22.9255922],[-46.9066482,-22.925574],[-46.9067115,-22.9255502],[-46.90677,-22.925518],[-46.9068231,-22.9254783],[-46.9068767,-22.9254392],[-46.9069358,-22.9254078],[-46.9069982,-22.9253824],[-46.9070615,-22.9253588],[-46.9071228,-22.9253311],[-46.9071783,-22.9252945],[-46.9072293,-22.9252525],[-46.907274,-22.925243],[-46.9073407,-22.9252295],[-46.9074076,-22.9252174],[-46.9074749,-22.9252071],[-46.9075424,-22.9251976],[-46.9076099,-22.9251885],[-46.9076778,-22.9251822],[-46.907746,-22.9251806],[-46.9078141,-22.9251825],[-46.9078824,-22.9251858],[-46.9079505,-22.9251866],[-46.9080185,-22.9251809],[-46.9080855,-22.9251692],[-46.9081519,-22.9251544],[-46.9081592,-22.9251556],[-46.9082259,-22.9251684],[-46.90829,-22.9251898],[-46.9083503,-22.9252194],[-46.9084118,-22.9252468],[-46.9084766,-22.9252667],[-46.9085419,-22.9252849],[-46.9086068,-22.9253044],[-46.9086732,-22.9253189],[-46.9087411,-22.9253246],[-46.9088092,-22.9253262],[-46.9088775,-22.9253291],[-46.9089454,-22.9253345],[-46.9090132,-22.9253421],[-46.9090812,-22.9253474],[-46.9091493,-22.925345],[-46.909216,-22.925332],[-46.9092788,-22.9253078],[-46.9093379,-22.9252763],[-46.9093969,-22.9252445],[-46.9094561,-22.9252131],[-46.9095116,-22.9251762],[-46.9095606,-22.9251324],[-46.9096062,-22.9250853],[-46.9096507,-22.9250375],[-46.9096944,-22.9249889],[-46.909738,-22.9249403],[-46.9097858,-22.9248953],[-46.9098406,-22.9248577],[-46.9098987,-22.9248244],[-46.9099562,-22.9247905],[-46.9100142,-22.9247573],[-46.9100752,-22.924729],[-46.9101392,-22.9247071],[-46.9102054,-22.9246922],[-46.910273,-22.9246834],[-46.9103411,-22.9246797],[-46.9104094,-22.9246797],[-46.9104775,-22.9246821],[-46.9105457,-22.9246854],[-46.9106139,-22.9246876],[-46.9106821,-22.9246872],[-46.9107502,-22.9246835],[-46.9108177,-22.9246749],[-46.9108834,-22.924658],[-46.910945,-22.9246309],[-46.9110022,-22.9245965],[-46.9110562,-22.9245579],[-46.9111075,-22.9245163],[-46.9111573,-22.9244732],[-46.9112099,-22.9244329],[-46.9112693,-22.9244018],[-46.9113319,-22.9243768],[-46.9113924,-22.9243477],[-46.9114506,-22.9243148],[-46.911512,-22.9242874],[-46.9115767,-22.9242673],[-46.9116409,-22.924246],[-46.9117031,-22.92422],[-46.9117664,-22.9241964],[-46.9118322,-22.9241795],[-46.9118984,-22.9241645],[-46.9119639,-22.924147],[-46.9120291,-22.9241282],[-46.9120945,-22.9241103],[-46.9121602,-22.9240933],[-46.912226,-22.9240768],[-46.9122927,-22.9240629],[-46.9123602,-22.9240541],[-46.9124283,-22.9240499],[-46.9124965,-22.9240478],[-46.9125647,-22.9240465],[-46.9126329,-22.9240459],[-46.9127012,-22.9240465],[-46.9127693,-22.9240498],[-46.912837,-22.9240577],[-46.9129034,-22.924072],[-46.9129677,-22.9240928],[-46.9130315,-22.9241155],[-46.9130957,-22.9241369],[-46.91316,-22.9241581],[-46.913224,-22.9241801],[-46.9132889,-22.9241995],[-46.9133557,-22.9242119],[-46.9134236,-22.9242178],[-46.9134919,-22.9242188],[-46.91356,-22.9242168],[-46.9136282,-22.9242137],[-46.9136963,-22.9242105],[-46.9137645,-22.924207],[-46.9138325,-22.9242026],[-46.9139003,-22.9241954],[-46.9139676,-22.9241849],[-46.9140345,-22.9241728],[-46.9141015,-22.9241604],[-46.9141686,-22.9241491],[-46.9142361,-22.9241397],[-46.9143037,-22.9241312],[-46.9143321,-22.9241268],[-46.9143999,-22.9241195],[-46.9144678,-22.9241223],[-46.9145343,-22.9241364],[-46.9146007,-22.924151],[-46.9146682,-22.9241605],[-46.9147351,-22.9241727],[-46.9147995,-22.9241937],[-46.9148616,-22.9242199],[-46.9149027,-22.9242377],[-46.9149643,-22.924265],[-46.9150256,-22.9242926],[-46.9150861,-22.9243218],[-46.9151447,-22.9243541],[-46.915202,-22.9243885],[-46.9152605,-22.924421],[-46.9153214,-22.9244495],[-46.9153841,-22.9244743],[-46.9154475,-22.9244977],[-46.9155088,-22.9245254],[-46.9155658,-22.9245601],[-46.915622,-22.924596],[-46.9156808,-22.9246279],[-46.9157417,-22.9246564],[-46.9158029,-22.9246844],[-46.9158611,-22.9247175],[-46.9159113,-22.92476],[-46.9159495,-22.9248122],[-46.9159715,-22.9248719],[-46.9159802,-22.9249344],[-46.915985,-22.9249975],[-46.9159895,-22.9250605],[-46.915992,-22.9251237],[-46.9159919,-22.925187],[-46.9159891,-22.9252501],[-46.915985,-22.9253132],[-46.9159822,-22.9253763],[-46.9159836,-22.9254395],[-46.9159909,-22.9255022],[-46.9160056,-22.925564],[-46.9160266,-22.9256241],[-46.916052,-22.9256828],[-46.9160771,-22.9257415],[-46.916098,-22.9258018],[-46.9161221,-22.9258607],[-46.9161611,-22.9259124],[-46.9162107,-22.9259557],[-46.9162624,-22.925997],[-46.916312,-22.9260403],[-46.9163579,-22.9260871],[-46.9163989,-22.9261376],[-46.9164342,-22.9261916],[-46.9164658,-22.9262477],[-46.9164991,-22.9263028],[-46.9165369,-22.9263554],[-46.9165771,-22.9264064],[-46.9166169,-22.9264578],[-46.916651,-22.9265126],[-46.9166759,-22.9265714],[-46.9166977,-22.9266313],[-46.9167236,-22.9266897],[-46.9167543,-22.9267461],[-46.9167883,-22.926801],[-46.9168243,-22.9268546],[-46.9168611,-22.9269079],[-46.9168975,-22.9269613],[-46.9169328,-22.9270155],[-46.9169666,-22.9270704],[-46.9169995,-22.9271257],[-46.9170315,-22.9271816],[-46.9170619,-22.9272381],[-46.9170917,-22.9272949],[-46.9171251,-22.92735],[-46.9171641,-22.927402],[-46.9172054,-22.9274522],[-46.9172459,-22.9275031],[-46.9172839,-22.9275555],[-46.9173193,-22.9276096],[-46.9173539,-22.927664],[-46.9173905,-22.9277174],[-46.917429,-22.9277695],[-46.9174682,-22.9278212],[-46.9175072,-22.9278732],[-46.9175448,-22.927926],[-46.917581,-22.9279795],[-46.9176169,-22.9280332],[-46.9176555,-22.9280853],[-46.9177012,-22.9281321],[-46.9177543,-22.9281719],[-46.917809,-22.9282096],[-46.9178623,-22.928249],[-46.917914,-22.9282905],[-46.9179641,-22.9283333],[-46.9180138,-22.9283766],[-46.9180637,-22.9284196],[-46.918113,-22.9284634],[-46.918161,-22.9285082],[-46.918213,-22.928549],[-46.9182737,-22.9285776],[-46.9183382,-22.928598],[-46.9184014,-22.9286221],[-46.9184636,-22.9286479],[-46.9185293,-22.9286645],[-46.9185973,-22.9286691],[-46.9186655,-22.9286689],[-46.9187337,-22.9286694],[-46.9188017,-22.9286741],[-46.918869,-22.9286845],[-46.9189356,-22.9286985],[-46.919002,-22.9287136],[-46.9190688,-22.9287258],[-46.9191366,-22.9287328],[-46.9192046,-22.9287375],[-46.9192726,-22.9287435],[-46.9193405,-22.9287497],[-46.9194086,-22.9287534],[-46.9194768,-22.9287549],[-46.919545,-22.9287551],[-46.9196132,-22.9287546],[-46.9196815,-22.9287526],[-46.9197496,-22.9287482],[-46.9198172,-22.9287403],[-46.9198842,-22.9287282],[-46.9199503,-22.9287125],[-46.9200159,-22.9286949],[-46.9200823,-22.9286805],[-46.9201499,-22.9286722],[-46.9202178,-22.928666],[-46.9202854,-22.9286571],[-46.9203525,-22.9286454],[-46.9204193,-22.9286327],[-46.9204862,-22.9286209],[-46.9205539,-22.9286124],[-46.9206219,-22.9286066],[-46.9206898,-22.9286013],[-46.9207578,-22.9285951],[-46.9208254,-22.928587],[-46.9208928,-22.9285772],[-46.9209602,-22.9285675],[-46.9210279,-22.9285592],[-46.9210959,-22.9285537],[-46.9211641,-22.9285513],[-46.9212322,-22.9285492],[-46.9213004,-22.9285465],[-46.9213684,-22.9285503],[-46.9214333,-22.9285694],[-46.9214914,-22.9286023],[-46.9215413,-22.9286452],[-46.921583,-22.9286953],[-46.9216179,-22.9287496],[-46.9216491,-22.9288058],[-46.9216814,-22.9288614],[-46.921714,-22.9289169],[-46.9217422,-22.9289745],[-46.9217645,-22.9290341],[-46.921786,-22.9290941],[-46.9218096,-22.9291535],[-46.9218335,-22.9292127],[-46.9218569,-22.9292721],[-46.921881,-22.9293311],[-46.9219059,-22.9293899],[-46.921927,-22.9294501],[-46.9219433,-22.9295114],[-46.9219669,-22.9295706],[-46.922007,-22.9296215],[-46.9220537,-22.9296677],[-46.922097,-22.9297165],[-46.9221338,-22.9297697],[-46.9221633,-22.9298266],[-46.9221816,-22.9298873],[-46.9221822,-22.9299503],[-46.922168,-22.930012],[-46.9221482,-22.9300726],[-46.9221279,-22.930133],[-46.9221101,-22.9301939],[-46.9220954,-22.9302556],[-46.9220823,-22.9303176],[-46.9220686,-22.9303795],[-46.9220521,-22.9304408],[-46.9220327,-22.9305015],[-46.922017,-22.930563],[-46.92201,-22.9306258],[-46.9220087,-22.930689],[-46.9220085,-22.9307521],[-46.9220095,-22.9308153],[-46.9220132,-22.9308785],[-46.9220217,-22.9309412],[-46.9220368,-22.9310028],[-46.9220583,-22.9310627],[-46.9220842,-22.9311212],[-46.9221146,-22.9311778],[-46.9221534,-22.9312297],[-46.922203,-22.9312729],[-46.92226,-22.9313075],[-46.9223214,-22.9313347],[-46.9223861,-22.931355],[-46.9224528,-22.9313682],[-46.9225208,-22.9313721],[-46.9225881,-22.9313624],[-46.9226518,-22.9313402],[-46.9227103,-22.9313077],[-46.9227643,-22.9312692],[-46.9228174,-22.9312294],[-46.9228702,-22.9311895],[-46.9229214,-22.9311477],[-46.9229715,-22.9311047],[-46.9230226,-22.9310629],[-46.9230762,-22.9310237],[-46.9231322,-22.9309877],[-46.9231904,-22.9309547],[-46.9232508,-22.9309254],[-46.9233138,-22.9309011],[-46.9233794,-22.9308839],[-46.9234471,-22.930876],[-46.9235152,-22.9308773],[-46.9235826,-22.930887],[-46.9236493,-22.9309006],[-46.9237164,-22.9309119],[-46.9237841,-22.9309196],[-46.923852,-22.9309263],[-46.9239197,-22.9309342],[-46.9239872,-22.9309433],[-46.9240547,-22.9309523],[-46.9241227,-22.9309575],[-46.9241909,-22.9309577],[-46.9242591,-22.9309589],[-46.9243269,-22.9309665],[-46.924394,-22.9309783],[-46.9244608,-22.930991],[-46.924528,-22.9310015],[-46.9245959,-22.9310076],[-46.9246641,-22.9310114],[-46.924732,-22.9310169],[-46.9247995,-22.9310261],[-46.9248662,-22.9310392],[-46.9249324,-22.9310549],[-46.9249987,-22.9310697],[-46.9250657,-22.9310814],[-46.9251335,-22.9310884],[-46.9252017,-22.9310911],[-46.92527,-22.931092],[-46.9253382,-22.9310919],[-46.9254062,-22.9310877],[-46.9254736,-22.9310776],[-46.9255405,-22.9310651],[-46.9256074,-22.9310526],[-46.9256732,-22.9310365],[-46.9257367,-22.9310132],[-46.9257983,-22.9309861],[-46.9258601,-22.9309594],[-46.9259219,-22.9309325],[-46.9259827,-22.9309036],[-46.9260437,-22.9308753],[-46.9261076,-22.9308533],[-46.9261735,-22.930837],[-46.9262391,-22.9308195],[-46.9263032,-22.9307982],[-46.9263667,-22.9307749],[-46.92643,-22.9307514],[-46.9264938,-22.9307291],[-46.9265583,-22.9307081],[-46.9266224,-22.9306868],[-46.9266858,-22.9306634],[-46.9267487,-22.9306387],[-46.9268113,-22.9306137],[-46.9268734,-22.9305874],[-46.9269341,-22.9305588],[-46.926995,-22.93053],[-46.9270574,-22.9305046],[-46.9271216,-22.930483],[-46.9271868,-22.9304646],[-46.9272526,-22.9304477],[-46.9273182,-22.9304304],[-46.9273827,-22.9304095],[-46.9274438,-22.9303817],[-46.9275012,-22.9303476],[-46.9275587,-22.9303136],[-46.9276179,-22.9302821],[-46.9276755,-22.9302481],[-46.927728,-22.930208],[-46.9277745,-22.9301618],[-46.927815,-22.9301109],[-46.9278522,-22.9300579],[-46.9278897,-22.9300052],[-46.9279295,-22.9299538],[-46.9279725,-22.9299047],[-46.9280185,-22.9298581],[-46.9280668,-22.9298134],[-46.9281142,-22.9297679],[-46.9281557,-22.9297179],[-46.9281903,-22.9296634],[-46.928223,-22.9296079],[-46.928257,-22.9295531],[-46.9282918,-22.9294987],[-46.9283269,-22.9294445],[-46.9283635,-22.9293912],[-46.9284024,-22.9293393],[-46.9284431,-22.9292886],[-46.9284849,-22.9292386],[-46.9285264,-22.9291886],[-46.9285667,-22.9291374],[-46.9286084,-22.9290874],[-46.9286552,-22.9290414],[-46.9287059,-22.9289991],[-46.9287574,-22.9289577],[-46.9288088,-22.9289162],[-46.9288608,-22.9288752],[-46.9289146,-22.9288364],[-46.9289724,-22.9288031],[-46.9290334,-22.9287747],[-46.9290939,-22.9287453],[-46.929152,-22.9287123],[-46.9292118,-22.9286819],[-46.9292758,-22.9286599],[-46.9293425,-22.9286469],[-46.9294104,-22.9286418],[-46.9294787,-22.92864],[-46.9295469,-22.9286374],[-46.929615,-22.9286379],[-46.9296824,-22.9286472],[-46.9297484,-22.9286633],[-46.9298142,-22.92868],[-46.9298804,-22.9286952],[-46.9299471,-22.928709],[-46.9300138,-22.9287223],[-46.9300801,-22.9287367],[-46.9301462,-22.9287527],[-46.930212,-22.9287695],[-46.9302777,-22.9287866],[-46.9303434,-22.9288038],[-46.930409,-22.9288208],[-46.930475,-22.9288369],[-46.9305412,-22.928852],[-46.9306072,-22.9288683],[-46.9306721,-22.9288877],[-46.9307367,-22.9289084],[-46.9308017,-22.9289275],[-46.9308674,-22.9289443],[-46.930934,-22.9289583],[-46.9310016,-22.9289662],[-46.9310697,-22.9289629],[-46.9311359,-22.9289479],[-46.931199,-22.9289239],[-46.9312599,-22.9288952],[-46.9313216,-22.9288686],[-46.9313863,-22.9288484],[-46.9314532,-22.9288364],[-46.9315212,-22.9288316],[-46.9315894,-22.9288285],[-46.9316573,-22.9288234],[-46.9317255,-22.9288199],[-46.9317937,-22.9288222],[-46.9318614,-22.9288289],[-46.9319291,-22.9288378],[-46.9319962,-22.9288489],[-46.9320628,-22.9288627],[-46.9321299,-22.9288745],[-46.9321979,-22.9288772],[-46.9322661,-22.9288751],[-46.932334,-22.9288806],[-46.9323997,-22.9288972],[-46.9324641,-22.9289184],[-46.9325265,-22.9289437],[-46.932579,-22.9289834],[-46.9326173,-22.9290358],[-46.9326526,-22.9290898],[-46.9326909,-22.9291421],[-46.9327302,-22.9291938],[-46.9327705,-22.9292447],[-46.9328157,-22.929292],[-46.9328666,-22.929334],[-46.9329184,-22.9293752],[-46.9329663,-22.9294202],[-46.9330099,-22.9294689],[-46.9330501,-22.92952],[-46.9330894,-22.9295716],[-46.933131,-22.9296217],[-46.9331743,-22.9296704],[-46.9332172,-22.9297197],[-46.9332599,-22.929769],[-46.9333041,-22.929817],[-46.9333494,-22.9298642],[-46.9333927,-22.9299133],[-46.9334328,-22.9299643],[-46.9334726,-22.9300157],[-46.9335139,-22.930066],[-46.9335556,-22.9301159],[-46.9335973,-22.9301661],[-46.9336386,-22.9302163],[-46.9336797,-22.9302668],[-46.9337179,-22.9303191],[-46.9337511,-22.9303744],[-46.9337794,-22.9304318],[-46.9338051,-22.9304904],[-46.9338326,-22.9305482],[-46.9338673,-22.9306025],[-46.9339095,-22.9306522],[-46.933956,-22.9306984],[-46.9340035,-22.9307438],[-46.9340482,-22.9307916],[-46.9340886,-22.9308424],[-46.934128,-22.930894],[-46.9341693,-22.9309444],[-46.9342136,-22.9309924],[-46.9342614,-22.9310374],[-46.9343119,-22.93108],[-46.9343636,-22.9311211],[-46.9344167,-22.931161],[-46.9344707,-22.9311995],[-46.9345267,-22.9312357],[-46.9345856,-22.9312676],[-46.934648,-22.9312932],[-46.9347137,-22.9313096],[-46.9347816,-22.9313153],[-46.9348497,-22.9313117],[-46.9349169,-22.9313011],[-46.9349828,-22.9312848],[-46.9350474,-22.9312644],[-46.9351108,-22.931241],[-46.9351736,-22.9312162],[-46.935236,-22.9311905],[-46.9352981,-22.9311644],[-46.9353602,-22.9311383],[-46.9354225,-22.9311125],[-46.9354845,-22.9310861],[-46.9355453,-22.9310573],[-46.9356031,-22.9310239],[-46.9356568,-22.930985],[-46.9357077,-22.9309428],[-46.9357578,-22.9308999],[-46.9358094,-22.9308586],[-46.9358638,-22.9308204],[-46.9359187,-22.9307829],[-46.9359698,-22.9307411],[-46.9360144,-22.9306932],[-46.9360587,-22.9306453],[-46.9361085,-22.930602],[-46.9361591,-22.9305596],[-46.9362073,-22.930515],[-46.9362546,-22.9304693],[-46.9363022,-22.9304242],[-46.9363519,-22.9303808],[-46.9364041,-22.9303401],[-46.9364576,-22.9303009],[-46.9364623,-22.930298],[-46.9365184,-22.930262],[-46.936574,-22.9302255],[-46.9366289,-22.930188],[-46.9366834,-22.9301498],[-46.936738,-22.9301119],[-46.9367944,-22.9300764],[-46.9368541,-22.9300459],[-46.9369143,-22.9300162],[-46.9369691,-22.9299787],[-46.937016,-22.9299328],[-46.9370584,-22.9298834],[-46.9370853,-22.9298704],[-46.9371455,-22.9298407],[-46.9372044,-22.9298088],[-46.9372631,-22.9297764],[-46.9373248,-22.9297498],[-46.9373895,-22.9297296],[-46.9374548,-22.9297113],[-46.9375196,-22.9296913],[-46.9375825,-22.9296672],[-46.9376436,-22.929639],[-46.9377044,-22.9296103],[-46.937766,-22.9295831],[-46.9378283,-22.9295572],[-46.9378909,-22.9295321],[-46.9379538,-22.9295076],[-46.9380161,-22.9294812],[-46.9380781,-22.929455],[-46.9381222,-22.9294283],[-46.9381793,-22.9293936],[-46.9382362,-22.9293586],[-46.9382928,-22.9293235],[-46.9383492,-22.9292878],[-46.9384051,-22.9292517],[-46.9384608,-22.9292151],[-46.9385162,-22.9291782],[-46.9385713,-22.9291408],[-46.9386262,-22.9291033],[-46.938681,-22.9290657],[-46.9387358,-22.929028],[-46.9387603,-22.9290068],[-46.9388112,-22.9289647],[-46.9388647,-22.9289256],[-46.9389195,-22.9288877],[-46.9389712,-22.9288465],[-46.939019,-22.9288014],[-46.9390682,-22.9287577],[-46.9391233,-22.9287205],[-46.9391816,-22.9286877],[-46.939239,-22.9286536],[-46.9392928,-22.9286147],[-46.9393417,-22.9285706],[-46.9393856,-22.9285223],[-46.9394282,-22.928473],[-46.9394719,-22.9284243],[-46.9395154,-22.9283756],[-46.9395573,-22.9283257],[-46.9395987,-22.9282755],[-46.9396413,-22.9282262],[-46.939685,-22.9281777],[-46.9397283,-22.9281288],[-46.939771,-22.9280796],[-46.9398129,-22.9280297],[-46.9398544,-22.9279794],[-46.9398674,-22.9279572],[-46.9398997,-22.9279016],[-46.9399314,-22.9278457],[-46.9399621,-22.9277892],[-46.93999,-22.9277316],[-46.9400131,-22.9276721],[-46.9400319,-22.9276114],[-46.9400494,-22.9275503],[-46.9400678,-22.9274894],[-46.9400872,-22.9274288],[-46.9401077,-22.9273686],[-46.9401284,-22.9273084],[-46.9401487,-22.927248],[-46.9401672,-22.9271872],[-46.9401835,-22.9271258],[-46.9402002,-22.9270644],[-46.9402208,-22.9270042],[-46.9402451,-22.9269452],[-46.940271,-22.9268867],[-46.9402767,-22.9268726],[-46.9402987,-22.9268128],[-46.9403156,-22.9267516],[-46.9403291,-22.9266896],[-46.9403442,-22.926628],[-46.9403624,-22.926567],[-46.9403824,-22.9265066],[-46.9404039,-22.9264467],[-46.9404271,-22.9263873],[-46.9404515,-22.9263282],[-46.9404751,-22.926269],[-46.9404971,-22.9262091],[-46.9405189,-22.9261492],[-46.940542,-22.9260897],[-46.9405665,-22.9260307],[-46.9405918,-22.925972],[-46.9406177,-22.9259136],[-46.9406438,-22.9258551],[-46.9406702,-22.9257969],[-46.9406977,-22.9257391],[-46.9407268,-22.9256819],[-46.9407593,-22.9256263],[-46.9407944,-22.9255721],[-46.9408306,-22.9255185],[-46.940866,-22.9254646],[-46.9408996,-22.9254095],[-46.9409308,-22.9253534],[-46.9409613,-22.9252967],[-46.9409925,-22.9252405],[-46.9410247,-22.9251848],[-46.9410581,-22.9251297],[-46.9410933,-22.9250755],[-46.9411301,-22.9250224],[-46.941167,-22.9249692],[-46.9412006,-22.9249142],[-46.9412303,-22.9248573],[-46.9412572,-22.9247991],[-46.9412825,-22.9247404],[-46.9413086,-22.924682],[-46.9413355,-22.924624],[-46.941361,-22.9245654],[-46.9413835,-22.9245057],[-46.9414035,-22.9244453],[-46.9414222,-22.9243845],[-46.9414415,-22.9243239],[-46.9414636,-22.924264],[-46.9414887,-22.9242053],[-46.9415168,-22.9241476],[-46.9415467,-22.9240909],[-46.9415772,-22.9240344],[-46.9416031,-22.923976],[-46.941616,-22.9239139],[-46.9416223,-22.9238511],[-46.9416388,-22.9237898],[-46.9416611,-22.9237301],[-46.9416813,-22.9236697],[-46.9416949,-22.9236079],[-46.9416993,-22.9235448],[-46.9416967,-22.9234818],[-46.9416908,-22.9234187],[-46.9416839,-22.9233558],[-46.9416765,-22.9232931],[-46.941668,-22.9232303],[-46.9416555,-22.9231683],[-46.9416367,-22.9231075],[-46.9416155,-22.9230474],[-46.9415961,-22.9229867],[-46.9415745,-22.9229269],[-46.9415453,-22.9228698],[-46.9415107,-22.9228153],[-46.9414764,-22.9227607],[-46.9414454,-22.9227044],[-46.9414147,-22.922648],[-46.9413803,-22.9225934],[-46.9413426,-22.9225407],[-46.9413038,-22.9224887],[-46.9412666,-22.9224357],[-46.941232,-22.9223812],[-46.9411995,-22.9223257],[-46.9411685,-22.9222694],[-46.9411391,-22.9222124],[-46.9411118,-22.9221545],[-46.941087,-22.9220956],[-46.9410657,-22.9220355],[-46.9410489,-22.9219742],[-46.9410379,-22.9219119],[-46.9410331,-22.9218489],[-46.941032,-22.9217858],[-46.9410322,-22.9217226],[-46.9410357,-22.9216593],[-46.9410453,-22.9215968],[-46.9410607,-22.9215353],[-46.9410809,-22.9214749],[-46.9411028,-22.9214151],[-46.9411236,-22.9213549],[-46.9411453,-22.9212951],[-46.9411761,-22.9212387],[-46.9412203,-22.9211906],[-46.9412711,-22.9211484],[-46.9413032,-22.9211193],[-46.9413517,-22.921075],[-46.9413992,-22.9210295],[-46.9414459,-22.9209835],[-46.9414931,-22.9209378],[-46.9415419,-22.9208937],[-46.9415935,-22.9208523],[-46.941648,-22.9208144],[-46.941704,-22.9207783],[-46.9417529,-22.9207494],[-46.9418102,-22.9207151],[-46.9418669,-22.92068],[-46.9419232,-22.9206441],[-46.9419792,-22.9206081],[-46.9420358,-22.9205728],[-46.9420938,-22.9205396],[-46.942153,-22.9205081],[-46.9422112,-22.9204752],[-46.9422677,-22.9204398],[-46.9423237,-22.9204038],[-46.94238,-22.920368],[-46.9424348,-22.9203304],[-46.9424871,-22.9202896],[-46.942539,-22.9202487],[-46.9425935,-22.9202106],[-46.9426486,-22.9201734],[-46.942702,-22.9201341],[-46.9427536,-22.9200927],[-46.942804,-22.9200501],[-46.9428528,-22.9200059],[-46.9428969,-22.9199579],[-46.9429357,-22.9199058],[-46.942974,-22.9198536],[-46.9430155,-22.9198033],[-46.9430577,-22.9197537],[-46.9430974,-22.9197023],[-46.9431313,-22.9196475],[-46.9431569,-22.919589],[-46.9431796,-22.9195294],[-46.9432056,-22.9194709],[-46.9432295,-22.9194118],[-46.9432444,-22.9193501],[-46.9432536,-22.9192875],[-46.9432633,-22.9192249],[-46.9432741,-22.9191625],[-46.943283,-22.9190999],[-46.9432907,-22.9190371],[-46.9432998,-22.9189745],[-46.9433121,-22.9189122],[-46.9433278,-22.9188507],[-46.9433471,-22.9187902],[-46.9433707,-22.9187309],[-46.9433987,-22.9186733],[-46.943429,-22.9186167],[-46.9434366,-22.9186026],[-46.9434672,-22.9185461],[-46.943498,-22.9184898],[-46.9435292,-22.9184334],[-46.9435617,-22.9183779],[-46.943596,-22.9183233],[-46.9436297,-22.9182683],[-46.9436604,-22.9182119],[-46.9436905,-22.9181552],[-46.9437238,-22.9181001],[-46.943761,-22.9180471],[-46.9438,-22.9179951],[-46.9438252,-22.9179612],[-46.9438666,-22.917911],[-46.9439142,-22.9178659],[-46.9439657,-22.9178244],[-46.9440184,-22.9177843],[-46.9440758,-22.9177504],[-46.9441394,-22.9177274],[-46.9442044,-22.9177084],[-46.9442671,-22.9176837],[-46.944323,-22.9176476],[-46.9443706,-22.9176025],[-46.9444129,-22.9175528],[-46.9444583,-22.9175056],[-46.9445093,-22.9174637],[-46.9445634,-22.9174252],[-46.944618,-22.9173873],[-46.9446711,-22.9173476],[-46.9447219,-22.9173055],[-46.9447732,-22.9172639],[-46.944827,-22.917225],[-46.9448828,-22.9171885],[-46.9449393,-22.9171532],[-46.9449885,-22.9171094],[-46.9450374,-22.9170654],[-46.9450864,-22.9170213],[-46.9451355,-22.9169773],[-46.9451843,-22.9169332],[-46.9452329,-22.9168889],[-46.9452815,-22.9168445],[-46.94533,-22.9168001],[-46.9453786,-22.9167558],[-46.9454272,-22.9167114],[-46.9454759,-22.9166672],[-46.9455249,-22.916623],[-46.9455739,-22.9165791],[-46.9456231,-22.9165353],[-46.9456725,-22.9164917],[-46.945722,-22.9164482],[-46.9457713,-22.9164046],[-46.9458201,-22.9163604],[-46.945868,-22.9163153],[-46.9459147,-22.9162693],[-46.9459611,-22.916223],[-46.9460084,-22.9161773],[-46.946057,-22.9161331],[-46.9461072,-22.9160903],[-46.9461589,-22.916049],[-46.9462119,-22.9160093],[-46.9462663,-22.9159712],[-46.9463221,-22.9159346],[-46.9463789,-22.9158996],[-46.9464367,-22.915866],[-46.9464953,-22.9158337],[-46.9465547,-22.9158025],[-46.9466147,-22.9157724],[-46.9466752,-22.9157434],[-46.9467362,-22.9157149],[-46.9467976,-22.9156873],[-46.9468594,-22.9156605],[-46.9469215,-22.9156344],[-46.946984,-22.9156092],[-46.947047,-22.9155847],[-46.9471102,-22.915561],[-46.9471738,-22.9155382],[-46.9472378,-22.9155162],[-46.9473021,-22.9154949],[-46.9473664,-22.9154739],[-46.9474306,-22.9154527],[-46.9474946,-22.9154306],[-46.947558,-22.9154073],[-46.9476206,-22.9153821],[-46.9476819,-22.9153546],[-46.9477419,-22.9153244],[-46.9478002,-22.9152915],[-46.947857,-22.9152565],[-46.9479127,-22.9152201],[-46.9479676,-22.9151825],[-46.9480218,-22.9151441],[-46.9480758,-22.9151054],[-46.9481298,-22.9150668],[-46.9481839,-22.9150282],[-46.948238,-22.9149898],[-46.9482922,-22.9149513],[-46.9483462,-22.9149128],[-46.9484001,-22.914874],[-46.9484537,-22.914835],[-46.9485071,-22.9147956],[-46.94856,-22.9147558],[-46.9486125,-22.9147153],[-46.9486642,-22.914674],[-46.9487148,-22.9146317],[-46.9487645,-22.9145882],[-46.9488125,-22.9145435],[-46.9488591,-22.9144973],[-46.9489038,-22.9144496],[-46.9489462,-22.9144001],[-46.9489867,-22.9143493],[-46.9490253,-22.914297],[-46.9490619,-22.9142437],[-46.9490967,-22.9141894],[-46.9491297,-22.9141341],[-46.9491613,-22.9140781],[-46.9491913,-22.9140213],[-46.9492202,-22.913964],[-46.949248,-22.9139064],[-46.949275,-22.9138482],[-46.9493015,-22.91379],[-46.9493275,-22.9137316],[-46.9493536,-22.9136731],[-46.9493795,-22.9136148],[-46.9494057,-22.9135564],[-46.9494321,-22.9134981],[-46.9494585,-22.9134398],[-46.9494851,-22.9133815],[-46.9495117,-22.9133233],[-46.9495385,-22.9132652],[-46.9495654,-22.9132071],[-46.9495922,-22.9131491],[-46.9496192,-22.913091],[-46.9496461,-22.913033],[-46.9496731,-22.9129749],[-46.9497002,-22.9129168],[-46.9497272,-22.9128588],[-46.9497541,-22.9128007],[-46.949781,-22.9127427],[-46.9498079,-22.9126847],[-46.9498348,-22.9126266],[-46.9498617,-22.9125685],[-46.9498887,-22.9125103],[-46.9499157,-22.9124523],[-46.9499426,-22.9123942],[-46.9499697,-22.9123362],[-46.9499967,-22.9122782],[-46.9500235,-22.9122202],[-46.9500504,-22.912162],[-46.9500768,-22.9121038],[-46.9501028,-22.9120452],[-46.9501282,-22.9119866],[-46.950153,-22.9119278],[-46.9501772,-22.9118686],[-46.9502003,-22.9118092],[-46.9502226,-22.9117494],[-46.9502438,-22.9116894],[-46.9502637,-22.9116289],[-46.9502824,-22.9115681],[-46.9502997,-22.911507],[-46.950316,-22.9114457],[-46.9503314,-22.9113841],[-46.9503459,-22.9113223],[-46.9503598,-22.9112605],[-46.9503732,-22.9111985],[-46.9503863,-22.9111364],[-46.9503992,-22.9110743],[-46.950412,-22.9110123],[-46.9504249,-22.9109502],[-46.9504381,-22.9108882],[-46.9504515,-22.9108263],[-46.9504654,-22.9107644],[-46.9504801,-22.9107026],[-46.9504953,-22.910641],[-46.9505117,-22.9105796],[-46.9505289,-22.9105185],[-46.9505472,-22.9104577],[-46.9505669,-22.9103971],[-46.950588,-22.910337],[-46.9506105,-22.9102774],[-46.9506348,-22.9102183],[-46.9506613,-22.9101601],[-46.9506901,-22.9101027],[-46.9507217,-22.9100467],[-46.9507559,-22.9099921],[-46.9507924,-22.9099387],[-46.9508306,-22.9098863],[-46.9508701,-22.9098348],[-46.9509105,-22.9097838],[-46.9509513,-22.9097332],[-46.9509925,-22.9096828],[-46.951034,-22.9096327],[-46.9510757,-22.9095826],[-46.9511176,-22.9095327],[-46.9511595,-22.9094828],[-46.9512013,-22.909433],[-46.9512431,-22.909383],[-46.9512848,-22.9093329],[-46.9513263,-22.9092828],[-46.9513675,-22.9092323],[-46.9514083,-22.9091817],[-46.9514487,-22.9091309],[-46.9514889,-22.9090797],[-46.9515291,-22.9090287],[-46.9515698,-22.908978],[-46.9516114,-22.9089279],[-46.9516544,-22.9088787],[-46.951699,-22.9088309],[-46.9517457,-22.9087849],[-46.9517945,-22.9087407],[-46.9518453,-22.9086986],[-46.9518977,-22.908658],[-46.9519513,-22.908619],[-46.952006,-22.9085812],[-46.9520615,-22.9085444],[-46.9521178,-22.9085088],[-46.9521774,-22.9084782],[-46.9522416,-22.9084569],[-46.9523083,-22.9084439],[-46.9523762,-22.9084369],[-46.9524443,-22.9084335],[-46.9525125,-22.908432],[-46.9525806,-22.9084319],[-46.9526488,-22.9084334],[-46.952717,-22.9084363],[-46.9527851,-22.9084407],[-46.952853,-22.9084466],[-46.9529208,-22.9084541],[-46.9529883,-22.908463],[-46.9530557,-22.9084731],[-46.9531228,-22.908484],[-46.9531899,-22.9084954],[-46.953257,-22.9085066],[-46.9533243,-22.9085176],[-46.9533915,-22.9085278],[-46.9534591,-22.908537],[-46.9535268,-22.9085448],[-46.9535947,-22.9085508],[-46.9536628,-22.9085549],[-46.9537309,-22.9085579],[-46.953799,-22.9085611],[-46.9538671,-22.9085663],[-46.9539345,-22.9085756],[-46.9540007,-22.908591],[-46.9540637,-22.9086149],[-46.954121,-22.908649],[-46.95417,-22.9086928],[-46.9542098,-22.9087441],[-46.95424,-22.9088007],[-46.9542618,-22.9088605],[-46.9542787,-22.9089218],[-46.9542943,-22.9089834],[-46.9543101,-22.9090448],[-46.954326,-22.9091063],[-46.9543422,-22.9091677],[-46.9543586,-22.909229],[-46.9543753,-22.9092902],[-46.9543921,-22.9093516],[-46.9544092,-22.9094128],[-46.9544265,-22.9094739],[-46.9544441,-22.909535],[-46.9544619,-22.9095959],[-46.9544799,-22.9096569],[-46.9544982,-22.9097178],[-46.9545166,-22.9097787],[-46.9545353,-22.9098395],[-46.9545542,-22.9099002],[-46.9545733,-22.9099608],[-46.9545926,-22.9100214],[-46.9546121,-22.910082],[-46.954632,-22.9101425],[-46.9546519,-22.9102029],[-46.9546722,-22.9102633],[-46.9546926,-22.9103237],[-46.9547134,-22.9103838],[-46.9547348,-22.9104438],[-46.9547566,-22.9105037],[-46.9547793,-22.9105633],[-46.9548027,-22.9106227],[-46.9548272,-22.9106817],[-46.9548527,-22.9107403],[-46.9548793,-22.9107985],[-46.9549072,-22.9108562],[-46.9549365,-22.9109132],[-46.9549673,-22.9109697],[-46.9549998,-22.9110252],[-46.9550352,-22.9110791],[-46.9550746,-22.9111308],[-46.9551189,-22.9111789],[-46.9551686,-22.911222],[-46.9552237,-22.9112593],[-46.9552832,-22.9112901],[-46.9553462,-22.9113143],[-46.9554118,-22.9113314],[-46.9554792,-22.911341],[-46.9555474,-22.9113422],[-46.9556152,-22.911336],[-46.9556822,-22.9113237],[-46.9557479,-22.9113067],[-46.9558125,-22.9112865],[-46.9558764,-22.9112643],[-46.9559399,-22.911241],[-46.9560033,-22.9112177],[-46.9560668,-22.9111949],[-46.9561307,-22.9111726],[-46.9561949,-22.9111512],[-46.9562593,-22.9111303],[-46.956324,-22.9111103],[-46.956389,-22.911091],[-46.9564542,-22.9110727],[-46.9565198,-22.9110553],[-46.9565858,-22.9110389],[-46.956652,-22.9110236],[-46.9567184,-22.9110095],[-46.9567852,-22.9109966],[-46.9568523,-22.9109848],[-46.9569195,-22.9109743],[-46.9569871,-22.9109647],[-46.9570545,-22.910956],[-46.9571223,-22.910948],[-46.95719,-22.9109404],[-46.9572577,-22.910933],[-46.9573255,-22.9109258],[-46.9573933,-22.9109186],[-46.9574611,-22.9109109],[-46.9575287,-22.910903],[-46.9575963,-22.9108944],[-46.9576638,-22.9108852],[-46.9577311,-22.9108749],[-46.9577982,-22.9108637],[-46.9578652,-22.9108513],[-46.9579317,-22.9108377],[-46.9579981,-22.9108228],[-46.9580639,-22.9108064],[-46.9581294,-22.9107885],[-46.9581946,-22.9107697],[-46.9582595,-22.9107505],[-46.9583245,-22.9107313],[-46.9583897,-22.9107126],[-46.9584552,-22.910695],[-46.9585213,-22.910679],[-46.9585879,-22.9106654],[-46.9586552,-22.910655],[-46.958723,-22.9106487],[-46.9587912,-22.910648],[-46.9588591,-22.9106539],[-46.9589256,-22.9106678],[-46.9589893,-22.9106902],[-46.9590496,-22.9107197],[-46.9591066,-22.9107545],[-46.9591608,-22.9107928],[-46.9592127,-22.9108337],[-46.9592632,-22.9108763],[-46.9593128,-22.9109196],[-46.9593622,-22.9109633],[-46.9594117,-22.9110068],[-46.9594622,-22.9110493],[-46.9595139,-22.9110905],[-46.9595672,-22.9111301],[-46.9596217,-22.9111681],[-46.9596772,-22.9112048],[-46.9597335,-22.9112403],[-46.9597905,-22.911275],[-46.9598482,-22.911309],[-46.959906,-22.9113425],[-46.959964,-22.9113758],[-46.9600219,-22.9114092],[-46.9600796,-22.911443],[-46.9601369,-22.9114772],[-46.9601941,-22.9115116],[-46.9602519,-22.9115453],[-46.9603107,-22.9115775],[-46.9603708,-22.9116072],[-46.9604328,-22.9116337],[-46.9604961,-22.911657],[-46.9605609,-22.9116771],[-46.9606264,-22.9116944],[-46.9606927,-22.9117093],[-46.9607596,-22.9117221],[-46.9608267,-22.911733],[-46.9608942,-22.9117423],[-46.960962,-22.9117504],[-46.9610297,-22.9117574],[-46.9610976,-22.9117635],[-46.9611656,-22.9117684],[-46.9612337,-22.9117724],[-46.9613019,-22.9117754],[-46.9613701,-22.9117773],[-46.9614383,-22.9117783],[-46.9615065,-22.9117783],[-46.9615747,-22.9117773],[-46.9616429,-22.9117753],[-46.9617111,-22.9117725],[-46.9617792,-22.9117689],[-46.9618472,-22.9117644],[-46.9619153,-22.9117594],[-46.9619833,-22.9117538],[-46.9620511,-22.9117477],[-46.9621191,-22.9117413],[-46.9621868,-22.9117344],[-46.9622545,-22.9117265],[-46.9623221,-22.9117172],[-46.9623892,-22.9117059],[-46.9624558,-22.9116923],[-46.9625216,-22.9116758],[-46.9625864,-22.911656],[-46.9626498,-22.9116323],[-46.9627109,-22.9116045],[-46.9627695,-22.911572],[-46.9628248,-22.9115351],[-46.9628767,-22.9114941],[-46.9629252,-22.9114496],[-46.962969,-22.9114012],[-46.9630061,-22.9113483],[-46.9630339,-22.9112907],[-46.9630491,-22.9112292],[-46.9630514,-22.9111661],[-46.9630422,-22.9111035],[-46.963024,-22.9110426],[-46.9630008,-22.9109831],[-46.9629763,-22.9109242],[-46.9629554,-22.9108641],[-46.962944,-22.9108018],[-46.962944,-22.9107387],[-46.9629528,-22.9106761],[-46.9629679,-22.9106146],[-46.9629876,-22.9105539],[-46.9630107,-22.9104944],[-46.9630363,-22.9104359],[-46.9630639,-22.9103781],[-46.9630925,-22.9103208],[-46.9631219,-22.9102637],[-46.9631522,-22.9102071],[-46.9631842,-22.9101513],[-46.9632179,-22.9100963],[-46.963254,-22.9100426],[-46.9632926,-22.9099906],[-46.9633336,-22.90994],[-46.9633766,-22.909891],[-46.9634214,-22.9098434],[-46.9634679,-22.9097971],[-46.9635158,-22.9097521],[-46.9635649,-22.9097082],[-46.9636146,-22.909665],[-46.9636647,-22.909622],[-46.9637148,-22.9095791],[-46.9637645,-22.9095357],[-46.9638132,-22.9094915],[-46.9638606,-22.9094461],[-46.9639063,-22.9093992],[-46.9639498,-22.9093505],[-46.9639913,-22.9093004],[-46.9640313,-22.9092491],[-46.9640701,-22.9091972],[-46.9641084,-22.9091448],[-46.9641465,-22.9090924],[-46.9641842,-22.9090397],[-46.9642208,-22.9089864],[-46.9642558,-22.9089322],[-46.9642887,-22.9088768],[-46.9643189,-22.9088202],[-46.9643466,-22.9087624],[-46.9643719,-22.9087037],[-46.9643952,-22.9086442],[-46.9644163,-22.9085841],[-46.9644358,-22.9085236],[-46.9644539,-22.9084626],[-46.9644705,-22.9084014],[-46.9644863,-22.9083399],[-46.9645014,-22.9082782],[-46.9645161,-22.9082165],[-46.9645307,-22.9081548],[-46.9645455,-22.908093],[-46.9645609,-22.9080315],[-46.964577,-22.9079701],[-46.9645941,-22.9079089],[-46.9646123,-22.907848],[-46.9646316,-22.9077873],[-46.9646522,-22.9077271],[-46.9646744,-22.9076673],[-46.9646981,-22.9076081],[-46.9647235,-22.9075494],[-46.9647507,-22.9074915],[-46.9647797,-22.9074344],[-46.964811,-22.9073781],[-46.9648447,-22.9073231],[-46.9648808,-22.9072695],[-46.9649195,-22.9072175],[-46.964961,-22.9071674],[-46.9650051,-22.9071191],[-46.965051,-22.9070724],[-46.9650984,-22.907027],[-46.9651466,-22.9069823],[-46.9651955,-22.9069382],[-46.9652445,-22.906894],[-46.965293,-22.9068497],[-46.9653415,-22.9068053],[-46.9653902,-22.906761],[-46.9654392,-22.906717],[-46.9654889,-22.9066737],[-46.9655396,-22.9066314],[-46.9655912,-22.90659],[-46.965644,-22.90655],[-46.965698,-22.9065114],[-46.9657533,-22.9064745],[-46.96581,-22.9064392],[-46.965868,-22.906406],[-46.9659274,-22.9063749],[-46.9659881,-22.9063459],[-46.9660496,-22.9063188],[-46.966112,-22.9062933],[-46.9661749,-22.9062688],[-46.9662383,-22.9062453],[-46.9663018,-22.9062223],[-46.9663654,-22.9061994],[-46.966429,-22.9061765],[-46.9664926,-22.9061536],[-46.9665561,-22.9061307],[-46.9666197,-22.9061078],[-46.9666835,-22.9060851],[-46.9667473,-22.9060627],[-46.966811,-22.9060404],[-46.9668751,-22.9060186],[-46.9669392,-22.9059969],[-46.9670035,-22.9059758],[-46.967068,-22.9059551],[-46.9671327,-22.9059349],[-46.9671974,-22.9059149],[-46.9672622,-22.9058952],[-46.9673271,-22.9058758],[-46.967392,-22.9058565],[-46.9674571,-22.9058373],[-46.9675221,-22.9058183],[-46.9675872,-22.9057991],[-46.9676521,-22.9057799],[-46.967717,-22.9057605],[-46.9677819,-22.9057406],[-46.9678464,-22.9057204],[-46.9679109,-22.9056997],[-46.967975,-22.9056781],[-46.9680389,-22.9056558],[-46.9681023,-22.9056327],[-46.9681653,-22.9056085],[-46.9682278,-22.9055832],[-46.9682897,-22.9055566],[-46.9683511,-22.9055288],[-46.9684121,-22.9055006],[-46.9684732,-22.9054725],[-46.9685346,-22.905445],[-46.9685967,-22.9054188],[-46.9686597,-22.9053945],[-46.9687237,-22.9053726],[-46.9687887,-22.9053536],[-46.9688547,-22.9053374],[-46.9689214,-22.905324],[-46.9689886,-22.9053134],[-46.9690563,-22.9053055],[-46.9691242,-22.9053004],[-46.9691924,-22.9052983],[-46.9692606,-22.9053004],[-46.9693282,-22.9053082],[-46.9693946,-22.905323],[-46.9694588,-22.9053442],[-46.9695214,-22.9053694],[-46.9695833,-22.905396],[-46.9696455,-22.9054218],[-46.9697093,-22.9054443],[-46.9697747,-22.9054623],[-46.9698413,-22.9054761],[-46.9699085,-22.9054866],[-46.9699762,-22.9054944],[-46.970044,-22.9055005],[-46.9701121,-22.9055055],[-46.9701801,-22.9055098],[-46.9702483,-22.9055133],[-46.9703164,-22.9055158],[-46.9703846,-22.9055174],[-46.9704529,-22.9055178],[-46.9705211,-22.9055168],[-46.9705893,-22.9055144],[-46.9706574,-22.9055107],[-46.9707253,-22.905506],[-46.9707933,-22.9055004],[-46.9708612,-22.905494],[-46.970929,-22.9054872],[-46.9709969,-22.9054802],[-46.9710647,-22.9054733],[-46.9711325,-22.9054667],[-46.9712006,-22.9054621],[-46.9712688,-22.905461],[-46.9713368,-22.9054651],[-46.9714043,-22.9054745],[-46.9714709,-22.9054878],[-46.971537,-22.905504],[-46.9716024,-22.9055215],[-46.9716679,-22.9055393],[-46.9717335,-22.9055564],[-46.9717998,-22.9055716],[-46.9718666,-22.9055843],[-46.9719339,-22.9055946],[-46.9720015,-22.9056028],[-46.9720695,-22.905609],[-46.9721375,-22.9056133],[-46.9722057,-22.905616],[-46.9722739,-22.9056172],[-46.9723421,-22.9056172],[-46.9724103,-22.905616],[-46.9724785,-22.905614],[-46.9725466,-22.9056111],[-46.9726148,-22.9056078],[-46.9726829,-22.905604],[-46.972751,-22.9056001],[-46.972819,-22.9055961],[-46.9728871,-22.9055923],[-46.9729553,-22.9055887],[-46.9730234,-22.9055856],[-46.9730916,-22.9055832],[-46.9731598,-22.9055817],[-46.973228,-22.9055812],[-46.9732963,-22.9055818],[-46.9733644,-22.9055835],[-46.9734326,-22.9055863],[-46.9735008,-22.9055897],[-46.9735688,-22.9055936],[-46.9736369,-22.9055979],[-46.9737049,-22.9056023],[-46.9737731,-22.9056065],[-46.9738411,-22.9056105],[-46.9739092,-22.9056139],[-46.9739774,-22.9056166],[-46.9740455,-22.9056187],[-46.9741138,-22.9056198],[-46.974182,-22.9056201],[-46.9742503,-22.9056193],[-46.9743185,-22.9056173],[-46.9743865,-22.9056139],[-46.9744546,-22.9056092],[-46.9745224,-22.9056028],[-46.97459,-22.9055948],[-46.9746575,-22.905585],[-46.9747245,-22.9055736],[-46.9747914,-22.9055608],[-46.9748579,-22.9055466],[-46.974924,-22.9055312],[-46.9749899,-22.9055148],[-46.9750551,-22.9054962],[-46.9751187,-22.9054734],[-46.975179,-22.9054438],[-46.9752328,-22.9054051],[-46.9752754,-22.905356],[-46.9753046,-22.9052991],[-46.9753217,-22.905238],[-46.9753279,-22.9051751],[-46.9753251,-22.905112],[-46.975318,-22.9050492],[-46.9753112,-22.9049862],[-46.9753061,-22.9049231],[-46.9752975,-22.9048605],[-46.9752792,-22.9047998],[-46.9752472,-22.9047441],[-46.9752056,-22.9046941],[-46.9751583,-22.9046485],[-46.9751073,-22.9046065],[-46.9750531,-22.9045682],[-46.9749961,-22.9045334],[-46.9749367,-22.9045023],[-46.9748756,-22.9044744],[-46.974815,-22.9044455],[-46.974809,-22.9044338],[-46.9749183,-22.9043727],[-46.97512,-22.9042603],[-46.9752234,-22.9041182],[-46.9752526,-22.9041152],[-46.9753229,-22.9040905],[-46.9755865,-22.9039533],[-46.9757777,-22.9038045],[-46.9759811,-22.9036663],[-46.9761156,-22.9035637],[-46.9762276,-22.9034945],[-46.9763692,-22.9033953],[-46.9764491,-22.9034021],[-46.9765369,-22.9033659],[-46.9765992,-22.9032941],[-46.976717,-22.9032124],[-46.9768264,-22.903169],[-46.9769364,-22.9031677],[-46.9770933,-22.9032019],[-46.9772289,-22.9032463],[-46.9773586,-22.9032763],[-46.9775017,-22.9032745],[-46.977637,-22.9032228],[-46.9777777,-22.9031896],[-46.9779221,-22.9031688],[-46.9780631,-22.9031328],[-46.9783464,-22.9030662],[-46.9784772,-22.9030083],[-46.9786104,-22.902954],[-46.9787447,-22.9028991],[-46.9788405,-22.902867],[-46.9789174,-22.9029141],[-46.978963,-22.9029885],[-46.9790054,-22.9031191],[-46.9790398,-22.9032685],[-46.9790728,-22.9033216],[-46.9791018,-22.9033576],[-46.9791491,-22.9033781],[-46.9791991,-22.9033826],[-46.9792625,-22.9033742],[-46.9792998,-22.9033514],[-46.9793391,-22.9032761],[-46.9793766,-22.9032428],[-46.9794353,-22.9032186],[-46.9795482,-22.9031947],[-46.9796812,-22.9031707],[-46.9799959,-22.9031293],[-46.9801578,-22.903131],[-46.9802217,-22.9031397],[-46.9802591,-22.9031449],[-46.9802731,-22.9031468],[-46.9804026,-22.9031844],[-46.9805338,-22.9032955],[-46.980543,-22.9033032],[-46.9805466,-22.9033063],[-46.9805944,-22.9034019],[-46.9806073,-22.9034278],[-46.9808898,-22.9032575],[-46.9813392,-22.9029842],[-46.9817803,-22.9027353],[-46.9824612,-22.9023802],[-46.9828002,-22.9022277],[-46.983459,-22.9019399],[-46.9839323,-22.9017578],[-46.9845918,-22.901543],[-46.9849717,-22.9014282],[-46.9855091,-22.9012819],[-46.9859018,-22.9011837],[-46.9867288,-22.9010267],[-46.9871092,-22.9009755],[-46.9874348,-22.9009355],[-46.9880276,-22.9008709],[-46.99052,-22.9006872],[-46.9912933,-22.9006357],[-46.9921602,-22.9005702],[-46.9931935,-22.9004996],[-46.9942079,-22.9004202],[-46.9947685,-22.9003667],[-46.9953672,-22.90029],[-46.9957437,-22.9002366],[-46.996103,-22.9001747],[-46.9967413,-22.9000542],[-46.9974345,-22.8998874],[-46.9981536,-22.8996868],[-46.9995993,-22.8992487],[-47.0008592,-22.8988544],[-47.0025337,-22.8984517],[-47.0030667,-22.8983431],[-47.0039446,-22.8981823],[-47.0046646,-22.897998],[-47.005482,-22.8976375],[-47.006423,-22.896982],[-47.0066626,-22.8968114],[-47.0053441,-22.8964839],[-47.0041247,-22.896106],[-47.0036455,-22.8959922],[-47.0007969,-22.8951063],[-46.9992789,-22.8947106],[-46.9985896,-22.8945165],[-46.9945273,-22.8931243],[-46.9907804,-22.8919489],[-46.9921833,-22.8889766],[-46.9919342,-22.888453],[-46.9922859,-22.8883567],[-46.9938743,-22.8882683],[-46.9938651,-22.8880818],[-46.9940574,-22.8879613],[-46.9949102,-22.8875837],[-46.9949907,-22.8875481],[-46.9960251,-22.8875301],[-46.9964656,-22.8875113],[-46.9966026,-22.8874374],[-46.9968468,-22.8873061],[-46.9969591,-22.8871412],[-46.9970839,-22.8869561],[-46.997146,-22.8867998],[-46.9972782,-22.8867994],[-46.9975648,-22.88624],[-46.998544,-22.8843288],[-46.993719,-22.8810903],[-46.9930662,-22.8806551],[-46.9937458,-22.8794236],[-46.9919965,-22.877857],[-46.99176,-22.8775849],[-46.9910568,-22.8769927],[-46.9901435,-22.8761872],[-46.9898343,-22.8757133],[-46.9895323,-22.8750964],[-46.9886032,-22.8735043],[-46.9882617,-22.8730703],[-46.9881067,-22.8727659],[-46.9880022,-22.8726575],[-46.9879195,-22.8726092],[-46.9877699,-22.8725655],[-46.9875353,-22.8725057],[-46.9873567,-22.8724306],[-46.9870464,-22.8722299],[-46.9867855,-22.8720653],[-46.9864088,-22.8717937],[-46.9857029,-22.87112],[-46.985548,-22.8709727],[-46.9854636,-22.8708816],[-46.9853595,-22.8708316],[-46.9851565,-22.8707683],[-46.9849732,-22.8707277],[-46.9846314,-22.8706328],[-46.9844134,-22.8705787],[-46.9841855,-22.8704514],[-46.9833872,-22.869951],[-46.9830847,-22.8697782],[-46.9828318,-22.8696006],[-46.9827326,-22.8695187],[-46.9826878,-22.8694457],[-46.9826481,-22.8693818],[-46.9827022,-22.869281],[-46.982781,-22.8691162],[-46.9830075,-22.8687268],[-46.9831745,-22.8682552],[-46.9833563,-22.8678019],[-46.9833757,-22.8676373],[-46.9834486,-22.8671752],[-46.983447,-22.8666082],[-46.9834605,-22.8661234],[-46.98333,-22.8654929],[-46.9834044,-22.8646457],[-46.9834073,-22.8644044],[-46.9833965,-22.8643355],[-46.9834441,-22.8641408],[-46.9835917,-22.863322],[-46.9836076,-22.8629865],[-46.9833821,-22.8623206],[-46.9832289,-22.8618634],[-46.9821661,-22.8618761],[-46.9815394,-22.8619303],[-46.9802979,-22.8617742],[-46.9802097,-22.861786],[-46.9798543,-22.8617677],[-46.9788627,-22.8616778],[-46.9792359,-22.8605966],[-46.9797141,-22.859606],[-46.980245,-22.858223],[-46.9804729,-22.8577122],[-46.9811663,-22.8567772],[-46.9813928,-22.8564164],[-46.9817623,-22.8557103],[-46.9815166,-22.8554746],[-46.9811588,-22.8550919],[-46.9805582,-22.8541795],[-46.9798945,-22.8531883],[-46.9791876,-22.8520629],[-46.9787585,-22.851306],[-46.9786609,-22.8508278],[-46.9783792,-22.8500595],[-46.9781708,-22.8494107],[-46.9780525,-22.8491458],[-46.977933,-22.8489938],[-46.9772626,-22.8486394],[-46.9767049,-22.8483648],[-46.9760569,-22.8479185],[-46.9756658,-22.8475596],[-46.9752227,-22.8471719],[-46.9748975,-22.8468664],[-46.9747294,-22.846595],[-46.9745991,-22.8463656],[-46.9743468,-22.8460759],[-46.9740519,-22.8457742],[-46.9734444,-22.8454948],[-46.973066,-22.8453349],[-46.9744828,-22.8443453],[-46.975321,-22.8440117],[-46.9753846,-22.8439859],[-46.9770769,-22.8432993],[-46.9802745,-22.8422443],[-46.9776522,-22.8361031],[-46.971153,-22.8368708],[-46.9718524,-22.8355266],[-46.9699472,-22.8356113],[-46.9697116,-22.8358577],[-46.9684958,-22.8358595],[-46.9679873,-22.8366299],[-46.967467,-22.8374134],[-46.9619061,-22.8364622],[-46.9620338,-22.8342106],[-46.962049,-22.8322687],[-46.9616936,-22.8302091],[-46.9610392,-22.8285486],[-46.9603457,-22.8273395],[-46.9591612,-22.8267644],[-46.9562245,-22.8261348],[-46.9517313,-22.8248341],[-46.9493748,-22.8236837],[-46.9457271,-22.8221451],[-46.9433667,-22.8208216],[-46.9374783,-22.8173526],[-46.9393061,-22.8176347],[-46.9412259,-22.8179236],[-46.9429489,-22.8177342],[-46.9432786,-22.8174236],[-46.943217,-22.816741],[-46.9432596,-22.8160142],[-46.9434161,-22.8153046],[-46.9441643,-22.8146752],[-46.9444844,-22.8144922],[-46.9448445,-22.8145824],[-46.9459861,-22.8156425],[-46.9463153,-22.8157077],[-46.9467382,-22.8155042],[-46.9474568,-22.8156909],[-46.949244,-22.8167475],[-46.9497564,-22.8170389],[-46.950593,-22.81722],[-46.9514514,-22.8177967],[-46.9519852,-22.8181131],[-46.9521675,-22.8179952],[-46.9522864,-22.8176904],[-46.9524958,-22.8173201],[-46.9527306,-22.8167663],[-46.9530094,-22.8164401],[-46.9530543,-22.8161304],[-46.9529178,-22.8156362],[-46.9531542,-22.8154134],[-46.9533928,-22.8153106],[-46.954093,-22.8155136],[-46.9544033,-22.8150185],[-46.9548157,-22.8144534],[-46.9551828,-22.8140613],[-46.9570886,-22.8139187],[-46.9588868,-22.813595],[-46.959791,-22.8133289],[-46.9604089,-22.8128555],[-46.961464,-22.8120328],[-46.9618652,-22.8116058],[-46.9619386,-22.8112407],[-46.9614909,-22.8108394],[-46.9609449,-22.8107286],[-46.9603845,-22.8099858],[-46.9603327,-22.8095293],[-46.9608683,-22.8082091],[-46.9611032,-22.8075901],[-46.9611217,-22.8069532],[-46.9613178,-22.8066334],[-46.9617739,-22.80642],[-46.9622871,-22.806054],[-46.9628411,-22.8055797],[-46.9631622,-22.805344],[-46.9634429,-22.8052552],[-46.9637485,-22.805467],[-46.9640762,-22.8057015],[-46.9649163,-22.8058196],[-46.9656447,-22.8055988],[-46.9659926,-22.8053492],[-46.9665259,-22.8049384],[-46.9670014,-22.8047722],[-46.9676939,-22.8049941],[-46.9680494,-22.8054773],[-46.9682091,-22.80589],[-46.9691771,-22.8063266],[-46.970048,-22.8064107],[-46.9709058,-22.8068917],[-46.9713247,-22.8070455],[-46.971856,-22.8064771],[-46.9721376,-22.8055575],[-46.9725668,-22.804679],[-46.9725764,-22.8042423],[-46.9726865,-22.8035028],[-46.9728847,-22.8026713],[-46.9731816,-22.801722],[-46.973487,-22.8013312],[-46.974862,-22.8004014],[-46.9751299,-22.8002379],[-46.9752258,-22.7998041],[-46.9745283,-22.7979416],[-46.9747116,-22.7968676],[-46.9754401,-22.7956167],[-46.9754223,-22.7950682],[-46.9749513,-22.7943448],[-46.9744306,-22.793564],[-46.9742069,-22.7929964],[-46.9742274,-22.7924826],[-46.9743632,-22.7921639],[-46.9746746,-22.7918816],[-46.9753344,-22.7912851],[-46.9754932,-22.7904915],[-46.9755796,-22.7899686],[-46.975623,-22.7895932],[-46.9762395,-22.7891259],[-46.9764506,-22.7888255],[-46.9767842,-22.7882856],[-46.9771207,-22.787867],[-46.9774782,-22.7876198],[-46.9781399,-22.7875538],[-46.9786035,-22.7876662],[-46.9792426,-22.7880733],[-46.9803467,-22.7887041],[-46.9818726,-22.7889066],[-46.9832822,-22.7890675],[-46.9842319,-22.7891555],[-46.9847352,-22.788965],[-46.985335,-22.7889148],[-46.9857006,-22.7889158],[-46.9863178,-22.7887168],[-46.9870171,-22.7884273],[-46.9873438,-22.7883405],[-46.9876017,-22.7883612],[-46.9879265,-22.7885159],[-46.9885074,-22.7885133],[-46.9890299,-22.7886127],[-46.9893526,-22.788872],[-46.9898758,-22.7895507],[-46.9904354,-22.7900021],[-46.9904354,-22.7900018],[-46.9904354,-22.7900021],[-46.9908028,-22.7902577],[-46.991322,-22.7905782],[-46.9917518,-22.790751],[-46.9919268,-22.7907224],[-46.9920909,-22.7906402],[-46.9926824,-22.790333],[-46.9932399,-22.7899895],[-46.9935504,-22.7898253],[-46.994041,-22.7897259],[-46.9946473,-22.7894755],[-46.9949591,-22.7893114],[-46.9950509,-22.7892358],[-46.9951209,-22.7890765],[-46.9951839,-22.788917],[-46.9952119,-22.788722],[-46.9952573,-22.788515],[-46.9952709,-22.7883896],[-46.9951015,-22.7881008],[-46.9950398,-22.7878105],[-46.994989,-22.7874047],[-46.9949193,-22.787186],[-46.9947937,-22.7868743],[-46.9947661,-22.786692],[-46.9947725,-22.7857437],[-46.9947974,-22.7854477],[-46.994831,-22.7852154],[-46.9948991,-22.784983],[-46.9950036,-22.7847954],[-46.9951724,-22.7846539],[-46.9953582,-22.7845459],[-46.9954712,-22.7844845],[-46.9956225,-22.7844478],[-46.9958131,-22.7844191],[-46.9960282,-22.7844427],[-46.9961858,-22.7845406],[-46.9963734,-22.7848824],[-46.9965517,-22.7849414],[-46.9966956,-22.784906],[-46.9969087,-22.7847378],[-46.9971491,-22.784608],[-46.9973173,-22.7845466],[-46.9974986,-22.7844295],[-46.9976402,-22.7842841],[-46.9977048,-22.7841449],[-46.9977305,-22.7839801],[-46.997721,-22.7839015],[-46.9976791,-22.7838479],[-46.9974774,-22.7836315],[-46.9974217,-22.7834487],[-46.9973866,-22.7832691],[-46.9974554,-22.7831043],[-46.9974987,-22.7829497],[-46.9975012,-22.7827212],[-46.9975241,-22.7824988],[-46.9976096,-22.7822131],[-46.9977992,-22.781635],[-46.99779,-22.7815114],[-46.9977578,-22.7814306],[-46.9977308,-22.7813423],[-46.9977353,-22.781264],[-46.9978045,-22.7810261],[-46.9980086,-22.7803322],[-46.9980309,-22.7802168],[-46.9980065,-22.7800605],[-46.998026,-22.7799147],[-46.9980539,-22.7798676],[-46.9981168,-22.7798161],[-46.9982709,-22.7797915],[-46.9984828,-22.7797018],[-46.9985513,-22.7796154],[-46.9985672,-22.7794443],[-46.9985364,-22.7792428],[-46.998505,-22.7786891],[-46.9982789,-22.7782372]]]}},{"type":"Feature","properties":{"id":"campo-grande","nome":"Campo Grande","apg":7,"fonte_limite":"Prefeitura Municipal de Campinas - Portal de Metadados Geoespaciais, camada Historico de Populacao por APG","precisao":"Geometria oficial baixada em SHP e convertida para GeoJSON para uso no prototipo web","ID":7,"APG":"Campo Grande","NOME_COMPL":"APG CAMPO GRANDE","POP_2010":99800.0,"POP_2000":76122,"POP_1996":67220,"POP_1991":58814,"POP_1980":17975,"POP_1970":7440,"VAR_POPULA":92360,"VAR_PERC_P":427.41,"POP_2022":124644.0},"geometry":{"type":"Polygon","coordinates":[[[-47.1815525,-22.9119848],[-47.1815203,-22.9122652],[-47.1782153,-22.9118451],[-47.1743697,-22.911259],[-47.1712783,-22.9108727],[-47.1691485,-22.9108161],[-47.1677309,-22.9109211],[-47.166327,-22.9112354],[-47.164678,-22.9116675],[-47.1629923,-22.9123578],[-47.1580421,-22.9150169],[-47.1561258,-22.9160463],[-47.1482852,-22.9201604],[-47.1473038,-22.9206787],[-47.1467076,-22.9208809],[-47.1463868,-22.9209897],[-47.1452472,-22.9212872],[-47.1443159,-22.9214077],[-47.1435635,-22.9214341],[-47.1424418,-22.9214111],[-47.1388553,-22.920945],[-47.1371862,-22.9207672],[-47.1357793,-22.9209773],[-47.1344914,-22.9213604],[-47.1335726,-22.9218068],[-47.1319772,-22.9232002],[-47.1310345,-22.9243844],[-47.1298977,-22.9264953],[-47.129141,-22.9287546],[-47.1288055,-22.9300258],[-47.1277802,-22.9337032],[-47.1269354,-22.9368974],[-47.126498,-22.938686],[-47.1263302,-22.9394677],[-47.1262686,-22.9398801],[-47.1261333,-22.9408506],[-47.1260602,-22.9414505],[-47.125961,-22.942566],[-47.125955,-22.9433834],[-47.1259333,-22.944716],[-47.1258508,-22.950281],[-47.1257384,-22.9564321],[-47.1257083,-22.956797],[-47.1256507,-22.9572472],[-47.1255173,-22.957909],[-47.1254667,-22.9580948],[-47.1253889,-22.9583463],[-47.1251297,-22.9590972],[-47.1253907,-22.9593018],[-47.1258138,-22.9595239],[-47.1260953,-22.9597214],[-47.1264668,-22.9600497],[-47.1268144,-22.960151],[-47.1270736,-22.9602082],[-47.1273296,-22.9604106],[-47.1277624,-22.9606849],[-47.1280802,-22.9607494],[-47.1283902,-22.9607551],[-47.1288419,-22.9607113],[-47.1293688,-22.9607282],[-47.1296282,-22.9606881],[-47.1298816,-22.9606307],[-47.1302796,-22.9605089],[-47.1305405,-22.9603988],[-47.130663,-22.960374],[-47.1308813,-22.9604204],[-47.1312037,-22.9606289],[-47.1314166,-22.9606006],[-47.1316855,-22.9605422],[-47.1320632,-22.9604958],[-47.1325323,-22.9604881],[-47.1329178,-22.960427],[-47.1331283,-22.9604118],[-47.1333325,-22.9604966],[-47.1339933,-22.9610333],[-47.1341312,-22.9611166],[-47.1343778,-22.9612104],[-47.1346229,-22.9612245],[-47.1350456,-22.9611679],[-47.1354216,-22.9610609],[-47.1356632,-22.9609549],[-47.1358144,-22.960866],[-47.1359664,-22.9608176],[-47.1362332,-22.9608081],[-47.1366892,-22.960696],[-47.1370524,-22.9606893],[-47.1374477,-22.9609193],[-47.1377399,-22.9610128],[-47.138398,-22.9612442],[-47.138852,-22.9613677],[-47.138939,-22.9613747],[-47.139097,-22.9613085],[-47.1394444,-22.9610872],[-47.1399089,-22.9608269],[-47.1401678,-22.9607476],[-47.1404709,-22.9607285],[-47.1408021,-22.9606936],[-47.1410278,-22.9606951],[-47.1412456,-22.9607533],[-47.1414561,-22.9607512],[-47.1415613,-22.9606813],[-47.1415712,-22.9606011],[-47.1415349,-22.9605138],[-47.1414717,-22.9604336],[-47.1412915,-22.9603537],[-47.141112,-22.9603044],[-47.1410709,-22.9602424],[-47.1410641,-22.96017],[-47.1410747,-22.9600889],[-47.1411074,-22.9600073],[-47.1411961,-22.9599066],[-47.1412917,-22.95982],[-47.1415321,-22.9597913],[-47.1417781,-22.9597269],[-47.1421991,-22.9595902],[-47.1424823,-22.9594217],[-47.1427389,-22.9593427],[-47.1430753,-22.9593287],[-47.1436896,-22.9592931],[-47.1441437,-22.959258],[-47.1445685,-22.9591876],[-47.1450875,-22.9592058],[-47.1455377,-22.9591407],[-47.1457867,-22.9590715],[-47.1459781,-22.9590157],[-47.146224,-22.9588279],[-47.1464391,-22.9586233],[-47.1465595,-22.9584457],[-47.1466181,-22.9583096],[-47.1466669,-22.9580886],[-47.1466627,-22.9579501],[-47.1464731,-22.957671],[-47.1464052,-22.9573953],[-47.1464629,-22.9570958],[-47.1466603,-22.956986],[-47.1468159,-22.9569276],[-47.1469467,-22.9568402],[-47.1471757,-22.956723],[-47.1474446,-22.9566245],[-47.1477466,-22.9564864],[-47.1479854,-22.9564219],[-47.1481477,-22.9563716],[-47.1482628,-22.9563713],[-47.1483792,-22.9564568],[-47.1484456,-22.9565404],[-47.1485596,-22.9565788],[-47.1490625,-22.9564842],[-47.1492564,-22.9563949],[-47.149438,-22.9562062],[-47.1495769,-22.9560786],[-47.1499343,-22.9560964],[-47.1502731,-22.9560373],[-47.1504704,-22.9559581],[-47.1507591,-22.9558441],[-47.1510102,-22.9556546],[-47.1512104,-22.9555981],[-47.151412,-22.955603],[-47.1518786,-22.9557229],[-47.1523708,-22.9557151],[-47.1526995,-22.9556611],[-47.1531016,-22.9555417],[-47.1534145,-22.9553076],[-47.1536843,-22.955176],[-47.1539992,-22.955056],[-47.154193,-22.9550124],[-47.1543895,-22.9549993],[-47.1546115,-22.9549501],[-47.1548999,-22.954881],[-47.1552504,-22.9548278],[-47.1555,-22.9549089],[-47.1558242,-22.9549452],[-47.1562465,-22.9551015],[-47.1571758,-22.9554093],[-47.1574955,-22.9554929],[-47.1578417,-22.9554588],[-47.1582976,-22.9553706],[-47.1586075,-22.9552591],[-47.1589664,-22.9550941],[-47.1593254,-22.954912],[-47.159529,-22.9549073],[-47.1604871,-22.9552906],[-47.1608206,-22.9553766],[-47.1610525,-22.9554322],[-47.1615491,-22.9555927],[-47.1616536,-22.9556806],[-47.161721,-22.9558394],[-47.1618884,-22.9560193],[-47.1620078,-22.9560975],[-47.1621533,-22.9561336],[-47.162518,-22.9561511],[-47.1630498,-22.9561069],[-47.1633029,-22.9560929],[-47.1635867,-22.9560831],[-47.1637489,-22.9561088],[-47.1638572,-22.9561518],[-47.1639718,-22.9563163],[-47.1640975,-22.956636],[-47.1642292,-22.9568135],[-47.1645156,-22.9569965],[-47.1647466,-22.9570998],[-47.1649837,-22.9573654],[-47.1651442,-22.9575321],[-47.1655131,-22.957918],[-47.1658102,-22.9581067],[-47.1659472,-22.9581984],[-47.1659903,-22.9583253],[-47.1660349,-22.9585001],[-47.1660304,-22.958687],[-47.1660787,-22.9587836],[-47.1663639,-22.958962],[-47.1668659,-22.9591165],[-47.1671502,-22.9592021],[-47.1673815,-22.9592428],[-47.1676652,-22.9592882],[-47.1685184,-22.9594275],[-47.1688772,-22.9594575],[-47.1698314,-22.9595827],[-47.1699733,-22.959642],[-47.1706181,-22.9601476],[-47.1717445,-22.961105],[-47.172414,-22.9617031],[-47.1727532,-22.9620318],[-47.1729518,-22.9622869],[-47.1733,-22.9626742],[-47.1735403,-22.9628502],[-47.1737066,-22.9629745],[-47.1739288,-22.9631635],[-47.1741873,-22.9633599],[-47.1743093,-22.9634623],[-47.1743266,-22.9635905],[-47.1742707,-22.9636953],[-47.1742086,-22.9638589],[-47.1743161,-22.9641091],[-47.1743732,-22.9642769],[-47.1745145,-22.964431],[-47.1746324,-22.9645727],[-47.1747679,-22.9646616],[-47.1749398,-22.9647231],[-47.1751646,-22.9646889],[-47.1753993,-22.9646313],[-47.1756749,-22.9645569],[-47.1759458,-22.9645972],[-47.1760836,-22.9645881],[-47.1766719,-22.9645582],[-47.177148,-22.9645271],[-47.1776676,-22.9645021],[-47.1782252,-22.9643565],[-47.1786962,-22.9642835],[-47.1788668,-22.9642736],[-47.1791023,-22.9643736],[-47.1794194,-22.9644199],[-47.1796456,-22.9644748],[-47.1799652,-22.9643943],[-47.1802269,-22.9643706],[-47.180569,-22.9644336],[-47.1808058,-22.9645147],[-47.1810886,-22.964624],[-47.1813005,-22.9647554],[-47.1814227,-22.9649797],[-47.1814451,-22.9652241],[-47.1814954,-22.9653727],[-47.1815714,-22.9654832],[-47.1818166,-22.9656312],[-47.1821946,-22.9658117],[-47.1826602,-22.966086],[-47.1829271,-22.9663134],[-47.1831543,-22.9665115],[-47.1833313,-22.9666297],[-47.183661,-22.9667686],[-47.1842064,-22.9668641],[-47.184641,-22.9670068],[-47.1849752,-22.9672124],[-47.1852921,-22.9673757],[-47.1855579,-22.9675227],[-47.1859114,-22.9676532],[-47.1861056,-22.9678135],[-47.1861635,-22.9682665],[-47.1861983,-22.9685517],[-47.186213,-22.9688924],[-47.1862474,-22.9691511],[-47.1862467,-22.9695219],[-47.1863248,-22.9698021],[-47.1864294,-22.9699994],[-47.1866114,-22.9700599],[-47.1869535,-22.9698574],[-47.187155,-22.9698168],[-47.1874061,-22.9698517],[-47.1877661,-22.96996],[-47.1881425,-22.9701295],[-47.1890777,-22.9705068],[-47.1894854,-22.9706854],[-47.1897553,-22.9707712],[-47.1899446,-22.970773],[-47.1902075,-22.970606],[-47.1906003,-22.9703543],[-47.1908548,-22.9701948],[-47.190988,-22.9701254],[-47.1911406,-22.9701531],[-47.1913253,-22.9702491],[-47.1919498,-22.9704911],[-47.1924574,-22.9706089],[-47.1930553,-22.9707052],[-47.1936075,-22.9707301],[-47.1942615,-22.9706576],[-47.1948845,-22.9704976],[-47.1953771,-22.9701894],[-47.1954521,-22.9698735],[-47.1955074,-22.9697251],[-47.195792,-22.9695674],[-47.1960428,-22.9694156],[-47.1962812,-22.9693004],[-47.1967094,-22.9691544],[-47.197031,-22.969102],[-47.1974604,-22.9691326],[-47.1979555,-22.9692265],[-47.1985558,-22.9694282],[-47.1991217,-22.9696758],[-47.1993479,-22.9698932],[-47.1994459,-22.9700467],[-47.1995349,-22.9701689],[-47.1996293,-22.9703234],[-47.1998452,-22.9704386],[-47.2000693,-22.9705318],[-47.2002498,-22.9706071],[-47.2004158,-22.9706002],[-47.2005315,-22.9705612],[-47.2006885,-22.9704011],[-47.2007824,-22.9702979],[-47.2008247,-22.9702306],[-47.2009088,-22.9702623],[-47.2009485,-22.9703478],[-47.2010976,-22.9705316],[-47.2012738,-22.9706768],[-47.2014406,-22.9708098],[-47.2015706,-22.9710177],[-47.2017278,-22.9710537],[-47.2019138,-22.9710671],[-47.202149,-22.971066],[-47.2023293,-22.9709221],[-47.2025577,-22.9707067],[-47.2026491,-22.9705294],[-47.2026595,-22.9703949],[-47.2027819,-22.9701501],[-47.2028819,-22.9699247],[-47.2030126,-22.9698482],[-47.2030925,-22.9697605],[-47.2032323,-22.9696308],[-47.203409,-22.9694485],[-47.2038107,-22.9691501],[-47.2039411,-22.9691028],[-47.2041127,-22.9690975],[-47.204295,-22.969166],[-47.2044523,-22.9692189],[-47.2046327,-22.9692796],[-47.2048982,-22.9693741],[-47.2052234,-22.9695076],[-47.2053954,-22.9696166],[-47.2055688,-22.9697072],[-47.2057666,-22.969842],[-47.2059736,-22.969943],[-47.2061204,-22.9700011],[-47.206279,-22.9700361],[-47.2064611,-22.970038],[-47.2066734,-22.9700223],[-47.2069913,-22.9700276],[-47.2073349,-22.9700538],[-47.2076655,-22.9700826],[-47.2078362,-22.9700889],[-47.2080138,-22.9700955],[-47.2082023,-22.9700598],[-47.2084525,-22.9699685],[-47.2089678,-22.9697484],[-47.2094434,-22.9695362],[-47.2096771,-22.9694771],[-47.2097408,-22.9694554],[-47.2098048,-22.9694327],[-47.2098681,-22.9694079],[-47.209913,-22.9693899],[-47.209948,-22.9693759],[-47.2100555,-22.9693332],[-47.2100898,-22.9693184],[-47.2100898,-22.9693184],[-47.2101176,-22.9693066],[-47.2101774,-22.9692759],[-47.2102329,-22.9692394],[-47.2102862,-22.9691998],[-47.2103401,-22.9691611],[-47.2103968,-22.969126],[-47.2104572,-22.9690964],[-47.2105198,-22.9690713],[-47.2105827,-22.969047],[-47.2106455,-22.9690222],[-47.2107087,-22.9689984],[-47.2107727,-22.9689764],[-47.2108373,-22.968956],[-47.2109023,-22.9689367],[-47.2109677,-22.9689184],[-47.211033,-22.9689002],[-47.2110975,-22.9688798],[-47.2111606,-22.9688555],[-47.2112226,-22.9688293],[-47.211285,-22.9688037],[-47.2113475,-22.9687784],[-47.2114096,-22.968752],[-47.2114702,-22.9687231],[-47.2115285,-22.9686902],[-47.2115831,-22.9686522],[-47.2116315,-22.9686078],[-47.211671,-22.9685564],[-47.2116966,-22.968498],[-47.2117055,-22.9684355],[-47.2117015,-22.9683725],[-47.2116887,-22.9683105],[-47.2116723,-22.9682492],[-47.2116568,-22.9681875],[-47.2116457,-22.9681252],[-47.2116412,-22.9680622],[-47.2116436,-22.9679991],[-47.2116519,-22.9679364],[-47.2116678,-22.967875],[-47.2116937,-22.9678166],[-47.2117281,-22.967762],[-47.211767,-22.9677102],[-47.2118103,-22.9676613],[-47.2118605,-22.9676186],[-47.2119164,-22.9675824],[-47.2119728,-22.9675468],[-47.2120259,-22.9675073],[-47.2120751,-22.9674634],[-47.2121206,-22.9674164],[-47.2121649,-22.9673683],[-47.21221,-22.9673208],[-47.2122548,-22.9672732],[-47.2122973,-22.9672237],[-47.2123388,-22.9671736],[-47.2123816,-22.9671244],[-47.2124263,-22.9670767],[-47.2124719,-22.9670296],[-47.2125172,-22.9669823],[-47.2125607,-22.9669336],[-47.2126023,-22.9668836],[-47.2126449,-22.9668342],[-47.2126895,-22.9667863],[-47.2127323,-22.9667371],[-47.2127701,-22.9666845],[-47.212804,-22.9666297],[-47.2128365,-22.9665741],[-47.2128692,-22.9665187],[-47.2129039,-22.9664643],[-47.2129404,-22.9664108],[-47.2129777,-22.9663579],[-47.213015,-22.966305],[-47.2130511,-22.9662514],[-47.2130874,-22.9661979],[-47.2131275,-22.9661469],[-47.213172,-22.9660989],[-47.2132164,-22.9660509],[-47.2132582,-22.966001],[-47.2133001,-22.965951],[-47.2133439,-22.9659026],[-47.2133862,-22.965853],[-47.2134233,-22.9658001],[-47.213457,-22.9657451],[-47.2134912,-22.9656904],[-47.2135278,-22.9656371],[-47.213568,-22.9655861],[-47.2136112,-22.9655371],[-47.2136557,-22.9654892],[-47.2137007,-22.9654417],[-47.2137464,-22.9653949],[-47.2137914,-22.9653473],[-47.2138315,-22.9652962],[-47.2138652,-22.9652413],[-47.2138987,-22.9651863],[-47.2139369,-22.9651339],[-47.2139767,-22.9650826],[-47.214014,-22.9650296],[-47.2140491,-22.9649754],[-47.2140831,-22.9649207],[-47.2141158,-22.9648651],[-47.2141464,-22.9648087],[-47.2141782,-22.9647528],[-47.2142167,-22.9647007],[-47.2142628,-22.9646542],[-47.2143132,-22.9646116],[-47.2143672,-22.964573],[-47.2144276,-22.9645439],[-47.2144935,-22.9645279],[-47.2145615,-22.9645222],[-47.2146296,-22.9645231],[-47.2146977,-22.9645281],[-47.2147655,-22.9645348],[-47.2148334,-22.9645412],[-47.2149016,-22.9645453],[-47.2149697,-22.9645468],[-47.215038,-22.9645462],[-47.2151062,-22.9645436],[-47.2151742,-22.9645387],[-47.215242,-22.964532],[-47.2153098,-22.9645245],[-47.2153775,-22.9645164],[-47.215445,-22.964507],[-47.2155121,-22.9644956],[-47.2155787,-22.9644821],[-47.2156451,-22.9644672],[-47.2157116,-22.9644529],[-47.2157786,-22.9644408],[-47.2158459,-22.9644304],[-47.2159131,-22.96442],[-47.2159803,-22.9644088],[-47.2160473,-22.9643969],[-47.2161148,-22.9643878],[-47.216183,-22.9643873],[-47.2162501,-22.9643986],[-47.2163137,-22.9644212],[-47.216371,-22.9644551],[-47.2164176,-22.9645011],[-47.2164496,-22.9645567],[-47.2164682,-22.9646174],[-47.2164772,-22.96468],[-47.2164858,-22.9647427],[-47.2165031,-22.9648038],[-47.2165327,-22.9648605],[-47.2165766,-22.9649087],[-47.2166305,-22.9649474],[-47.2166902,-22.9649778],[-47.2167527,-22.9650031],[-47.2168157,-22.9650275],[-47.2168784,-22.9650527],[-47.2169401,-22.9650795],[-47.2170021,-22.9651058],[-47.2170663,-22.9651271],[-47.2171325,-22.9651425],[-47.2171991,-22.9651567],[-47.2172653,-22.9651719],[-47.2173319,-22.9651853],[-47.2173994,-22.9651944],[-47.2174673,-22.9652009],[-47.2175352,-22.9652069],[-47.2176033,-22.9652114],[-47.2176716,-22.9652127],[-47.2177396,-22.9652093],[-47.2178072,-22.9652004],[-47.217874,-22.9651878],[-47.217941,-22.9651753],[-47.2180079,-22.9651631],[-47.2180742,-22.9651485],[-47.2181395,-22.9651297],[-47.2182032,-22.9651071],[-47.2182457,-22.9650899],[-47.2182457,-22.9650899],[-47.2182656,-22.9650817],[-47.2183031,-22.965065],[-47.2183273,-22.9650543],[-47.2183883,-22.9650263],[-47.2184472,-22.9650002],[-47.2185123,-22.9649732],[-47.218574,-22.9649464],[-47.2186334,-22.9649153],[-47.2186919,-22.9648828],[-47.218753,-22.9648547],[-47.2188165,-22.9648315],[-47.2188778,-22.9648113],[-47.2188807,-22.9648103],[-47.2189146,-22.9647998],[-47.2189451,-22.9647904],[-47.21901,-22.9647723],[-47.2190768,-22.9647561],[-47.2191175,-22.9647475],[-47.2191401,-22.9647428],[-47.2191431,-22.9647421],[-47.2191439,-22.964742],[-47.2191445,-22.9647418],[-47.2191605,-22.9647386],[-47.21921,-22.9647288],[-47.2192763,-22.9647135],[-47.2193414,-22.9646946],[-47.2194125,-22.9646718],[-47.2194705,-22.9646537],[-47.2195359,-22.9646354],[-47.2196019,-22.9646197],[-47.2197358,-22.9645919],[-47.2198003,-22.964578],[-47.2198476,-22.9645668],[-47.220065,-22.9645109],[-47.2201314,-22.9644959],[-47.2202643,-22.9644689],[-47.2203309,-22.9644535],[-47.220461,-22.964422],[-47.2205284,-22.9644046],[-47.2205934,-22.964385],[-47.2206567,-22.9643617],[-47.2207179,-22.9643336],[-47.2207768,-22.9643017],[-47.2208337,-22.9642669],[-47.2208882,-22.9642289],[-47.220938,-22.9641857],[-47.2209799,-22.964136],[-47.2210078,-22.9640785],[-47.2210189,-22.9640163],[-47.2210217,-22.9639531],[-47.2210218,-22.9639523],[-47.2210227,-22.9638899],[-47.2210204,-22.9638269],[-47.2210129,-22.963764],[-47.2210123,-22.9637604],[-47.2210017,-22.9636936],[-47.2209753,-22.9635136],[-47.2209739,-22.9635061],[-47.2209637,-22.9634514],[-47.2209481,-22.9633862],[-47.2209161,-22.963267],[-47.2209023,-22.9632052],[-47.2208918,-22.9631427],[-47.2208843,-22.9630801],[-47.2208755,-22.9630173],[-47.2208638,-22.9629546],[-47.2208529,-22.9628927],[-47.220847,-22.9628297],[-47.2208401,-22.9626402],[-47.2208399,-22.962577],[-47.2208428,-22.9625139],[-47.2208506,-22.9624511],[-47.2208639,-22.9623892],[-47.2208829,-22.9623285],[-47.2209071,-22.9622694],[-47.2209364,-22.9622123],[-47.2209684,-22.9621579],[-47.2210002,-22.9621007],[-47.2210264,-22.9620423],[-47.221049,-22.9619827],[-47.2210703,-22.9619226],[-47.2210928,-22.9618631],[-47.2211454,-22.9617463],[-47.2211916,-22.9616275],[-47.2212239,-22.9615719],[-47.2212657,-22.9615221],[-47.2213136,-22.9614766],[-47.2213646,-22.9614347],[-47.2215227,-22.9613147],[-47.221568,-22.9612773],[-47.2215737,-22.9612725],[-47.2215851,-22.9612627],[-47.221658,-22.9611993],[-47.221716,-22.9611476],[-47.221716,-22.9611476],[-47.2217221,-22.9611421],[-47.2217709,-22.961098],[-47.221821,-22.9610551],[-47.221874,-22.9610153],[-47.2219294,-22.9609783],[-47.2219855,-22.9609424],[-47.2220419,-22.9609067],[-47.2220981,-22.9608709],[-47.2221543,-22.960835],[-47.2222107,-22.9607996],[-47.2222673,-22.9607642],[-47.2223221,-22.9607266],[-47.222375,-22.9606866],[-47.2224298,-22.960649],[-47.2224891,-22.960618],[-47.2225499,-22.960589],[-47.2226086,-22.9605569],[-47.2226662,-22.960523],[-47.2227244,-22.9604901],[-47.2227825,-22.960457],[-47.2228381,-22.9604204],[-47.2228917,-22.9603811],[-47.2229465,-22.9603435],[-47.2230035,-22.9603088],[-47.2230605,-22.9602742],[-47.2231142,-22.9602352],[-47.223156,-22.9601856],[-47.2231772,-22.9601257],[-47.2231861,-22.9600632],[-47.2231924,-22.9600002],[-47.2232028,-22.9599377],[-47.2232221,-22.9598772],[-47.223248,-22.9598187],[-47.2232765,-22.9597614],[-47.2233058,-22.9597043],[-47.223335,-22.9596472],[-47.2233664,-22.9595911],[-47.2234043,-22.9595386],[-47.2234469,-22.9594893],[-47.2234888,-22.9594393],[-47.2235272,-22.959387],[-47.223565,-22.9593344],[-47.2236051,-22.9592833],[-47.223649,-22.9592349],[-47.2236967,-22.9591898],[-47.2237446,-22.9591449],[-47.2237895,-22.9590973],[-47.2238312,-22.9590472],[-47.2238712,-22.958996],[-47.2239143,-22.9589471],[-47.2239653,-22.9589053],[-47.2240235,-22.9588723],[-47.2240852,-22.9588455],[-47.2241485,-22.9588215],[-47.2243709,-22.9586754],[-47.2245451,-22.958576],[-47.2248284,-22.9583528],[-47.2250254,-22.9581783],[-47.2252448,-22.9580279],[-47.225471,-22.9578846],[-47.2255763,-22.9578047],[-47.2258182,-22.9576882],[-47.2259271,-22.957612],[-47.2259872,-22.9575823],[-47.2263743,-22.9574591],[-47.2266938,-22.9573485],[-47.2268891,-22.9572917],[-47.2272039,-22.9571704],[-47.2275662,-22.9569945],[-47.2276696,-22.9569122],[-47.2277544,-22.9568135],[-47.2277879,-22.9567585],[-47.2278023,-22.9566972],[-47.2277818,-22.9566375],[-47.2277193,-22.9565253],[-47.2276359,-22.9562849],[-47.2276253,-22.9562225],[-47.2276026,-22.9557807],[-47.2275715,-22.9555936],[-47.2275831,-22.9554046],[-47.2275749,-22.955342],[-47.2275032,-22.9552977],[-47.2274405,-22.9552724],[-47.2273789,-22.9552452],[-47.2273197,-22.9552138],[-47.2272067,-22.9551431],[-47.227149,-22.9551093],[-47.2270309,-22.9550459],[-47.2269702,-22.9550172],[-47.2269055,-22.9549976],[-47.2268377,-22.9549914],[-47.2267694,-22.9549897],[-47.2267018,-22.9549817],[-47.2266356,-22.9549665],[-47.2264402,-22.9549101],[-47.2263759,-22.9548888],[-47.2262495,-22.9548412],[-47.2261855,-22.9548191],[-47.2261205,-22.9548001],[-47.2259224,-22.9547523],[-47.2258568,-22.9547349],[-47.2257924,-22.9547141],[-47.2257294,-22.9546898],[-47.2256679,-22.9546624],[-47.225608,-22.9546323],[-47.2255492,-22.9546001],[-47.2253763,-22.9544987],[-47.2251973,-22.9544065],[-47.2251385,-22.9543745],[-47.2250782,-22.954345],[-47.225015,-22.9543213],[-47.2248861,-22.9542796],[-47.2248243,-22.954253],[-47.2247645,-22.9542227],[-47.224706,-22.9541901],[-47.2246489,-22.9541555],[-47.2245937,-22.9541184],[-47.2244877,-22.9540387],[-47.2244336,-22.9540002],[-47.2242628,-22.9538959],[-47.2242092,-22.9538567],[-47.2241588,-22.9538142],[-47.2240651,-22.9537223],[-47.2240164,-22.9536782],[-47.2239629,-22.9536389],[-47.2238498,-22.9535681],[-47.2237942,-22.9535315],[-47.2237405,-22.9534926],[-47.2236378,-22.9534093],[-47.2235781,-22.9533699],[-47.2235227,-22.9533421],[-47.2233982,-22.9532904],[-47.2233354,-22.9532657],[-47.2232714,-22.9532437],[-47.2232064,-22.9532246],[-47.2230089,-22.9531747],[-47.2226764,-22.9531041],[-47.2226105,-22.9530876],[-47.2223508,-22.9530098],[-47.2222201,-22.9529732],[-47.2219622,-22.9528908],[-47.2218971,-22.952872],[-47.2218309,-22.9528567],[-47.2218157,-22.9528543],[-47.2217635,-22.9528462],[-47.2216959,-22.9528382],[-47.2216285,-22.9528284],[-47.2215618,-22.9528153],[-47.2214956,-22.9527997],[-47.2214304,-22.9527816],[-47.221366,-22.9527604],[-47.221227,-22.9527041],[-47.2211159,-22.9526592],[-47.2210551,-22.9526307],[-47.2209356,-22.9525695],[-47.2207498,-22.9524901],[-47.2206267,-22.9524355],[-47.2205644,-22.9524096],[-47.2205031,-22.952382],[-47.2204441,-22.9523503],[-47.2202755,-22.9522428],[-47.2202156,-22.9522126],[-47.2201517,-22.9521905],[-47.2200198,-22.9521578],[-47.2199545,-22.9521398],[-47.2198903,-22.9521185],[-47.2198271,-22.9520947],[-47.2195165,-22.951964],[-47.2194554,-22.9519356],[-47.2193957,-22.951905],[-47.2192795,-22.9518389],[-47.2191089,-22.9517341],[-47.2189926,-22.9516679],[-47.218814,-22.9515753],[-47.2187532,-22.9515468],[-47.2186297,-22.951493],[-47.2184476,-22.9514062],[-47.2183217,-22.9513576],[-47.2182597,-22.9513313],[-47.2181379,-22.9512741],[-47.2180756,-22.9512485],[-47.2177572,-22.9511352],[-47.2176923,-22.9511159],[-47.2174956,-22.9510638],[-47.2173812,-22.9510318],[-47.2173812,-22.9510318],[-47.2172996,-22.9510089],[-47.2171684,-22.9509765],[-47.2169688,-22.9509328],[-47.2167703,-22.9508857],[-47.2165695,-22.9508407],[-47.2162393,-22.9507627],[-47.2161082,-22.9507333],[-47.2160414,-22.9507198],[-47.2159743,-22.9507085],[-47.2159067,-22.9507004],[-47.2157706,-22.9506904],[-47.2156343,-22.9506848],[-47.2154972,-22.9506854],[-47.215399,-22.9506878],[-47.2153614,-22.9506887],[-47.215225,-22.9506885],[-47.2151568,-22.9506898],[-47.2149537,-22.9507052],[-47.2148166,-22.9507137],[-47.2146817,-22.9507314],[-47.2145462,-22.9507452],[-47.2144792,-22.9507574],[-47.2144169,-22.9507826],[-47.2143602,-22.9508178],[-47.2143053,-22.9508554],[-47.2141918,-22.9509255],[-47.2141398,-22.9509662],[-47.2141172,-22.9509925],[-47.2140974,-22.9510156],[-47.2140644,-22.9510709],[-47.2140101,-22.9511868],[-47.2139684,-22.9512363],[-47.2139104,-22.951269],[-47.2138449,-22.9512865],[-47.2138449,-22.9512865],[-47.2138448,-22.9512865],[-47.2137915,-22.9512902],[-47.2137769,-22.9512912],[-47.2136407,-22.9512851],[-47.213505,-22.9512889],[-47.2134405,-22.9513084],[-47.2133814,-22.95134],[-47.2132703,-22.9514133],[-47.2132121,-22.951446],[-47.2131494,-22.9514709],[-47.2130851,-22.9514919],[-47.2130215,-22.9515148],[-47.2129589,-22.9515402],[-47.2128955,-22.9515634],[-47.2127651,-22.9516006],[-47.2127306,-22.9516138],[-47.2127022,-22.9516248],[-47.2126409,-22.9516527],[-47.2125772,-22.9516751],[-47.2125102,-22.951687],[-47.2124422,-22.9516921],[-47.2123059,-22.9516965],[-47.2122379,-22.9517024],[-47.2121709,-22.9517139],[-47.212105,-22.9517304],[-47.2119748,-22.9517681],[-47.2119079,-22.9517802],[-47.2118399,-22.9517856],[-47.2116293,-22.9517947],[-47.2114992,-22.9518009],[-47.2113627,-22.9518029],[-47.2112945,-22.9518007],[-47.2112268,-22.9517935],[-47.2111613,-22.9517762],[-47.2111003,-22.9517481],[-47.2110445,-22.9517117],[-47.2109922,-22.9516711],[-47.2109364,-22.951635],[-47.2108729,-22.9516123],[-47.2108067,-22.9515967],[-47.2107412,-22.9515791],[-47.2106768,-22.951558],[-47.2106137,-22.9515342],[-47.2104898,-22.9514811],[-47.2104286,-22.9514531],[-47.2103687,-22.9514231],[-47.2103117,-22.9513885],[-47.210259,-22.9513484],[-47.2101054,-22.9512231],[-47.2099615,-22.9510883],[-47.2099296,-22.9510607],[-47.2097048,-22.9508803],[-47.2096545,-22.9508376],[-47.2096058,-22.9507933],[-47.2095592,-22.9507472],[-47.2095152,-22.9506989],[-47.2094746,-22.9506481],[-47.2094385,-22.9505945],[-47.2094088,-22.9505376],[-47.2093878,-22.9504776],[-47.2093574,-22.9503544],[-47.2093377,-22.9502939],[-47.2093026,-22.950208],[-47.2092605,-22.9501184],[-47.2092299,-22.950062],[-47.2091965,-22.9500069],[-47.2091599,-22.9499535],[-47.2091201,-22.9499022],[-47.2089913,-22.9497547],[-47.2088652,-22.9496055],[-47.2087333,-22.9494606],[-47.2084128,-22.9491325],[-47.2082249,-22.9489492],[-47.2080873,-22.9488089],[-47.2080395,-22.9487638],[-47.2079886,-22.9487218],[-47.2079339,-22.948684],[-47.2078206,-22.9486136],[-47.207763,-22.9485797],[-47.207704,-22.948548],[-47.2076445,-22.9485213],[-47.2075391,-22.9484806],[-47.2075166,-22.948472],[-47.2074564,-22.9484424],[-47.2073947,-22.9484153],[-47.207332,-22.9483906],[-47.2072721,-22.9483603],[-47.2072169,-22.9483231],[-47.2071107,-22.9482438],[-47.2070548,-22.9482077],[-47.2069353,-22.9481468],[-47.2068789,-22.9481112],[-47.2068271,-22.9480701],[-47.2067775,-22.9480268],[-47.2067297,-22.9479816],[-47.2066849,-22.947934],[-47.2066434,-22.9478838],[-47.2065308,-22.9477256],[-47.2064906,-22.9476745],[-47.2064613,-22.9476294],[-47.2064556,-22.9476204],[-47.2064031,-22.9475037],[-47.2063443,-22.9473896],[-47.2063176,-22.9473315],[-47.2062934,-22.9472724],[-47.2062632,-22.9472159],[-47.2062168,-22.9471702],[-47.2061556,-22.9471426],[-47.2060231,-22.947113],[-47.2059606,-22.9470876],[-47.205899,-22.9470605],[-47.205836,-22.947036],[-47.2057765,-22.9470053],[-47.2057281,-22.94696],[-47.2056776,-22.9469197],[-47.2056104,-22.9469103],[-47.2055703,-22.9468671],[-47.2055647,-22.9468041],[-47.2055519,-22.946742],[-47.2055446,-22.9466793],[-47.2055469,-22.9465529],[-47.205546,-22.9463002],[-47.2055439,-22.9462519],[-47.2055365,-22.9461742],[-47.2055216,-22.9461126],[-47.2054938,-22.9460551],[-47.2054513,-22.9460058],[-47.2054007,-22.9459635],[-47.2053473,-22.945924],[-47.2051828,-22.9458113],[-47.2051291,-22.9457724],[-47.2050789,-22.9457296],[-47.2050393,-22.9456785],[-47.2050104,-22.9456213],[-47.2049361,-22.9454446],[-47.2049143,-22.9453847],[-47.2048767,-22.9452632],[-47.2048525,-22.9452042],[-47.204795,-22.9450895],[-47.2047694,-22.945031],[-47.2047534,-22.9449697],[-47.2047467,-22.9449068],[-47.2047457,-22.9448436],[-47.2047479,-22.9447173],[-47.2047448,-22.9446541],[-47.2047272,-22.944529],[-47.2047278,-22.9444664],[-47.2047357,-22.9444054],[-47.2047303,-22.9443388],[-47.2047003,-22.9442898],[-47.2046521,-22.9442471],[-47.2046023,-22.9442058],[-47.2045589,-22.9441577],[-47.2045243,-22.9441033],[-47.2044612,-22.9439911],[-47.2044352,-22.9439327],[-47.2044173,-22.9438718],[-47.2044021,-22.9438102],[-47.2043837,-22.9437494],[-47.2043604,-22.94369],[-47.2043045,-22.9435747],[-47.2042829,-22.9435147],[-47.2042502,-22.9433921],[-47.2041864,-22.943212],[-47.2041682,-22.9431512],[-47.2041396,-22.9430276],[-47.2041185,-22.9429675],[-47.2040926,-22.942909],[-47.2040635,-22.942852],[-47.2040364,-22.9428069],[-47.2039571,-22.9426901],[-47.203922,-22.942636],[-47.2038946,-22.9425782],[-47.203883,-22.942516],[-47.203878,-22.942453],[-47.2038573,-22.9423281],[-47.2038427,-22.9422025],[-47.203833,-22.9421399],[-47.203821,-22.9420776],[-47.2038072,-22.9420158],[-47.2037866,-22.9419556],[-47.2037535,-22.9419007],[-47.2036635,-22.9418057],[-47.2036264,-22.9417629],[-47.2034854,-22.9417043],[-47.2034689,-22.9416927],[-47.2034616,-22.9416877],[-47.2034049,-22.9416482],[-47.2033951,-22.9416415],[-47.2033039,-22.9415465],[-47.203194,-22.9414319],[-47.2030135,-22.9412732],[-47.2028674,-22.9410409],[-47.2027325,-22.9407644],[-47.2028915,-22.9406365],[-47.2030463,-22.940454],[-47.2031875,-22.9401488],[-47.2032477,-22.9398261],[-47.2032518,-22.9395889],[-47.2032078,-22.9394693],[-47.2031748,-22.9393467],[-47.20313,-22.9389699],[-47.2030792,-22.9387217],[-47.2030507,-22.9385339],[-47.2030187,-22.9384112],[-47.2029038,-22.9381822],[-47.2027949,-22.9380218],[-47.2027223,-22.9378447],[-47.2026905,-22.937789],[-47.2026032,-22.9376919],[-47.2024527,-22.9374813],[-47.2023584,-22.9373901],[-47.202321,-22.9373374],[-47.2022951,-22.937279],[-47.2022669,-22.9371555],[-47.2022509,-22.9369032],[-47.202232,-22.9367781],[-47.202175,-22.9365962],[-47.202097,-22.936421],[-47.2020788,-22.9363602],[-47.2020747,-22.9362971],[-47.2020812,-22.9361709],[-47.2020924,-22.9361087],[-47.2021247,-22.9360644],[-47.2021702,-22.936031],[-47.2022454,-22.936007],[-47.2023816,-22.9359799],[-47.2024943,-22.9359255],[-47.2025527,-22.935893],[-47.2026077,-22.9358555],[-47.2026587,-22.9358135],[-47.202707,-22.935769],[-47.2027528,-22.9357141],[-47.2027806,-22.9356638],[-47.2028409,-22.9354946],[-47.2028447,-22.9354838],[-47.2028561,-22.9354216],[-47.2028512,-22.9353586],[-47.2028419,-22.9352961],[-47.2028348,-22.9352332],[-47.2028195,-22.9350442],[-47.2028055,-22.9349184],[-47.2027955,-22.9348559],[-47.2027455,-22.9346075],[-47.2027308,-22.9345458],[-47.2027134,-22.9344846],[-47.2027002,-22.9344227],[-47.2026984,-22.9343595],[-47.2027016,-22.9342965],[-47.2027015,-22.9342333],[-47.2026989,-22.9341583],[-47.2027087,-22.9341224],[-47.2027301,-22.9340442],[-47.2027526,-22.9339616],[-47.202774,-22.9339016],[-47.2028077,-22.9338468],[-47.2028475,-22.9337955],[-47.2028799,-22.9337401],[-47.2028976,-22.9336792],[-47.2029068,-22.9336166],[-47.202913,-22.9335536],[-47.2029163,-22.9334905],[-47.2029156,-22.9334273],[-47.2029104,-22.9333643],[-47.2028985,-22.9333021],[-47.2028777,-22.933242],[-47.2028466,-22.9331859],[-47.2028065,-22.9331296],[-47.2027351,-22.9330268],[-47.2027047,-22.9329703],[-47.2026813,-22.932911],[-47.2026626,-22.9328503],[-47.2026481,-22.9327885],[-47.2026376,-22.9327261],[-47.2026309,-22.9326631],[-47.2026274,-22.9326001],[-47.2026263,-22.9325369],[-47.2026296,-22.9322842],[-47.2026286,-22.9322144],[-47.2026277,-22.9321577],[-47.2026239,-22.9320947],[-47.2026155,-22.932032],[-47.2026007,-22.9319736],[-47.2025751,-22.9319118],[-47.2025423,-22.9318564],[-47.2025024,-22.9318052],[-47.2024104,-22.9317118],[-47.202367,-22.9316631],[-47.2023321,-22.9316089],[-47.2023098,-22.9315493],[-47.202294,-22.9314878],[-47.2022758,-22.9314269],[-47.202252,-22.9313678],[-47.2021717,-22.9311933],[-47.2021426,-22.9311361],[-47.2021097,-22.9310809],[-47.2020417,-22.9309823],[-47.2020344,-22.9309762],[-47.2020029,-22.9309192],[-47.2019736,-22.9308621],[-47.2019485,-22.9308034],[-47.2018919,-22.930648],[-47.2018919,-22.930648],[-47.2018612,-22.9305639],[-47.2018422,-22.9305033],[-47.2018303,-22.930441],[-47.2018201,-22.9302517],[-47.201823,-22.9301887],[-47.2018408,-22.9301278],[-47.201871,-22.9300713],[-47.2019075,-22.930018],[-47.2020644,-22.929811],[-47.2021004,-22.9297574],[-47.2021332,-22.929702],[-47.202162,-22.9296448],[-47.2022124,-22.9295272],[-47.20224,-22.9294695],[-47.202272,-22.9294137],[-47.2023078,-22.9293599],[-47.2024257,-22.9292049],[-47.2024606,-22.9291506],[-47.2024892,-22.9290934],[-47.2025088,-22.9290328],[-47.2025577,-22.9287844],[-47.2025663,-22.9287217],[-47.2025707,-22.9286588],[-47.2025738,-22.9284692],[-47.2025712,-22.9282796],[-47.2025749,-22.92809],[-47.2025749,-22.9279636],[-47.2025782,-22.9279006],[-47.2025878,-22.9278381],[-47.202606,-22.9277772],[-47.2026355,-22.9277202],[-47.2026497,-22.9277032],[-47.2026771,-22.9276703],[-47.2027257,-22.9276261],[-47.2027767,-22.9275841],[-47.2028263,-22.9275407],[-47.2028724,-22.9274942],[-47.2029138,-22.927444],[-47.2029489,-22.9273898],[-47.2029773,-22.9273326],[-47.2030239,-22.9272255],[-47.2030573,-22.9271583],[-47.2030901,-22.927103],[-47.2031269,-22.9270497],[-47.2031674,-22.926999],[-47.2032109,-22.9269503],[-47.2033019,-22.9268562],[-47.2033437,-22.9268062],[-47.2033565,-22.9267825],[-47.2034323,-22.926763],[-47.2035644,-22.9267321],[-47.2036311,-22.9267196],[-47.2036987,-22.9267103],[-47.2037666,-22.9267055],[-47.2038348,-22.9267047],[-47.203903,-22.9267075],[-47.2040467,-22.9267209],[-47.2041745,-22.926733],[-47.2042426,-22.9267366],[-47.2043108,-22.9267371],[-47.2045152,-22.9267295],[-47.2048563,-22.9267237],[-47.2048842,-22.926725],[-47.2049243,-22.9267269],[-47.2049472,-22.9267306],[-47.2049914,-22.926738],[-47.2051878,-22.9267908],[-47.205251,-22.9268142],[-47.2053752,-22.9268631],[-47.2055651,-22.9269348],[-47.2056888,-22.9269882],[-47.2057516,-22.9270129],[-47.2058163,-22.9270329],[-47.2058824,-22.9270484],[-47.2059132,-22.927054],[-47.2061494,-22.9270967],[-47.2062152,-22.9271116],[-47.2062798,-22.9271297],[-47.2063434,-22.9271511],[-47.2065951,-22.9272481],[-47.2066591,-22.9272699],[-47.2067241,-22.927289],[-47.2067899,-22.9273052],[-47.2068565,-22.9273189],[-47.2069906,-22.9273404],[-47.207193,-22.9273646],[-47.2073276,-22.9273844],[-47.2073941,-22.9273973],[-47.2076598,-22.9274543],[-47.2077942,-22.9274757],[-47.2079957,-22.9275015],[-47.2081288,-22.9275152],[-47.2084686,-22.9275345],[-47.2085363,-22.9275354],[-47.2086668,-22.9275288],[-47.2088024,-22.927524],[-47.2088691,-22.9275114],[-47.2089322,-22.9274875],[-47.2089501,-22.9274783],[-47.2089918,-22.9274568],[-47.2091063,-22.9273882],[-47.2092175,-22.9273149],[-47.2093256,-22.927238],[-47.2093779,-22.9271975],[-47.2094282,-22.9271547],[-47.2094759,-22.9271096],[-47.2095215,-22.9270627],[-47.209609,-22.9269658],[-47.2096888,-22.9268355],[-47.2100599,-22.9266757],[-47.2103051,-22.9265652],[-47.2104332,-22.9265216],[-47.2106342,-22.9264665],[-47.2107713,-22.9264401],[-47.2108621,-22.9263849],[-47.2366686,-22.9209685],[-47.23693,-22.9208966],[-47.2370462,-22.9208312],[-47.2371414,-22.920741],[-47.2372561,-22.9205841],[-47.2374912,-22.9201993],[-47.2375825,-22.9200297],[-47.237756,-22.9195506],[-47.237841,-22.9191797],[-47.2378506,-22.919054],[-47.2378463,-22.918991],[-47.2378654,-22.9189315],[-47.2379147,-22.9188881],[-47.2379714,-22.9188529],[-47.2380336,-22.9188278],[-47.2380999,-22.9188367],[-47.2382734,-22.9189369],[-47.2385344,-22.9190437],[-47.2385832,-22.919063],[-47.2386511,-22.9190669],[-47.2387173,-22.9190526],[-47.2387784,-22.9190247],[-47.238955,-22.918929],[-47.2390163,-22.9189015],[-47.2390816,-22.9188835],[-47.2391492,-22.9188752],[-47.2392175,-22.9188743],[-47.2393537,-22.9188807],[-47.2394218,-22.9188789],[-47.2394887,-22.9188671],[-47.2395506,-22.9188409],[-47.2396034,-22.9188012],[-47.239642,-22.9187494],[-47.2396952,-22.9186331],[-47.2397342,-22.9185817],[-47.2397493,-22.9185747],[-47.2397967,-22.9185202],[-47.2398385,-22.9184651],[-47.2398706,-22.9184094],[-47.2398951,-22.9183504],[-47.2399133,-22.9182895],[-47.2399335,-22.9182292],[-47.2399596,-22.9181708],[-47.2399925,-22.9181155],[-47.2400297,-22.9180625],[-47.2400642,-22.918008],[-47.2400909,-22.9179499],[-47.240111,-22.9178896],[-47.2401277,-22.9178284],[-47.2401488,-22.9177684],[-47.240177,-22.9177108],[-47.2402031,-22.9176525],[-47.2402427,-22.9175317],[-47.2402721,-22.9174748],[-47.2403095,-22.917422],[-47.2403682,-22.9173464],[-47.2404384,-22.9172557],[-47.240466,-22.9172255],[-47.240515,-22.9171818],[-47.2405753,-22.9171531],[-47.2405986,-22.9171484],[-47.2406634,-22.9171294],[-47.2407811,-22.9170657],[-47.240845,-22.9170436],[-47.2409601,-22.9170071],[-47.2411039,-22.9169616],[-47.2411155,-22.916958],[-47.2411391,-22.9169003],[-47.2411596,-22.9168402],[-47.2411543,-22.916779],[-47.2411349,-22.9167196],[-47.241165,-22.9166638],[-47.2412513,-22.916566],[-47.2413063,-22.9165292],[-47.2413715,-22.9165119],[-47.2414387,-22.916502],[-47.2414945,-22.9164673],[-47.2415304,-22.9164138],[-47.2415577,-22.916356],[-47.2416042,-22.9163108],[-47.2416654,-22.9162831],[-47.2417285,-22.9162591],[-47.2417878,-22.916228],[-47.2418445,-22.9161929],[-47.2419642,-22.9161323],[-47.2420225,-22.9160996],[-47.2420827,-22.9160699],[-47.2421461,-22.9160404],[-47.2421339,-22.9160081],[-47.2421219,-22.9159763],[-47.2420689,-22.9158677],[-47.2420636,-22.9158567],[-47.242056,-22.9157969],[-47.2420712,-22.9157356],[-47.2421001,-22.9156786],[-47.2421389,-22.9156267],[-47.2422101,-22.915519],[-47.2422513,-22.9154687],[-47.2422985,-22.915423],[-47.2423505,-22.9153822],[-47.2424595,-22.9153061],[-47.24251,-22.9152638],[-47.2425571,-22.9152183],[-47.2425997,-22.915169],[-47.2426324,-22.9151137],[-47.2426512,-22.9150531],[-47.2426571,-22.9149902],[-47.2426685,-22.914928],[-47.2426958,-22.9148703],[-47.2427301,-22.9148157],[-47.24277,-22.9147647],[-47.242859,-22.9146704],[-47.2429048,-22.9146266],[-47.2429605,-22.9145938],[-47.2430174,-22.9145674],[-47.2430711,-22.9145289],[-47.2431138,-22.9144799],[-47.2431466,-22.9144245],[-47.2431758,-22.9143674],[-47.2432103,-22.914313],[-47.2432539,-22.9142645],[-47.2433036,-22.9142212],[-47.2433569,-22.9141819],[-47.2435233,-22.9140726],[-47.24358,-22.9140379],[-47.2436398,-22.9140091],[-47.243701,-22.9139829],[-47.2437352,-22.9139595],[-47.2437692,-22.9139298],[-47.2438829,-22.9138497],[-47.2440152,-22.9137565],[-47.2441365,-22.9136935],[-47.2441858,-22.9136501],[-47.2442287,-22.9136009],[-47.2442692,-22.9135502],[-47.244312,-22.9135013],[-47.2443587,-22.9134554],[-47.2445038,-22.9133218],[-47.2445538,-22.9132796],[-47.2446061,-22.9132421],[-47.2447179,-22.9131712],[-47.2447718,-22.9131332],[-47.2448198,-22.9130925],[-47.2449119,-22.9130015],[-47.2449085,-22.9128621],[-47.244905,-22.9127142],[-47.2449669,-22.9126895],[-47.2450336,-22.9126974],[-47.245093,-22.9127286],[-47.2451586,-22.9127395],[-47.2452205,-22.9127143],[-47.2452633,-22.9126667],[-47.2452816,-22.9126138],[-47.2453049,-22.9125464],[-47.2453364,-22.9124243],[-47.2453599,-22.9123652],[-47.2453799,-22.912305],[-47.2453827,-22.9122755],[-47.2453859,-22.9122422],[-47.2454058,-22.9121827],[-47.2454381,-22.9121293],[-47.2454635,-22.9120634],[-47.2456182,-22.9118936],[-47.2459357,-22.9116944],[-47.2461614,-22.9115939],[-47.2462481,-22.9115386],[-47.2463047,-22.9114271],[-47.2463578,-22.9111166],[-47.2463779,-22.9109218],[-47.2463873,-22.9107811],[-47.2464012,-22.9105648],[-47.2463961,-22.9102569],[-47.2463519,-22.9100468],[-47.2463082,-22.9099535],[-47.2462961,-22.9098277],[-47.2462739,-22.9096899],[-47.246262,-22.9096115],[-47.2462205,-22.909456],[-47.2461715,-22.9092724],[-47.2461472,-22.9090842],[-47.246122,-22.9088837],[-47.2460205,-22.9089676],[-47.2458418,-22.9090592],[-47.2455921,-22.909161],[-47.2453072,-22.9093343],[-47.2451828,-22.9093855],[-47.2447876,-22.9094835],[-47.2444493,-22.9095224],[-47.2441765,-22.9095243],[-47.2440422,-22.9095027],[-47.2438505,-22.909437],[-47.2437312,-22.909376],[-47.243678,-22.9093366],[-47.2436318,-22.9092902],[-47.2435938,-22.9092379],[-47.2435344,-22.9091241],[-47.2434217,-22.9089661],[-47.2433538,-22.9088566],[-47.2431667,-22.9086726],[-47.242995,-22.9085702],[-47.2429605,-22.9085496],[-47.2428367,-22.9084938],[-47.2426505,-22.9084247],[-47.2424822,-22.9083904],[-47.2423141,-22.9083599],[-47.2421374,-22.9083385],[-47.2419996,-22.9083493],[-47.2418135,-22.9083712],[-47.2416154,-22.9084182],[-47.2414888,-22.908465],[-47.2413541,-22.9084841],[-47.2412859,-22.9084861],[-47.2412183,-22.908479],[-47.2411786,-22.9084657],[-47.2411011,-22.9084178],[-47.2410615,-22.9083666],[-47.240996,-22.9082559],[-47.2409083,-22.9081592],[-47.2408582,-22.9081164],[-47.240802,-22.9080807],[-47.2405582,-22.9079675],[-47.2404927,-22.9079499],[-47.240425,-22.9079441],[-47.2402888,-22.907952],[-47.2401322,-22.9079317],[-47.2400833,-22.9079409],[-47.2400237,-22.9079618],[-47.2398574,-22.9080713],[-47.2397299,-22.9081157],[-47.2396057,-22.9081666],[-47.2395377,-22.9081683],[-47.2391294,-22.9081501],[-47.2387207,-22.9081596],[-47.2385852,-22.9081739],[-47.2379719,-22.9081858],[-47.2378373,-22.9082044],[-47.2377068,-22.9082403],[-47.237439,-22.9082878],[-47.2372268,-22.908346],[-47.2371762,-22.9083442],[-47.2371065,-22.9083373],[-47.2370146,-22.9082696],[-47.2369362,-22.9082199],[-47.2368303,-22.9081749],[-47.2366746,-22.9081474],[-47.2365171,-22.9081566],[-47.2363368,-22.9081564],[-47.2361495,-22.9081591],[-47.2359662,-22.9081193],[-47.2357919,-22.9080753],[-47.2354019,-22.9079623],[-47.2350452,-22.907942],[-47.2347774,-22.9080388],[-47.2346467,-22.9081506],[-47.2344116,-22.9082935],[-47.2342124,-22.9084022],[-47.2341404,-22.9084582],[-47.2340547,-22.9085312],[-47.2340011,-22.9085997],[-47.2338254,-22.9087544],[-47.2336331,-22.9090026],[-47.2333991,-22.9092174],[-47.2333479,-22.9093277],[-47.2332845,-22.9094108],[-47.2331718,-22.9095633],[-47.2330645,-22.9096484],[-47.2329478,-22.9097139],[-47.2327816,-22.9098241],[-47.2326563,-22.9098733],[-47.2325753,-22.9098849],[-47.2325213,-22.9098805],[-47.2324641,-22.9098675],[-47.2322793,-22.9097676],[-47.2321557,-22.9097146],[-47.2319501,-22.9095488],[-47.2318755,-22.9094455],[-47.2317296,-22.9092188],[-47.2315778,-22.909009],[-47.2315138,-22.9088973],[-47.2314014,-22.9087379],[-47.2312671,-22.9084478],[-47.230934,-22.9079716],[-47.2308571,-22.9077962],[-47.2308333,-22.907672],[-47.2308285,-22.9076047],[-47.2307263,-22.9073705],[-47.2306301,-22.9072033],[-47.2305982,-22.9071276],[-47.2304628,-22.9069081],[-47.2302685,-22.9064359],[-47.2301417,-22.9061429],[-47.2299936,-22.9059309],[-47.2299409,-22.9058144],[-47.2298255,-22.9054488],[-47.229758,-22.9053173],[-47.2297486,-22.9052684],[-47.229745,-22.9052055],[-47.2297308,-22.9051542],[-47.2296889,-22.9050915],[-47.2296282,-22.9050265],[-47.2295069,-22.9049089],[-47.229399,-22.9048731],[-47.2292584,-22.9047957],[-47.2292,-22.9047631],[-47.2290087,-22.9046965],[-47.228827,-22.9046099],[-47.228631,-22.904557],[-47.2283825,-22.9044529],[-47.2281065,-22.9043799],[-47.2279894,-22.9043644],[-47.2278457,-22.9042874],[-47.2276134,-22.9041496],[-47.2274861,-22.9040913],[-47.2273751,-22.9040449],[-47.2272901,-22.903998],[-47.2272215,-22.9039689],[-47.2271567,-22.9039639],[-47.2270594,-22.9039682],[-47.2269979,-22.9039631],[-47.2269267,-22.9039731],[-47.2265301,-22.9040987],[-47.2262601,-22.9042376],[-47.2259223,-22.9043955],[-47.2257135,-22.9045129],[-47.2254604,-22.9046073],[-47.2253946,-22.9046235],[-47.2253267,-22.9046281],[-47.2251222,-22.9046214],[-47.2249234,-22.9045774],[-47.224788,-22.9045625],[-47.2246002,-22.9045451],[-47.2243737,-22.9045562],[-47.2243169,-22.9045611],[-47.2241123,-22.9045617],[-47.2239793,-22.9045877],[-47.2237857,-22.9046486],[-47.2233875,-22.9047348],[-47.2231301,-22.9048186],[-47.2229453,-22.9048993],[-47.2227811,-22.9050119],[-47.2224725,-22.9051449],[-47.2223424,-22.9051825],[-47.2222041,-22.9052451],[-47.2220874,-22.9053035],[-47.2220069,-22.9053673],[-47.2219574,-22.9054356],[-47.2218999,-22.905525],[-47.2216954,-22.9057439],[-47.2214966,-22.9061954],[-47.2214589,-22.9063168],[-47.2214133,-22.9064266],[-47.2214175,-22.9064976],[-47.2214477,-22.9066206],[-47.2214829,-22.9068709],[-47.2214613,-22.907059],[-47.2214122,-22.9072426],[-47.2214176,-22.9073686],[-47.2214066,-22.9074258],[-47.2213628,-22.9074795],[-47.2212504,-22.9075508],[-47.221066,-22.9076322],[-47.2210209,-22.9076791],[-47.2209159,-22.9078415],[-47.2207383,-22.9080332],[-47.2206425,-22.9081999],[-47.2205314,-22.9082971],[-47.2205071,-22.908339],[-47.2204825,-22.9083979],[-47.2204156,-22.9085077],[-47.2203828,-22.9086296],[-47.220354,-22.9086862],[-47.2202646,-22.9087813],[-47.2201848,-22.9088833],[-47.2200873,-22.9089715],[-47.2200441,-22.9090203],[-47.2199831,-22.9091328],[-47.2199462,-22.9091854],[-47.2198302,-22.9092507],[-47.219779,-22.9092922],[-47.2197353,-22.9093523],[-47.2197157,-22.9094026],[-47.2196667,-22.9095865],[-47.2195684,-22.9097522],[-47.2195159,-22.9098688],[-47.2193566,-22.9100738],[-47.2191054,-22.9102868],[-47.2190627,-22.9103359],[-47.2189934,-22.9104447],[-47.2189409,-22.9104835],[-47.2188771,-22.9105058],[-47.2188307,-22.910549],[-47.2188062,-22.9106052],[-47.2187717,-22.9106572],[-47.2186758,-22.9107455],[-47.2186465,-22.910777],[-47.2184913,-22.9110816],[-47.2183295,-22.9112847],[-47.2183002,-22.9113418],[-47.2182564,-22.9114614],[-47.2182264,-22.9115181],[-47.2181186,-22.9116791],[-47.2180281,-22.9117736],[-47.2178251,-22.9119423],[-47.2177074,-22.9120054],[-47.2175777,-22.9120443],[-47.2173764,-22.912078],[-47.2173122,-22.9120992],[-47.2171298,-22.912185],[-47.2168046,-22.9124148],[-47.2166471,-22.9125355],[-47.2165353,-22.9126075],[-47.216433,-22.9126907],[-47.2164089,-22.9127008],[-47.2163006,-22.9126966],[-47.2161729,-22.9126812],[-47.2158698,-22.912617],[-47.2155805,-22.912565],[-47.2153662,-22.9125389],[-47.2150293,-22.9125168],[-47.214688,-22.9125261],[-47.2144854,-22.9125526],[-47.2141739,-22.9125975],[-47.2139428,-22.9126038],[-47.2138065,-22.9126093],[-47.2135353,-22.9126378],[-47.2134014,-22.9126615],[-47.2130056,-22.9127575],[-47.2128702,-22.9127723],[-47.2125995,-22.9127438],[-47.2123952,-22.91275],[-47.21226,-22.9127353],[-47.2122011,-22.9127314],[-47.2121198,-22.9127226],[-47.2120245,-22.9127051],[-47.2117205,-22.9126909],[-47.2115904,-22.9126541],[-47.2114276,-22.9125715],[-47.2112745,-22.912446],[-47.2111042,-22.9122984],[-47.2109901,-22.9122291],[-47.2108272,-22.9121069],[-47.2105346,-22.9119654],[-47.210423,-22.9119329],[-47.2102848,-22.9119252],[-47.2100805,-22.9119176],[-47.2099478,-22.9118885],[-47.2098119,-22.9118813],[-47.2096768,-22.9118976],[-47.2095465,-22.9119344],[-47.2093765,-22.9120394],[-47.2090116,-22.9122103],[-47.2088978,-22.9122798],[-47.2086953,-22.9124491],[-47.208562,-22.9125338],[-47.2084301,-22.9126565],[-47.2083294,-22.9127265],[-47.2081275,-22.9128408],[-47.2080194,-22.9129179],[-47.2075952,-22.9131201],[-47.2074849,-22.9131944],[-47.2073056,-22.9132859],[-47.2072418,-22.9133072],[-47.2071743,-22.913301],[-47.2069891,-22.9132213],[-47.2067624,-22.9130807],[-47.2066401,-22.9130248],[-47.206583,-22.9129905],[-47.2063302,-22.9127785],[-47.206273,-22.9127444],[-47.2060286,-22.9126319],[-47.2058324,-22.9125787],[-47.2057091,-22.912525],[-47.205391,-22.9124113],[-47.2051901,-22.9123759],[-47.2046595,-22.912258],[-47.2040262,-22.9120235],[-47.2038437,-22.9119381],[-47.2037788,-22.9119188],[-47.2037113,-22.9119103],[-47.2035749,-22.9119122],[-47.2035074,-22.9119038],[-47.2033197,-22.911829],[-47.2032071,-22.9117579],[-47.2026595,-22.9115023],[-47.2025279,-22.9114697],[-47.2021248,-22.9114049],[-47.2019892,-22.9114138],[-47.201726,-22.9114804],[-47.2016625,-22.9115033],[-47.2016031,-22.9115344],[-47.2014391,-22.9116473],[-47.2013172,-22.911704],[-47.2009797,-22.911918],[-47.2007682,-22.9120379],[-47.2005894,-22.9121711],[-47.2005312,-22.9122038],[-47.2004675,-22.9122262],[-47.2003345,-22.9122544],[-47.2002042,-22.9122916],[-47.2000132,-22.9123593],[-47.1999472,-22.9123748],[-47.1998113,-22.9123788],[-47.1996087,-22.9123524],[-47.1994726,-22.9123438],[-47.1994047,-22.9123477],[-47.1993407,-22.9123685],[-47.1990577,-22.9125445],[-47.1989951,-22.9125694],[-47.1988646,-22.9126059],[-47.1985572,-22.912742],[-47.1984919,-22.9127598],[-47.1983562,-22.9127706],[-47.1980188,-22.9128619],[-47.1979034,-22.9129073],[-47.1977897,-22.912977],[-47.1977267,-22.913001],[-47.1975268,-22.9130403],[-47.1974586,-22.9130393],[-47.1973922,-22.9130258],[-47.1973297,-22.9130005],[-47.1972719,-22.9129669],[-47.1969483,-22.912735],[-47.1969031,-22.9126878],[-47.1968695,-22.9126329],[-47.1967996,-22.9124551],[-47.1967882,-22.912381],[-47.1967882,-22.912381],[-47.1967863,-22.9123681],[-47.1967805,-22.9123301],[-47.19679,-22.9122042],[-47.1968227,-22.9120817],[-47.1969011,-22.9119067],[-47.1970047,-22.9117621],[-47.197077,-22.9115741],[-47.1971151,-22.911488],[-47.197115,-22.9113976],[-47.1971164,-22.9112],[-47.1969837,-22.9106531],[-47.1965242,-22.9100801],[-47.1964256,-22.9097778],[-47.1963718,-22.9096617],[-47.1963074,-22.9094163],[-47.1962873,-22.9092277],[-47.1961899,-22.9086663],[-47.196153,-22.9085449],[-47.1960203,-22.9082539],[-47.1959851,-22.9081998],[-47.1957386,-22.9078972],[-47.1955867,-22.9077704],[-47.1955294,-22.9077363],[-47.1953778,-22.9076814],[-47.1952019,-22.9076522],[-47.1949407,-22.9076511],[-47.1946741,-22.9077052],[-47.1944713,-22.907729],[-47.1942672,-22.9077399],[-47.1941929,-22.9077819],[-47.1941777,-22.907819],[-47.1941618,-22.9078679],[-47.1941144,-22.9080016],[-47.1940111,-22.9083683],[-47.1939665,-22.9085533],[-47.193888,-22.9087951],[-47.1938468,-22.909172],[-47.1938277,-22.9092326],[-47.1937955,-22.9092881],[-47.1937496,-22.9093346],[-47.1936942,-22.9093714],[-47.1936324,-22.909398],[-47.1935667,-22.9094147],[-47.1932948,-22.9094298],[-47.1930962,-22.9094734],[-47.1930575,-22.9094902],[-47.1929936,-22.9095523],[-47.1928901,-22.9097158],[-47.1928624,-22.9097734],[-47.1928069,-22.9099556],[-47.1927264,-22.9101298],[-47.1925837,-22.9103452],[-47.1924532,-22.9104907],[-47.1923862,-22.9106007],[-47.1922715,-22.9107578],[-47.1922268,-22.9108055],[-47.19216,-22.910848],[-47.1921139,-22.9108753],[-47.1917904,-22.9109748],[-47.1914583,-22.9110464],[-47.1912658,-22.9111101],[-47.1912061,-22.9111406],[-47.1910384,-22.9112493],[-47.1908014,-22.911374],[-47.1907348,-22.9113899],[-47.1906678,-22.9113844],[-47.1906048,-22.9113606],[-47.1904946,-22.9112875],[-47.1903642,-22.9112514],[-47.1902504,-22.9111817],[-47.1901877,-22.9111569],[-47.1899918,-22.911103],[-47.1898152,-22.9110075],[-47.189621,-22.9109488],[-47.189559,-22.9109226],[-47.1894897,-22.9109091],[-47.1894301,-22.9109281],[-47.1893174,-22.910999],[-47.1892535,-22.9110207],[-47.1890523,-22.9110546],[-47.1889208,-22.9110882],[-47.188853,-22.9110947],[-47.1881848,-22.911074],[-47.1881373,-22.9110934],[-47.1879884,-22.9111954],[-47.1877972,-22.9113583],[-47.187563,-22.9115874],[-47.1872461,-22.9118273],[-47.1871893,-22.9118621],[-47.1871031,-22.9119216],[-47.1867784,-22.9120179],[-47.186609,-22.9120387],[-47.1862,-22.9120542],[-47.1859955,-22.9120505],[-47.185791,-22.9120582],[-47.1855873,-22.9120765],[-47.1849054,-22.9120712],[-47.1844969,-22.9120485],[-47.1842974,-22.9120068],[-47.1840287,-22.9119638],[-47.183834,-22.9119056],[-47.183523,-22.9118488],[-47.183373,-22.9118186],[-47.1831251,-22.9117929],[-47.1830405,-22.9118103],[-47.1825325,-22.9120267],[-47.1824648,-22.9120347],[-47.1820989,-22.9120765],[-47.1818871,-22.9120593],[-47.1817612,-22.9120115],[-47.1816956,-22.9119949],[-47.1815525,-22.9119848]]]}},{"type":"Feature","properties":{"id":"nova-europa","nome":"Nova Europa","apg":13059,"fonte_limite":"Prefeitura Municipal de Campinas - Portal de Metadados Geoespaciais, camada Historico de Populacao por APG","precisao":"Geometria oficial baixada em SHP e convertida para GeoJSON para uso no prototipo web","ID":13059,"APG":"Nova Europa","NOME_COMPL":"APG NOVA EUROPA","POP_2010":93201.0,"POP_2000":91709,"POP_1996":90752,"POP_1991":92314,"POP_1980":88218,"POP_1970":53590,"VAR_POPULA":42645,"VAR_PERC_P":72.91,"POP_2022":107749.0},"geometry":{"type":"Polygon","coordinates":[[[-47.0256345,-22.9632234],[-47.0256729,-22.9632661],[-47.0257225,-22.9633094],[-47.0257708,-22.9633541],[-47.0258146,-22.9634025],[-47.0258588,-22.9634506],[-47.0259058,-22.9634964],[-47.0259503,-22.9635444],[-47.0259885,-22.9635967],[-47.0260254,-22.9636499],[-47.0260642,-22.9637018],[-47.0260971,-22.9637572],[-47.0261164,-22.9638177],[-47.0261338,-22.9638788],[-47.0261536,-22.9639393],[-47.0261645,-22.9639919],[-47.0261743,-22.9640443],[-47.0261766,-22.9640963],[-47.0261963,-22.9641384],[-47.0262562,-22.9642403],[-47.0262767,-22.9643006],[-47.0262915,-22.9643622],[-47.0262988,-22.9644251],[-47.0262969,-22.9644883],[-47.0262851,-22.9645504],[-47.0262654,-22.9646109],[-47.026243,-22.9646706],[-47.0262213,-22.9647304],[-47.0262016,-22.964791],[-47.0261845,-22.9648522],[-47.026169,-22.9649137],[-47.0261561,-22.9649757],[-47.0261506,-22.9650387],[-47.0261566,-22.9651016],[-47.0261706,-22.9651634],[-47.026189,-22.9652242],[-47.0262093,-22.9652845],[-47.0262296,-22.965345],[-47.0262495,-22.9654054],[-47.0262693,-22.965466],[-47.0262878,-22.9655267],[-47.0263042,-22.965588],[-47.0263201,-22.9656495],[-47.0263377,-22.9657105],[-47.0263564,-22.9657714],[-47.0263732,-22.9658327],[-47.0263903,-22.9658939],[-47.0264139,-22.965953],[-47.026444,-22.9660097],[-47.0264746,-22.9660662],[-47.0265039,-22.9661233],[-47.0265342,-22.9661799],[-47.0265682,-22.9662348],[-47.0266072,-22.9662866],[-47.0266518,-22.9663344],[-47.0267001,-22.966379],[-47.0267504,-22.9664217],[-47.0267995,-22.9664656],[-47.0268433,-22.966514],[-47.0268738,-22.9665703],[-47.026902,-22.9666429],[-47.0269287,-22.9666841],[-47.0269781,-22.9667275],[-47.0270264,-22.9667722],[-47.0270619,-22.966826],[-47.0270923,-22.9668825],[-47.027134,-22.9669323],[-47.0271809,-22.9669782],[-47.0272174,-22.9670313],[-47.0272456,-22.9670889],[-47.0272754,-22.9671459],[-47.0273099,-22.9672003],[-47.0273484,-22.9672526],[-47.0273904,-22.9673023],[-47.0274195,-22.9673344],[-47.0274565,-22.9673961],[-47.0275008,-22.9674808],[-47.0275493,-22.9675084],[-47.0276258,-22.9675386],[-47.0276864,-22.9675691],[-47.0277423,-22.9676],[-47.027798,-22.9676364],[-47.0278591,-22.9676643],[-47.0279248,-22.9676813],[-47.0279859,-22.9677083],[-47.0280267,-22.9677587],[-47.0280736,-22.967804],[-47.0281363,-22.9678277],[-47.0281708,-22.9678366],[-47.0282708,-22.9678164],[-47.0283365,-22.9677992],[-47.0284041,-22.9677934],[-47.0284698,-22.9678098],[-47.028533,-22.9678338],[-47.0285978,-22.9678533],[-47.0286633,-22.967871],[-47.0287267,-22.9678946],[-47.0287865,-22.9679249],[-47.0288427,-22.9679608],[-47.0288972,-22.9679988],[-47.0289531,-22.968035],[-47.0290059,-22.9680749],[-47.0290332,-22.9681268],[-47.0290456,-22.9681847],[-47.0290441,-22.9682544],[-47.0290335,-22.9683168],[-47.0290249,-22.9683795],[-47.0290224,-22.9684427],[-47.0290223,-22.9685059],[-47.029022,-22.9685691],[-47.0290245,-22.9686323],[-47.0290323,-22.968695],[-47.0290435,-22.9687574],[-47.0290547,-22.9688197],[-47.0290661,-22.9688821],[-47.0290782,-22.9689442],[-47.0290903,-22.9690065],[-47.0291014,-22.9690688],[-47.0291197,-22.9691296],[-47.0291518,-22.9691852],[-47.0291791,-22.9692322],[-47.02921,-22.9692806],[-47.029247,-22.9693267],[-47.0293217,-22.9693815],[-47.0293736,-22.9694226],[-47.0294227,-22.9694664],[-47.029466,-22.9695152],[-47.029505,-22.9695671],[-47.0295411,-22.9696207],[-47.0295711,-22.9696774],[-47.0295926,-22.9697374],[-47.029612,-22.969798],[-47.0296342,-22.9698578],[-47.0296484,-22.9699194],[-47.0296408,-22.9699819],[-47.0296183,-22.9700415],[-47.0295913,-22.9700995],[-47.0295622,-22.9701567],[-47.0295456,-22.9702043],[-47.0295145,-22.9703007],[-47.0294854,-22.9703235],[-47.0294411,-22.9703588],[-47.0293675,-22.9704192],[-47.0293234,-22.9704633],[-47.0292777,-22.9705102],[-47.0292311,-22.9705564],[-47.0291891,-22.9706061],[-47.0291558,-22.9706612],[-47.0291281,-22.970719],[-47.0291023,-22.9707776],[-47.029077,-22.9708362],[-47.0290513,-22.9708948],[-47.0290267,-22.9709537],[-47.0290048,-22.9710135],[-47.0289861,-22.9710743],[-47.0289713,-22.971136],[-47.0289594,-22.9711983],[-47.0289493,-22.9712608],[-47.0289393,-22.9713233],[-47.0289277,-22.9713855],[-47.0289194,-22.9714482],[-47.0289264,-22.9715108],[-47.0289481,-22.9715707],[-47.0289713,-22.9716238],[-47.0289966,-22.9716681],[-47.0290523,-22.9717249],[-47.0291145,-22.9717512],[-47.0291699,-22.9717876],[-47.0292214,-22.9718291],[-47.0292855,-22.9718477],[-47.0293536,-22.9718451],[-47.0294217,-22.971846],[-47.0294893,-22.971855],[-47.0295574,-22.9718584],[-47.0296252,-22.9718517],[-47.0296928,-22.971843],[-47.0297608,-22.9718376],[-47.029829,-22.9718345],[-47.0298973,-22.9718326],[-47.0299654,-22.9718305],[-47.0300336,-22.9718278],[-47.0301019,-22.9718256],[-47.0301701,-22.971825],[-47.0302383,-22.9718279],[-47.030306,-22.9718355],[-47.0303734,-22.9718451],[-47.0304413,-22.9718513],[-47.0305186,-22.9718557],[-47.0305642,-22.9718567],[-47.0306325,-22.9718554],[-47.0307143,-22.9718498],[-47.0307826,-22.9718482],[-47.0308508,-22.9718474],[-47.0309191,-22.9718472],[-47.0309871,-22.9718445],[-47.0310549,-22.971837],[-47.031122,-22.9718253],[-47.0311883,-22.9718104],[-47.0312538,-22.9717924],[-47.0313179,-22.9717709],[-47.0313793,-22.9717433],[-47.0314351,-22.971707],[-47.0314866,-22.9716657],[-47.0315397,-22.9716258],[-47.0315949,-22.9715863],[-47.0316573,-22.9715509],[-47.0317131,-22.971524],[-47.0317825,-22.9715141],[-47.0318501,-22.9715062],[-47.0319181,-22.9715113],[-47.0319838,-22.9715282],[-47.0320488,-22.9715473],[-47.0321154,-22.9715611],[-47.0321827,-22.9715716],[-47.03225,-22.9715822],[-47.0323174,-22.9715918],[-47.0323853,-22.9715981],[-47.0324535,-22.9715988],[-47.0325214,-22.9715923],[-47.0325885,-22.9715809],[-47.0326557,-22.9715695],[-47.0327232,-22.9715601],[-47.032791,-22.9715528],[-47.032859,-22.9715474],[-47.0329249,-22.9715403],[-47.032959,-22.9715397],[-47.0330295,-22.9715502],[-47.0331231,-22.9715885],[-47.0331777,-22.9716263],[-47.0332257,-22.9716711],[-47.0332714,-22.9717182],[-47.0333151,-22.9717666],[-47.0333537,-22.9718188],[-47.0333853,-22.9718748],[-47.033411,-22.9719332],[-47.033424,-22.9719684],[-47.033424,-22.9719684],[-47.0334641,-22.9720769],[-47.0334641,-22.9720769],[-47.0334781,-22.9721123],[-47.0335025,-22.9721714],[-47.0335259,-22.9722307],[-47.0335447,-22.9722914],[-47.0335573,-22.9723535],[-47.0335696,-22.9724157],[-47.0335879,-22.9724766],[-47.033614,-22.972535],[-47.0336474,-22.97259],[-47.0336822,-22.9726443],[-47.0337113,-22.9727015],[-47.033734,-22.972761],[-47.0337536,-22.9728215],[-47.0337723,-22.9728823],[-47.0337914,-22.9729431],[-47.0338124,-22.9730032],[-47.0338369,-22.9730622],[-47.0338661,-22.9731193],[-47.0339009,-22.9731735],[-47.0339388,-22.9732261],[-47.0339713,-22.9732816],[-47.0339936,-22.9733414],[-47.0340084,-22.9734031],[-47.03402,-22.9734653],[-47.0340314,-22.9735276],[-47.0340452,-22.9735895],[-47.0340597,-22.9736512],[-47.0340735,-22.9737132],[-47.0340896,-22.9737745],[-47.0341106,-22.9738347],[-47.0341365,-22.9738932],[-47.0341544,-22.9739411],[-47.0341701,-22.9739825],[-47.0342106,-22.9740575],[-47.0342512,-22.9741225],[-47.0342799,-22.9741799],[-47.0343111,-22.9742361],[-47.0343444,-22.9742913],[-47.0343802,-22.974345],[-47.0344199,-22.9743964],[-47.0344626,-22.9744458],[-47.0345038,-22.9744961],[-47.0345401,-22.9745496],[-47.034571,-22.9746059],[-47.0345973,-22.9746643],[-47.0346228,-22.974723],[-47.0346501,-22.9747809],[-47.0346763,-22.9748392],[-47.0346982,-22.974899],[-47.0347156,-22.9749601],[-47.034729,-22.9750221],[-47.0347401,-22.9750844],[-47.0347506,-22.9751469],[-47.0347624,-22.9752092],[-47.0347771,-22.9752709],[-47.034795,-22.9753318],[-47.0348148,-22.9753923],[-47.0348273,-22.9754472],[-47.0348376,-22.9754918],[-47.0348835,-22.9755708],[-47.0349089,-22.9756296],[-47.0349352,-22.9756879],[-47.0349636,-22.9757454],[-47.0349943,-22.9758018],[-47.0350266,-22.9758574],[-47.0350594,-22.9759129],[-47.0350914,-22.9759686],[-47.0351227,-22.9760248],[-47.0351568,-22.9760797],[-47.0351959,-22.9761313],[-47.0352378,-22.9761813],[-47.0352796,-22.9762313],[-47.0353185,-22.9762831],[-47.0353527,-22.9763378],[-47.0353806,-22.9763955],[-47.0354019,-22.9764554],[-47.0354205,-22.9765164],[-47.0354418,-22.9765763],[-47.0354642,-22.9766361],[-47.0354816,-22.9766971],[-47.0354994,-22.9767581],[-47.0355461,-22.9768182],[-47.0355994,-22.9768252],[-47.0356674,-22.9768198],[-47.0357355,-22.9768223],[-47.0358031,-22.9768309],[-47.0358713,-22.9768339],[-47.0359392,-22.9768282],[-47.0360058,-22.9768148],[-47.0360718,-22.9767986],[-47.0361389,-22.9767874],[-47.0362068,-22.9767813],[-47.0362744,-22.9767722],[-47.0363404,-22.976756],[-47.0364048,-22.9767351],[-47.0364678,-22.976711],[-47.0365293,-22.9766834],[-47.0365901,-22.9766548],[-47.036655,-22.9766356],[-47.036723,-22.9766348],[-47.0367911,-22.9766387],[-47.0368594,-22.9766376],[-47.0369276,-22.9766361],[-47.0369958,-22.9766387],[-47.0370635,-22.9766465],[-47.0371304,-22.9766588],[-47.0371976,-22.9766697],[-47.0372609,-22.9766734],[-47.0373329,-22.9766592],[-47.0374003,-22.9766496],[-47.0374684,-22.9766482],[-47.037536,-22.9766564],[-47.0376023,-22.9766712],[-47.0376688,-22.9766859],[-47.037736,-22.9766972],[-47.0378034,-22.9767072],[-47.0378708,-22.9767164],[-47.0379387,-22.9767233],[-47.0380068,-22.9767268],[-47.0380751,-22.9767286],[-47.0381433,-22.9767298],[-47.0382114,-22.976726],[-47.038278,-22.9767125],[-47.0383419,-22.9766905],[-47.0383976,-22.9766724],[-47.0384374,-22.976658],[-47.0385348,-22.9766201],[-47.0385933,-22.9766028],[-47.0386628,-22.9765854],[-47.0387274,-22.976573],[-47.0387954,-22.9765671],[-47.0388631,-22.9765598],[-47.0389298,-22.976546],[-47.0389948,-22.9765269],[-47.0390611,-22.9765121],[-47.0391291,-22.9765072],[-47.0391973,-22.976507],[-47.0392656,-22.976506],[-47.0393338,-22.9765031],[-47.0394018,-22.9764982],[-47.0394699,-22.9764931],[-47.039538,-22.9764897],[-47.0396063,-22.9764873],[-47.0396743,-22.9764841],[-47.0397426,-22.9764823],[-47.0398107,-22.9764861],[-47.0398783,-22.9764954],[-47.0399455,-22.976506],[-47.040013,-22.9765154],[-47.0400805,-22.9765246],[-47.0401478,-22.9765353],[-47.0402135,-22.9765518],[-47.0402772,-22.9765748],[-47.0403414,-22.9765963],[-47.0404074,-22.9766119],[-47.0404707,-22.9766351],[-47.0405201,-22.9766729],[-47.0405678,-22.976718],[-47.0406184,-22.9767659],[-47.0406623,-22.9768143],[-47.0406954,-22.9768696],[-47.0407235,-22.9769271],[-47.0407545,-22.9769834],[-47.0407931,-22.9770355],[-47.0408417,-22.9770796],[-47.0408964,-22.9771174],[-47.0409528,-22.9771529],[-47.0410081,-22.97719],[-47.0410594,-22.9772316],[-47.0411078,-22.9772761],[-47.0411594,-22.9773096],[-47.0412165,-22.9773461],[-47.0412624,-22.9773817],[-47.0413197,-22.9774369],[-47.041368,-22.9774806],[-47.0414201,-22.9775213],[-47.0414724,-22.977562],[-47.0415238,-22.9776035],[-47.0415703,-22.9776497],[-47.0416078,-22.9777024],[-47.0416407,-22.9777579],[-47.0416747,-22.9778127],[-47.0417104,-22.9778665],[-47.0417462,-22.9779204],[-47.0417829,-22.9779736],[-47.0418225,-22.9780251],[-47.0418639,-22.9780752],[-47.0419045,-22.9781261],[-47.0419458,-22.9781764],[-47.041994,-22.9782211],[-47.0420493,-22.9782582],[-47.0421049,-22.9782947],[-47.042157,-22.9783355],[-47.0422065,-22.978379],[-47.0422541,-22.9784243],[-47.0422977,-22.9784729],[-47.0423349,-22.9785258],[-47.0423701,-22.9785799],[-47.0424089,-22.9786319],[-47.0424525,-22.9786806],[-47.0425007,-22.9787252],[-47.0425523,-22.9787666],[-47.0426051,-22.9788068],[-47.0426571,-22.9788477],[-47.0427059,-22.9788918],[-47.0427508,-22.9789394],[-47.0427924,-22.9789894],[-47.0428332,-22.9790401],[-47.0428768,-22.9790888],[-47.0429249,-22.9791336],[-47.042976,-22.9791754],[-47.0430279,-22.9792165],[-47.0430768,-22.9792605],[-47.0431195,-22.9793097],[-47.0431587,-22.9793615],[-47.0431973,-22.9794136],[-47.0432337,-22.979467],[-47.0432647,-22.9795112],[-47.0432969,-22.9795792],[-47.0433328,-22.9796329],[-47.0433729,-22.979684],[-47.0434148,-22.9797339],[-47.0434583,-22.9797826],[-47.0435048,-22.9798287],[-47.0435529,-22.9798736],[-47.0435985,-22.9799206],[-47.043642,-22.9799693],[-47.043689,-22.9800151],[-47.0437418,-22.9800552],[-47.0437969,-22.9800924],[-47.0438518,-22.98013],[-47.0439164,-22.9801887],[-47.0439706,-22.9802338],[-47.0440212,-22.9802744],[-47.0440579,-22.9802952],[-47.0441165,-22.9803275],[-47.044177,-22.9803567],[-47.0442365,-22.9803878],[-47.0442913,-22.9804253],[-47.0443439,-22.9804657],[-47.0443992,-22.9805026],[-47.0444584,-22.9805341],[-47.0445201,-22.980561],[-47.0445828,-22.9805861],[-47.0446442,-22.9806137],[-47.0447033,-22.9806452],[-47.0447606,-22.9806796],[-47.0448161,-22.9807163],[-47.0448699,-22.9807552],[-47.044923,-22.9807949],[-47.0449418,-22.9808065],[-47.0453285,-22.9801945],[-47.0457468,-22.9794882],[-47.0556629,-22.9620889],[-47.0599054,-22.9546539],[-47.0695057,-22.9378099],[-47.0701406,-22.9366886],[-47.0703822,-22.9362839],[-47.0705223,-22.9360681],[-47.0709328,-22.9354798],[-47.0710981,-22.9352707],[-47.0713185,-22.9350124],[-47.0714454,-22.9348702],[-47.0716165,-22.9346878],[-47.0718238,-22.9344786],[-47.0720793,-22.9342413],[-47.0727749,-22.9336613],[-47.0729979,-22.9335003],[-47.073387,-22.9332363],[-47.0739032,-22.9329132],[-47.0733444,-22.9327004],[-47.0728138,-22.9324544],[-47.0720968,-22.932034],[-47.0711555,-22.9313108],[-47.0710667,-22.9312377],[-47.0709281,-22.9311074],[-47.0708,-22.9309733],[-47.0706542,-22.9307747],[-47.0704634,-22.9304865],[-47.068934,-22.9281241],[-47.0681594,-22.9269248],[-47.0680937,-22.9268188],[-47.0677963,-22.9262437],[-47.0676691,-22.9259336],[-47.0676136,-22.925787],[-47.0675657,-22.9256405],[-47.0670661,-22.924071],[-47.0669081,-22.9235749],[-47.0668424,-22.923368],[-47.0668243,-22.9233094],[-47.0666953,-22.9229001],[-47.0664622,-22.922175],[-47.0663939,-22.9219575],[-47.0662975,-22.9216548],[-47.0662007,-22.921347],[-47.0660109,-22.920758],[-47.0659119,-22.9204443],[-47.065815,-22.9201395],[-47.0657211,-22.9198394],[-47.065624,-22.9195371],[-47.0655267,-22.9192299],[-47.0654292,-22.9189275],[-47.0653343,-22.9186251],[-47.0652408,-22.9183286],[-47.0650541,-22.917746],[-47.0649728,-22.9174914],[-47.0648862,-22.9172186],[-47.0648017,-22.9169534],[-47.0647171,-22.9166861],[-47.0646483,-22.916467],[-47.0645585,-22.916184],[-47.0644798,-22.9159363],[-47.0644378,-22.9158094],[-47.0643817,-22.9156283],[-47.0641875,-22.9151897],[-47.0640845,-22.9149758],[-47.0637998,-22.9141935],[-47.0632718,-22.9124875],[-47.0631112,-22.9119407],[-47.0629333,-22.9111585],[-47.0628692,-22.9108902],[-47.0627577,-22.9105353],[-47.0626088,-22.9100615],[-47.0623182,-22.9101437],[-47.0621048,-22.9102158],[-47.0619095,-22.910295],[-47.0616555,-22.9104219],[-47.0614374,-22.9105562],[-47.061262,-22.9106766],[-47.0611385,-22.9107822],[-47.060936,-22.9109616],[-47.0607861,-22.9111095],[-47.0606527,-22.9112626],[-47.0605286,-22.9114142],[-47.0601162,-22.9119685],[-47.0598492,-22.9123312],[-47.0596785,-22.9125706],[-47.0595543,-22.9127114],[-47.0593353,-22.9129074],[-47.0591459,-22.9130728],[-47.0590614,-22.9131408],[-47.0589584,-22.9132187],[-47.058829,-22.9133072],[-47.0585698,-22.9134622],[-47.0583478,-22.9135815],[-47.0581742,-22.9136614],[-47.0580287,-22.913723],[-47.0577901,-22.9138153],[-47.0575907,-22.9138811],[-47.0573242,-22.9139508],[-47.0570352,-22.9140076],[-47.0568629,-22.9140339],[-47.0567135,-22.9140485],[-47.0564905,-22.9140685],[-47.056293,-22.9140804],[-47.0557064,-22.914082],[-47.0553039,-22.9140775],[-47.0550618,-22.9140712],[-47.054851,-22.9140656],[-47.0544756,-22.9140685],[-47.0541222,-22.9140987],[-47.053886,-22.9141255],[-47.0536338,-22.9141753],[-47.0532314,-22.9142798],[-47.0529198,-22.9143859],[-47.0526318,-22.9145237],[-47.0524447,-22.9146294],[-47.0522864,-22.9147324],[-47.0521252,-22.914848],[-47.051973,-22.9149665],[-47.0517963,-22.9151266],[-47.0516496,-22.9152766],[-47.0514672,-22.9154869],[-47.0512845,-22.9157208],[-47.0508056,-22.9163811],[-47.0506064,-22.9166632],[-47.0499555,-22.9175442],[-47.0497318,-22.917942],[-47.0496638,-22.9180828],[-47.049609,-22.9182129],[-47.0495352,-22.9184618],[-47.0494706,-22.918717],[-47.0494306,-22.9189494],[-47.0494001,-22.9192652],[-47.0493678,-22.9195994],[-47.0493447,-22.919879],[-47.049326,-22.9200285],[-47.0492707,-22.9203527],[-47.049241,-22.9204815],[-47.0491863,-22.9206779],[-47.0491219,-22.9208501],[-47.0491056,-22.920892],[-47.0489961,-22.9211508],[-47.0488704,-22.9213603],[-47.0487297,-22.921566],[-47.0485698,-22.9217762],[-47.0484323,-22.9219279],[-47.0481453,-22.9221899],[-47.0480258,-22.922284],[-47.0479412,-22.9223494],[-47.0477776,-22.9224624],[-47.0475886,-22.9225902],[-47.0469175,-22.9230037],[-47.0461756,-22.9234623],[-47.0442771,-22.9246396],[-47.0437959,-22.9249312],[-47.0434554,-22.925105],[-47.0432627,-22.9251838],[-47.043136,-22.9252302],[-47.0429271,-22.9253029],[-47.0426958,-22.9253666],[-47.0423491,-22.9254298],[-47.0421444,-22.9254503],[-47.0417407,-22.9254666],[-47.0414962,-22.9254537],[-47.0412902,-22.9254372],[-47.0410586,-22.9254012],[-47.0407648,-22.9253369],[-47.0405456,-22.9252759],[-47.0402377,-22.925172],[-47.0400398,-22.9250854],[-47.0398324,-22.9249865],[-47.0389087,-22.9245017],[-47.0386763,-22.9243747],[-47.0384733,-22.9242737],[-47.0382215,-22.9241673],[-47.0379759,-22.9240797],[-47.0378265,-22.9240294],[-47.037633,-22.9239834],[-47.0373516,-22.9239396],[-47.0371855,-22.9239181],[-47.0370186,-22.9239141],[-47.0367359,-22.9239093],[-47.036514,-22.923926],[-47.0363501,-22.9239479],[-47.0361601,-22.9239785],[-47.0358884,-22.9240444],[-47.0355206,-22.9241623],[-47.0352,-22.9243122],[-47.0350893,-22.9243771],[-47.0349119,-22.924484],[-47.0347387,-22.9246019],[-47.0345396,-22.9247582],[-47.0343718,-22.9249146],[-47.03417,-22.9251355],[-47.0340935,-22.9252321],[-47.0338954,-22.9255214],[-47.033718,-22.9258632],[-47.0336161,-22.9261555],[-47.0335484,-22.9263828],[-47.0335046,-22.9265788],[-47.0334068,-22.9271148],[-47.0333403,-22.9275453],[-47.0332862,-22.92787],[-47.0332326,-22.9281194],[-47.033126,-22.9284935],[-47.0329959,-22.9288072],[-47.0329034,-22.9289773],[-47.0327116,-22.9293103],[-47.0324134,-22.929673],[-47.0321714,-22.9299144],[-47.0318859,-22.9301672],[-47.0316824,-22.9303151],[-47.0314501,-22.9304637],[-47.0311631,-22.930621],[-47.0309555,-22.9307203],[-47.0307339,-22.930806],[-47.030533,-22.9308714],[-47.0303413,-22.9309264],[-47.0301331,-22.9309697],[-47.0299379,-22.9310042],[-47.0297297,-22.931028],[-47.0294846,-22.9310422],[-47.0292704,-22.9310405],[-47.0289559,-22.931026],[-47.0287523,-22.9310082],[-47.0286484,-22.9309944],[-47.0284158,-22.9309367],[-47.0281911,-22.9308787],[-47.027521,-22.9306497],[-47.0268783,-22.9304225],[-47.0266163,-22.9303433],[-47.0263705,-22.930284],[-47.0262109,-22.9302484],[-47.0260265,-22.9302178],[-47.0258251,-22.9301981],[-47.0255677,-22.9301856],[-47.0253665,-22.9301844],[-47.0251601,-22.9301968],[-47.0249311,-22.9302212],[-47.024561,-22.9302797],[-47.0240497,-22.9303795],[-47.0233156,-22.9305173],[-47.0229023,-22.9306108],[-47.0226868,-22.9306681],[-47.0225162,-22.9307245],[-47.0221793,-22.9308432],[-47.0216286,-22.9310659],[-47.0214397,-22.9311493],[-47.0209908,-22.9312994],[-47.0207837,-22.9313543],[-47.0205777,-22.931396],[-47.0204346,-22.9314233],[-47.0202519,-22.9314506],[-47.020068,-22.9314723],[-47.019882,-22.9314888],[-47.019696,-22.9314961],[-47.019104,-22.9314958],[-47.0184277,-22.9314872],[-47.0179015,-22.9314829],[-47.016585,-22.9314624],[-47.0159163,-22.9314545],[-47.0153771,-22.9314467],[-47.0149379,-22.9314351],[-47.0146693,-22.9314151],[-47.014424,-22.9313871],[-47.0142184,-22.9313565],[-47.0140458,-22.9313275],[-47.0136565,-22.9312484],[-47.0124473,-22.9309972],[-47.0121769,-22.9309423],[-47.0118984,-22.9309023],[-47.0116663,-22.9308766],[-47.0114072,-22.9308657],[-47.0112034,-22.9308649],[-47.0111084,-22.9308678],[-47.0109655,-22.9308741],[-47.0108382,-22.9308795],[-47.0100739,-22.9309426],[-47.0096583,-22.9309797],[-47.0095691,-22.9309888],[-47.0093986,-22.9310088],[-47.0091854,-22.9310403],[-47.0090427,-22.9310657],[-47.0087589,-22.9311205],[-47.0080407,-22.9312744],[-47.0076765,-22.931351],[-47.0073446,-22.9314116],[-47.0070711,-22.9314544],[-47.0069294,-22.9314726],[-47.0068201,-22.9314846],[-47.006674,-22.9314979],[-47.0062443,-22.9315369],[-47.005625,-22.9315804],[-47.0051696,-22.9316124],[-47.0048691,-22.9316336],[-47.0046123,-22.9316441],[-47.0042634,-22.9316495],[-47.0039957,-22.931644],[-47.0032273,-22.9316063],[-47.00314,-22.9316032],[-47.0029332,-22.931595],[-47.0027489,-22.9315891],[-47.0025743,-22.9315912],[-47.0024283,-22.9315995],[-47.002281,-22.9316138],[-47.002133,-22.9316343],[-47.0019856,-22.9316614],[-47.0016738,-22.9317414],[-47.0013854,-22.931845],[-47.0011142,-22.9319711],[-47.0009507,-22.9320569],[-47.0008421,-22.9321212],[-47.0006706,-22.9322313],[-47.0004945,-22.9323773],[-47.0002891,-22.9325647],[-47.0001625,-22.9327029],[-47.0000296,-22.9328636],[-46.9998342,-22.9331411],[-46.9995174,-22.9336513],[-46.9990842,-22.9343579],[-46.9987112,-22.9349495],[-46.99863,-22.9350677],[-46.998604,-22.9351061],[-46.9984963,-22.9352469],[-46.9985289,-22.9352422],[-46.9985638,-22.9352261],[-46.9986113,-22.9352044],[-46.9986757,-22.9351635],[-46.9987367,-22.9351137],[-46.9987814,-22.9350825],[-46.9989005,-22.9350041],[-46.9990317,-22.9349453],[-46.99917,-22.9349013],[-46.9993013,-22.9348614],[-46.9993542,-22.9348548],[-46.9994202,-22.9348465],[-46.999473,-22.9348594],[-46.9994853,-22.9348624],[-46.9995183,-22.9348871],[-46.9995304,-22.9349121],[-46.9995342,-22.9349304],[-46.9995581,-22.9349627],[-46.9995857,-22.9349797],[-46.9996217,-22.9349944],[-46.9996803,-22.9350045],[-46.9997343,-22.9350103],[-46.9998699,-22.9350013],[-47.000016,-22.9349976],[-47.0001621,-22.9349917],[-47.0003082,-22.9349932],[-47.0004542,-22.9349991],[-47.0005209,-22.9350018],[-47.0007931,-22.9350021],[-47.0008612,-22.9350047],[-47.000929,-22.9350106],[-47.0009965,-22.9350206],[-47.0012623,-22.935077],[-47.0013295,-22.9350885],[-47.0014645,-22.9351062],[-47.0016677,-22.9351291],[-47.0020731,-22.9351813],[-47.0021403,-22.9351927],[-47.0022056,-22.9352104],[-47.0022671,-22.9352376],[-47.0023779,-22.935311],[-47.0024372,-22.9353419],[-47.002503,-22.9353583],[-47.0026384,-22.9353737],[-47.0027047,-22.9353886],[-47.002834,-22.9354288],[-47.0028993,-22.9354472],[-47.0029658,-22.9354613],[-47.0031604,-22.9354923],[-47.0032343,-22.935506],[-47.0033001,-22.9355225],[-47.0033649,-22.9355425],[-47.0034931,-22.9355858],[-47.0035579,-22.9356054],[-47.003624,-22.9356209],[-47.0036911,-22.9356315],[-47.003759,-22.9356367],[-47.0038273,-22.9356366],[-47.0039635,-22.9356306],[-47.0040317,-22.9356295],[-47.0040999,-22.9356306],[-47.0041678,-22.9356358],[-47.0042336,-22.9356522],[-47.0042893,-22.9356878],[-47.0043328,-22.9357365],[-47.004374,-22.9357869],[-47.0044212,-22.9358324],[-47.0044715,-22.9358751],[-47.0045189,-22.9359204],[-47.004557,-22.9359728],[-47.0045892,-22.9360285],[-47.0046238,-22.936083],[-47.0046665,-22.9361321],[-47.0047164,-22.9361751],[-47.0047718,-22.9362119],[-47.004833,-22.9362398],[-47.0048999,-22.936251],[-47.0050362,-22.9362478],[-47.0051039,-22.9362519],[-47.0051699,-22.9362657],[-47.005232,-22.9362911],[-47.005288,-22.9363272],[-47.0053365,-22.9363715],[-47.0053764,-22.9364227],[-47.005408,-22.9364786],[-47.0054607,-22.9365952],[-47.005492,-22.9366513],[-47.0055328,-22.9367019],[-47.0055815,-22.9367461],[-47.0056834,-22.9368302],[-47.0057311,-22.9368753],[-47.0058234,-22.9369684],[-47.005871,-22.9370137],[-47.0059708,-22.9370999],[-47.0060162,-22.937147],[-47.0060526,-22.9372003],[-47.0060656,-22.9372329],[-47.006261,-22.9372838],[-47.0063276,-22.9372974],[-47.0064632,-22.9373123],[-47.0065301,-22.9373235],[-47.0065959,-22.9373405],[-47.0067887,-22.937404],[-47.0068541,-22.9374223],[-47.0069207,-22.937436],[-47.0070552,-22.9374573],[-47.007122,-22.93747],[-47.0071881,-22.9374858],[-47.0072534,-22.9375041],[-47.0073179,-22.9375249],[-47.0073815,-22.9375475],[-47.0074445,-22.937572],[-47.0075683,-22.9376252],[-47.0076897,-22.9376828],[-47.0078089,-22.9377443],[-47.0080113,-22.9378226],[-47.008161,-22.9378759],[-47.0082917,-22.937917],[-47.0083575,-22.9379335],[-47.0084917,-22.937957],[-47.0085575,-22.9379733],[-47.0086189,-22.9380005],[-47.0086743,-22.9380374],[-47.0087776,-22.9381198],[-47.008832,-22.9381578],[-47.0088896,-22.9381917],[-47.0090066,-22.9382568],[-47.009063,-22.9382923],[-47.0091175,-22.9383301],[-47.0092238,-22.9384094],[-47.0092754,-22.9384509],[-47.0093246,-22.9384946],[-47.0093705,-22.9385413],[-47.0094142,-22.9385899],[-47.0094988,-22.938689],[-47.009539,-22.93874],[-47.0095747,-22.9387936],[-47.0096037,-22.9388504],[-47.0096748,-22.9390268],[-47.0097295,-22.9391423],[-47.0098202,-22.9393122],[-47.0098332,-22.9393414],[-47.0098484,-22.9394063],[-47.0098705,-22.9394658],[-47.009901,-22.9395222],[-47.0099294,-22.9395794],[-47.0099526,-22.9396387],[-47.0099785,-22.9396969],[-47.0100128,-22.9397554],[-47.0101384,-22.9399009],[-47.0101828,-22.9399486],[-47.0102255,-22.9399977],[-47.0102577,-22.9400531],[-47.0103038,-22.9401717],[-47.0103319,-22.9402292],[-47.0103679,-22.9402826],[-47.0104111,-22.9403314],[-47.0105055,-22.9404221],[-47.0105504,-22.9404696],[-47.01059,-22.9405207],[-47.0106248,-22.9405749],[-47.0106579,-22.94063],[-47.0106969,-22.9406816],[-47.0107456,-22.9407257],[-47.0108501,-22.9408065],[-47.0109054,-22.9408431],[-47.0109668,-22.9408703],[-47.0110298,-22.9408942],[-47.0110896,-22.9409242],[-47.0111439,-22.940962],[-47.0111921,-22.9410065],[-47.0112373,-22.9410537],[-47.0112851,-22.9410985],[-47.0113375,-22.9411389],[-47.0113937,-22.9411745],[-47.0114515,-22.9412078],[-47.0115075,-22.9412435],[-47.0115594,-22.9412843],[-47.0116086,-22.9413278],[-47.0116559,-22.9413732],[-47.0116981,-22.9414227],[-47.0117321,-22.9414773],[-47.0117637,-22.9415331],[-47.0117996,-22.9415867],[-47.0118412,-22.9416365],[-47.0119349,-22.941728],[-47.0119781,-22.9417767],[-47.0120158,-22.9418291],[-47.0120496,-22.9418838],[-47.0121128,-22.9419955],[-47.0121462,-22.9420505],[-47.0122534,-22.9422116],[-47.0122868,-22.9422665],[-47.0123471,-22.9423795],[-47.0123803,-22.9424346],[-47.0124206,-22.9424854],[-47.0124631,-22.9425346],[-47.0125016,-22.9425866],[-47.0125701,-22.9426955],[-47.0126002,-22.9427521],[-47.0126216,-22.9428118],[-47.0126687,-22.9429959],[-47.012681,-22.9430579],[-47.0127044,-22.9432456],[-47.0127044,-22.9433085],[-47.0126928,-22.9433708],[-47.0126735,-22.9434313],[-47.0126514,-22.943491],[-47.0126339,-22.9435768],[-47.0126526,-22.9436087],[-47.0127073,-22.9436435],[-47.0127736,-22.9436542],[-47.0128411,-22.9436461],[-47.0129076,-22.9436323],[-47.0129752,-22.9436236],[-47.0130432,-22.9436229],[-47.0131103,-22.9436148],[-47.0131718,-22.9435893],[-47.0132322,-22.9435613],[-47.013296,-22.9435395],[-47.0133607,-22.9435201],[-47.0134882,-22.9434762],[-47.013545,-22.9434615],[-47.0136206,-22.9434532],[-47.0136876,-22.9434487],[-47.0137544,-22.9434405],[-47.0138213,-22.9434354],[-47.0138877,-22.9434401],[-47.0139543,-22.9434429],[-47.0140204,-22.9434327],[-47.0140855,-22.9434177],[-47.0142173,-22.9433932],[-47.0142812,-22.9433746],[-47.0143419,-22.9433485],[-47.0143986,-22.9433152],[-47.0144532,-22.9432786],[-47.0145088,-22.9432439],[-47.0145671,-22.9432133],[-47.0146883,-22.9431605],[-47.0148078,-22.9431042],[-47.0148775,-22.9430925],[-47.014931,-22.9431229],[-47.0149698,-22.9431744],[-47.0149992,-22.9432312],[-47.0150238,-22.9432899],[-47.0150439,-22.9433502],[-47.0150762,-22.9434727],[-47.0150973,-22.9435325],[-47.0151214,-22.9435915],[-47.0151423,-22.9436515],[-47.0151759,-22.9437738],[-47.0152135,-22.9438949],[-47.0152298,-22.9439562],[-47.0152397,-22.9440185],[-47.0152441,-22.9440812],[-47.0152528,-22.9441436],[-47.0152789,-22.9442674],[-47.0152999,-22.9443274],[-47.0153323,-22.9443829],[-47.0154092,-22.9444872],[-47.0154417,-22.9445427],[-47.015469,-22.9446007],[-47.0155199,-22.9447179],[-47.0155515,-22.9447739],[-47.015692,-22.9449906],[-47.0157291,-22.9450436],[-47.0157694,-22.9450946],[-47.0158134,-22.945143],[-47.0158601,-22.945189],[-47.0160563,-22.9453647],[-47.0161071,-22.9454069],[-47.0161548,-22.945452],[-47.0161943,-22.9455034],[-47.0162577,-22.9455757],[-47.0162772,-22.9456043],[-47.0163591,-22.9457045],[-47.0164881,-22.9458517],[-47.0165256,-22.9459044],[-47.0165558,-22.945961],[-47.0166056,-22.9460787],[-47.0166368,-22.9461349],[-47.0166752,-22.9461871],[-47.0167113,-22.9462407],[-47.016739,-22.9462984],[-47.0167608,-22.9463582],[-47.0168013,-22.946479],[-47.0168394,-22.9465862],[-47.0168555,-22.9466491],[-47.016864,-22.9467023],[-47.0168856,-22.9467385],[-47.0169678,-22.9468238],[-47.0169991,-22.94688],[-47.0170564,-22.9469947],[-47.0171164,-22.9471081],[-47.0172227,-22.947341],[-47.0172549,-22.9473967],[-47.0173318,-22.9474603],[-47.0173971,-22.9475321],[-47.0174432,-22.9475787],[-47.0174841,-22.9476292],[-47.0175192,-22.9476834],[-47.017547,-22.947741],[-47.0175692,-22.9478008],[-47.0175948,-22.9478594],[-47.0176653,-22.9479676],[-47.0177228,-22.9480821],[-47.0177572,-22.9481366],[-47.0177937,-22.94819],[-47.0178258,-22.9482457],[-47.0179092,-22.948419],[-47.0180065,-22.948655],[-47.0180239,-22.9487162],[-47.0180347,-22.9487786],[-47.01805,-22.9488401],[-47.0180754,-22.9488987],[-47.0181033,-22.9489563],[-47.0181532,-22.9490739],[-47.0182103,-22.9491888],[-47.0182406,-22.9492453],[-47.0182759,-22.9492993],[-47.0183201,-22.9493475],[-47.0184174,-22.9494361],[-47.0184613,-22.9494844],[-47.018497,-22.9495383],[-47.0185295,-22.9495937],[-47.0185717,-22.9496432],[-47.0186801,-22.9497299],[-47.0187172,-22.9497751],[-47.0187491,-22.9498309],[-47.0188032,-22.9499468],[-47.0188377,-22.9500012],[-47.0188752,-22.9500542],[-47.0189455,-22.9501623],[-47.0189842,-22.9502144],[-47.0190248,-22.9502651],[-47.0191021,-22.9503692],[-47.0191446,-22.9504186],[-47.0192386,-22.9505102],[-47.0192882,-22.9505536],[-47.0193453,-22.950588],[-47.0194718,-22.9506351],[-47.0195941,-22.950691],[-47.0196577,-22.9507139],[-47.0197234,-22.950731],[-47.0198568,-22.9507572],[-47.019922,-22.9507759],[-47.0201142,-22.9508411],[-47.020372,-22.9509236],[-47.0206906,-22.9510367],[-47.0208807,-22.951107],[-47.0209421,-22.9511344],[-47.0210023,-22.9511641],[-47.0210652,-22.9511887],[-47.0211969,-22.951221],[-47.0212622,-22.9512392],[-47.0213266,-22.9512605],[-47.0215161,-22.9513319],[-47.0215778,-22.9513588],[-47.0216936,-22.9514256],[-47.0217549,-22.9514533],[-47.0218816,-22.9515001],[-47.0219435,-22.9515266],[-47.0220637,-22.9515864],[-47.0221263,-22.9516114],[-47.022322,-22.9516668],[-47.0223894,-22.951676],[-47.0225256,-22.9516713],[-47.0225938,-22.9516729],[-47.0226617,-22.9516786],[-47.0227289,-22.9516896],[-47.0227931,-22.9517107],[-47.0228512,-22.9517438],[-47.0229078,-22.951779],[-47.0229702,-22.9518043],[-47.0231028,-22.9518337],[-47.0231687,-22.9518502],[-47.0233013,-22.9518799],[-47.0233639,-22.9519048],[-47.0234194,-22.9519415],[-47.023527,-22.9520192],[-47.0235756,-22.9520633],[-47.0236132,-22.9521159],[-47.0237033,-22.9522862],[-47.0237359,-22.9523417],[-47.023777,-22.9523919],[-47.02383,-22.9524316],[-47.0238899,-22.9524617],[-47.0239529,-22.952486],[-47.0241464,-22.9525474],[-47.0242121,-22.9525648],[-47.024345,-22.9525934],[-47.0244104,-22.9526112],[-47.0244696,-22.9526422],[-47.0245164,-22.9526879],[-47.0245433,-22.9527455],[-47.0245497,-22.9528083],[-47.0245506,-22.9529978],[-47.0245393,-22.9531872],[-47.0245386,-22.9532503],[-47.0245436,-22.9533133],[-47.0245545,-22.9533757],[-47.0245701,-22.9534371],[-47.024606,-22.953559],[-47.024622,-22.9536205],[-47.0246614,-22.9538065],[-47.0246797,-22.9538673],[-47.0247087,-22.9539244],[-47.0247464,-22.9539771],[-47.0247802,-22.9540319],[-47.024828,-22.9541502],[-47.0248573,-22.9542073],[-47.024881,-22.9542664],[-47.0248856,-22.954299],[-47.0248641,-22.9543899],[-47.0248422,-22.9544497],[-47.0248171,-22.9545084],[-47.0247827,-22.954563],[-47.024745,-22.9546156],[-47.0247115,-22.9546707],[-47.0246551,-22.9547857],[-47.0245949,-22.954899],[-47.0245697,-22.9549578],[-47.0244822,-22.9551968],[-47.0244562,-22.9552551],[-47.0243929,-22.9553668],[-47.0243683,-22.9554257],[-47.0243476,-22.9554858],[-47.0243211,-22.9555439],[-47.0242869,-22.9555984],[-47.0241675,-22.955752],[-47.0240953,-22.9558591],[-47.0240614,-22.9559139],[-47.024034,-22.9559715],[-47.0240075,-22.9560372],[-47.0239701,-22.9560809],[-47.0239152,-22.9561177],[-47.023797,-22.9561788],[-47.023741,-22.9562139],[-47.02369,-22.9562552],[-47.0236422,-22.9562998],[-47.0235914,-22.9563414],[-47.0235353,-22.9563759],[-47.0234773,-22.9564074],[-47.0234211,-22.9564421],[-47.0233724,-22.9564861],[-47.0233355,-22.9565442],[-47.0233221,-22.9566008],[-47.0233239,-22.9566639],[-47.0233354,-22.9567261],[-47.0233671,-22.9568492],[-47.0233806,-22.9569111],[-47.0233914,-22.9569734],[-47.023406,-22.9570352],[-47.0234294,-22.9570945],[-47.023457,-22.9571522],[-47.0234824,-22.957211],[-47.0235038,-22.957271],[-47.0235395,-22.9573929],[-47.0235611,-22.9574529],[-47.0236096,-22.957571],[-47.0236542,-22.9576905],[-47.0236811,-22.9577485],[-47.0237222,-22.9577987],[-47.0237733,-22.9578404],[-47.0238223,-22.9578843],[-47.0238622,-22.9579355],[-47.0238931,-22.9579918],[-47.0239417,-22.95811],[-47.0239686,-22.9581681],[-47.0239932,-22.958227],[-47.0240137,-22.9582873],[-47.0240375,-22.9583464],[-47.0241022,-22.9584577],[-47.0241261,-22.9585168],[-47.0241806,-22.9586996],[-47.0242219,-22.9588214],[-47.0242365,-22.9588831],[-47.0242512,-22.9589448],[-47.0242585,-22.9589757],[-47.0242746,-22.9590372],[-47.0242934,-22.9590979],[-47.0243089,-22.9591585],[-47.0243323,-22.9592347],[-47.0243431,-22.9592736],[-47.024362,-22.9593415],[-47.0243725,-22.9594039],[-47.0243851,-22.9594661],[-47.0243979,-22.9595281],[-47.024411,-22.9595902],[-47.0244275,-22.9596514],[-47.0244497,-22.9597112],[-47.0244787,-22.9597683],[-47.0245091,-22.9598249],[-47.0245332,-22.959884],[-47.0245512,-22.959945],[-47.024574,-22.9600045],[-47.0246047,-22.9600609],[-47.0246357,-22.9601172],[-47.0246622,-22.9601754],[-47.0246848,-22.9602351],[-47.0247043,-22.9602956],[-47.024722,-22.9603566],[-47.0247393,-22.9604179],[-47.0247559,-22.9604792],[-47.0247724,-22.9605404],[-47.0247909,-22.9606013],[-47.0248122,-22.9606612],[-47.0248314,-22.9607219],[-47.0248436,-22.9607841],[-47.0248535,-22.9608467],[-47.0248684,-22.9609083],[-47.0248872,-22.960969],[-47.0249055,-22.9610299],[-47.0249231,-22.9610909],[-47.0249428,-22.9611514],[-47.0249583,-22.961213],[-47.0249543,-22.9612758],[-47.0249383,-22.9613371],[-47.0249413,-22.9613999],[-47.0249601,-22.9614606],[-47.024976,-22.9615219],[-47.0249873,-22.9615843],[-47.024991,-22.9616318],[-47.0250293,-22.9617041],[-47.0250627,-22.9617592],[-47.0251009,-22.9618116],[-47.0251408,-22.9618629],[-47.0251787,-22.9619154],[-47.0252133,-22.9619698],[-47.0252444,-22.962026],[-47.0252734,-22.9620833],[-47.025303,-22.9621402],[-47.0253341,-22.9621965],[-47.025366,-22.9622524],[-47.0253981,-22.9623082],[-47.0254314,-22.9623633],[-47.0254648,-22.9624184],[-47.0254931,-22.9624759],[-47.0255101,-22.9625343],[-47.0255155,-22.9625891],[-47.0255081,-22.9626666],[-47.0255098,-22.9627004],[-47.0255258,-22.9627823],[-47.0255429,-22.9628509],[-47.0255546,-22.9629132],[-47.0255665,-22.9629753],[-47.0255731,-22.9630383],[-47.0255793,-22.9631012],[-47.0255969,-22.9631622],[-47.0256077,-22.9631807],[-47.0256292,-22.9632177],[-47.0256345,-22.9632234],[-47.0256345,-22.9632234]]]}},{"type":"Feature","properties":{"id":"s\u00e3o-domingos","nome":"S\u00e3o Domingos","apg":9,"fonte_limite":"Prefeitura Municipal de Campinas - Portal de Metadados Geoespaciais, camada Historico de Populacao por APG","precisao":"Geometria oficial baixada em SHP e convertida para GeoJSON para uso no prototipo web","ID":9,"APG":"S\u00e3o Domingos","NOME_COMPL":"APG SAO DOMINGOS","POP_2010":45521.0,"POP_2000":28387,"POP_1996":13871,"POP_1991":9282,"POP_1980":3012,"POP_1970":1063,"VAR_POPULA":44458,"VAR_PERC_P":605.92,"POP_2022":61637.0},"geometry":{"type":"Polygon","coordinates":[[[-47.1086777,-22.9937201],[-47.1054453,-22.9959237],[-47.103025,-22.9979387],[-47.101801,-22.9993634],[-47.1000851,-23.0013699],[-47.0974992,-23.0043903],[-47.0959022,-23.006131],[-47.0945564,-23.0075813],[-47.0919951,-23.0093734],[-47.0916471,-23.0096269],[-47.0896046,-23.0110489],[-47.0867797,-23.0129749],[-47.0853407,-23.0140582],[-47.0829033,-23.0160387],[-47.0821476,-23.0169288],[-47.0791849,-23.0201443],[-47.0772348,-23.0224117],[-47.0759759,-23.0241359],[-47.0746274,-23.0268648],[-47.0740774,-23.0280617],[-47.0734708,-23.0278432],[-47.0731887,-23.0276931],[-47.0730469,-23.0275735],[-47.0725792,-23.0272963],[-47.072412,-23.0272277],[-47.0723595,-23.0270827],[-47.0722148,-23.0269126],[-47.0718141,-23.0267349],[-47.0717604,-23.0268801],[-47.0717097,-23.0270417],[-47.0716548,-23.0271672],[-47.0715772,-23.0271945],[-47.0714885,-23.0271858],[-47.071339,-23.0271483],[-47.0711434,-23.0271115],[-47.0710336,-23.0271228],[-47.0709777,-23.0271695],[-47.0709361,-23.0272324],[-47.0708548,-23.0272499],[-47.0707519,-23.0272414],[-47.0706376,-23.0271871],[-47.0705374,-23.0271293],[-47.0704655,-23.0270646],[-47.0704108,-23.0269634],[-47.0703914,-23.026852],[-47.0702946,-23.0265545],[-47.0702294,-23.0264667],[-47.0701155,-23.0264353],[-47.0700021,-23.0264336],[-47.069889,-23.0264614],[-47.0697483,-23.0265288],[-47.069613,-23.0266144],[-47.069392,-23.0267733],[-47.0692666,-23.0267946],[-47.0691252,-23.0268309],[-47.0690549,-23.0268696],[-47.0687655,-23.0270672],[-47.0686492,-23.0271195],[-47.068548,-23.0271143],[-47.0682962,-23.0269926],[-47.0681681,-23.0269582],[-47.0680405,-23.0269615],[-47.0679746,-23.0270576],[-47.067976,-23.0271529],[-47.0679068,-23.0272638],[-47.0677533,-23.0273134],[-47.0674974,-23.0272757],[-47.0672816,-23.0271947],[-47.0671679,-23.0271749],[-47.0670828,-23.0271809],[-47.0670658,-23.0272254],[-47.0670792,-23.0272893],[-47.0670786,-23.0273648],[-47.0670192,-23.027428],[-47.0668854,-23.0274822],[-47.0668003,-23.027485],[-47.0666811,-23.0274587],[-47.0665153,-23.0273985],[-47.0663862,-23.0272983],[-47.0663386,-23.0272022],[-47.0662774,-23.0271438],[-47.06619,-23.0271038],[-47.0661174,-23.0271097],[-47.0660844,-23.0271577],[-47.0660419,-23.0272815],[-47.065983,-23.0273693],[-47.0659212,-23.0273882],[-47.065818,-23.0273599],[-47.065668,-23.0272913],[-47.0655975,-23.0273103],[-47.0655472,-23.0273865],[-47.0655386,-23.0275146],[-47.0655122,-23.0276464],[-47.0654371,-23.0277327],[-47.0653367,-23.0277652],[-47.065163,-23.0277675],[-47.0650594,-23.0277179],[-47.0650424,-23.0276508],[-47.0650631,-23.0275027],[-47.065041,-23.0274423],[-47.0649534,-23.0273926],[-47.0648427,-23.0273431],[-47.0647513,-23.0272786],[-47.0647004,-23.0272021],[-47.0646217,-23.0271539],[-47.0645544,-23.027158],[-47.0645039,-23.0272178],[-47.0644608,-23.0272954],[-47.064325,-23.0274565],[-47.0642486,-23.0276808],[-47.064198,-23.0277323],[-47.0641113,-23.027745],[-47.0640081,-23.0277201],[-47.0639311,-23.0276653],[-47.0638749,-23.0275773],[-47.0637763,-23.0275129],[-47.0637067,-23.0274859],[-47.0636035,-23.0274593],[-47.0634588,-23.0273889],[-47.0633236,-23.0273595],[-47.0631056,-23.027364],[-47.0629546,-23.0273413],[-47.0628704,-23.0273116],[-47.0626955,-23.0272699],[-47.0625969,-23.0273006],[-47.0624793,-23.0273864],[-47.0622726,-23.0275984],[-47.0622305,-23.027698],[-47.0622289,-23.0278558],[-47.0622837,-23.0280679],[-47.0623458,-23.0282432],[-47.0624421,-23.0285795],[-47.0624668,-23.028902],[-47.0624528,-23.0290271],[-47.0624223,-23.0291119],[-47.0623603,-23.0291971],[-47.0623258,-23.0292782],[-47.0623265,-23.0293259],[-47.0623591,-23.0293878],[-47.0624551,-23.0294417],[-47.0625037,-23.0295181],[-47.0625408,-23.0296094],[-47.0625499,-23.0296789],[-47.062531,-23.0297452],[-47.0624425,-23.0299151],[-47.0623802,-23.0299893],[-47.0623299,-23.0300671],[-47.0622997,-23.0301628],[-47.0622344,-23.0302994],[-47.06216,-23.0303592],[-47.0620696,-23.0304044],[-47.0619709,-23.0304313],[-47.0619002,-23.0304726],[-47.0618855,-23.0305462],[-47.0619186,-23.0306375],[-47.0621047,-23.0308919],[-47.0621623,-23.0310269],[-47.0622618,-23.0313155],[-47.0622923,-23.0314985],[-47.0623413,-23.0315969],[-47.0623468,-23.0316961],[-47.0623204,-23.0317844],[-47.0622816,-23.0318436],[-47.0622104,-23.0318519],[-47.0621111,-23.0318312],[-47.0620033,-23.0317813],[-47.0615474,-23.0315009],[-47.0614405,-23.031506],[-47.0613418,-23.031533],[-47.0612263,-23.0314978],[-47.0611032,-23.031481],[-47.0610126,-23.0315079],[-47.0609347,-23.0315969],[-47.0609046,-23.0317002],[-47.0609258,-23.0317953],[-47.0609749,-23.0318937],[-47.0609879,-23.0319705],[-47.060961,-23.0320259],[-47.0608623,-23.0320492],[-47.0607434,-23.0320471],[-47.0606491,-23.0320997],[-47.0606307,-23.0321917],[-47.0606675,-23.0322683],[-47.0607554,-23.0323148],[-47.060883,-23.0323645],[-47.0609712,-23.0324367],[-47.0610199,-23.0325095],[-47.0610865,-23.0327216],[-47.0611002,-23.0328388],[-47.0610979,-23.0329488],[-47.0610443,-23.0330707],[-47.0610258,-23.033159],[-47.061063,-23.0332539],[-47.0611076,-23.0333267],[-47.061137,-23.0334327],[-47.0610008,-23.0338601],[-47.0608293,-23.0343099],[-47.0607637,-23.0344246],[-47.0606741,-23.0345248],[-47.0605759,-23.0345811],[-47.060414,-23.0346162],[-47.0602642,-23.0346695],[-47.060182,-23.034733],[-47.060171,-23.0347882],[-47.0602239,-23.0348793],[-47.0603,-23.034937],[-47.0603367,-23.0350062],[-47.0603347,-23.0351346],[-47.0602848,-23.0352417],[-47.0601994,-23.0353529],[-47.0600971,-23.0354019],[-47.059919,-23.035419],[-47.059685,-23.0354],[-47.0595225,-23.0353947],[-47.0593872,-23.0353598],[-47.059319,-23.0353092],[-47.0592743,-23.0352327],[-47.0592884,-23.0351189],[-47.0593702,-23.0350261],[-47.059381,-23.0349526],[-47.0593405,-23.034898],[-47.0592566,-23.0348514],[-47.0591135,-23.0348239],[-47.0589788,-23.0348219],[-47.0588526,-23.0348603],[-47.0587506,-23.0349314],[-47.0586798,-23.034958],[-47.0584887,-23.0349018],[-47.0583249,-23.0348158],[-47.0582206,-23.0347291],[-47.0580728,-23.034654],[-47.0578983,-23.0346416],[-47.0577677,-23.0346507],[-47.0576532,-23.0346852],[-47.0571584,-23.0347136],[-47.057028,-23.0347373],[-47.056876,-23.0349045],[-47.0568015,-23.0349568],[-47.0567472,-23.0350309],[-47.05674,-23.0350787],[-47.0568004,-23.0351402],[-47.0568372,-23.0352241],[-47.0568508,-23.0353303],[-47.056777,-23.035423],[-47.056666,-23.0354281],[-47.0565636,-23.0354587],[-47.0564148,-23.0355854],[-47.0563611,-23.0356962],[-47.0563864,-23.0358023],[-47.0563721,-23.0358943],[-47.0563294,-23.0359535],[-47.0562664,-23.0359874],[-47.0561713,-23.0359886],[-47.0560837,-23.035953],[-47.0559837,-23.0358993],[-47.055881,-23.0359153],[-47.0557714,-23.0360048],[-47.0557097,-23.0361193],[-47.0556724,-23.0362703],[-47.0556785,-23.0364097],[-47.0557121,-23.0365339],[-47.0557133,-23.0366146],[-47.0556667,-23.0366813],[-47.0555205,-23.0367015],[-47.0554617,-23.03675],[-47.0554631,-23.0368417],[-47.0555604,-23.0369835],[-47.0556706,-23.037195],[-47.0556399,-23.0372614],[-47.0555845,-23.0372695],[-47.055477,-23.0372268],[-47.0553742,-23.0372538],[-47.0553158,-23.0373206],[-47.0553128,-23.0373831],[-47.055334,-23.0374781],[-47.0553951,-23.0375801],[-47.0553805,-23.0376647],[-47.0553344,-23.0377644],[-47.0552678,-23.0378129],[-47.0550049,-23.0377209],[-47.0549576,-23.0377399],[-47.054931,-23.03781],[-47.0549361,-23.0378833],[-47.0548978,-23.0379754],[-47.0548355,-23.0380423],[-47.0547327,-23.038062],[-47.0545624,-23.0380752],[-47.0544797,-23.0381093],[-47.0544607,-23.0381609],[-47.0545012,-23.0382228],[-47.0546616,-23.0383418],[-47.0546863,-23.0384001],[-47.0546594,-23.0384666],[-47.0546086,-23.0385076],[-47.0545251,-23.0384903],[-47.0544334,-23.0384512],[-47.0543109,-23.0384784],[-47.0542568,-23.0385636],[-47.0542149,-23.0386742],[-47.0541568,-23.0387556],[-47.0539648,-23.0389122],[-47.0539144,-23.038979],[-47.053892,-23.0390711],[-47.0539076,-23.0393167],[-47.0538611,-23.039387],[-47.0537792,-23.0394688],[-47.0536961,-23.0394809],[-47.0536201,-23.0394341],[-47.0535987,-23.0393316],[-47.0535739,-23.0392623],[-47.0534902,-23.039234],[-47.0533997,-23.0392755],[-47.0533148,-23.0394197],[-47.0532692,-23.0395525],[-47.0533096,-23.0396106],[-47.0534603,-23.0396087],[-47.0535247,-23.0396739],[-47.0535778,-23.0397833],[-47.0535633,-23.0398678],[-47.0535125,-23.0399199],[-47.0533189,-23.0399592],[-47.0532527,-23.0400333],[-47.0532741,-23.0401395],[-47.0533187,-23.0402086],[-47.0534308,-23.0402768],[-47.0535221,-23.0402903],[-47.0536911,-23.0401964],[-47.0538332,-23.0401652],[-47.0539446,-23.0401858],[-47.0540444,-23.0402395],[-47.054208,-23.0403071],[-47.054626,-23.040422],[-47.054725,-23.0404269],[-47.0549908,-23.0405127],[-47.0552525,-23.0405694],[-47.0553343,-23.0406098],[-47.0554129,-23.0406262],[-47.0554788,-23.040626],[-47.0555459,-23.0406465],[-47.0556252,-23.0406415],[-47.055795,-23.0405932],[-47.0558279,-23.0406222],[-47.0558341,-23.0406823],[-47.0557988,-23.040771],[-47.0557408,-23.0408459],[-47.0556491,-23.0408823],[-47.0556043,-23.040892],[-47.0555375,-23.0409345],[-47.055511,-23.0409649],[-47.055452,-23.0409852],[-47.0553109,-23.0409695],[-47.055261,-23.041001],[-47.0551834,-23.0410258],[-47.0550281,-23.0410386],[-47.0549241,-23.0410388],[-47.0548279,-23.0410575],[-47.0548221,-23.0411491],[-47.0548586,-23.0411996],[-47.0549224,-23.0412406],[-47.0551074,-23.0413284],[-47.0551653,-23.0413484],[-47.0552333,-23.0413559],[-47.055301,-23.0413895],[-47.0553396,-23.0414352],[-47.0553805,-23.0415643],[-47.0554944,-23.0416064],[-47.0555225,-23.0416464],[-47.0554986,-23.0416776],[-47.0554217,-23.0417406],[-47.0554052,-23.041796],[-47.0553621,-23.0418853],[-47.055188,-23.0419982],[-47.0551224,-23.0420218],[-47.0550265,-23.042041],[-47.05495,-23.0420415],[-47.0547498,-23.0420098],[-47.0546583,-23.0420297],[-47.054628,-23.0421221],[-47.0546353,-23.0422267],[-47.0546642,-23.0423101],[-47.054672,-23.0423611],[-47.0546449,-23.0424142],[-47.0545122,-23.0424751],[-47.05446,-23.0424495],[-47.0543985,-23.0425186],[-47.0543707,-23.0426261],[-47.0543758,-23.0427082],[-47.0542805,-23.0428772],[-47.0541687,-23.0430152],[-47.0541289,-23.0431233],[-47.0540711,-23.0431672],[-47.0540407,-23.0432103],[-47.0539577,-23.0432277],[-47.053893,-23.0432559],[-47.0537742,-23.043357],[-47.0537131,-23.0433717],[-47.0536477,-23.0433491],[-47.0536117,-23.0433045],[-47.0535713,-23.0432096],[-47.0535168,-23.0431574],[-47.0534773,-23.0431552],[-47.0534198,-23.0432279],[-47.0533922,-23.0432857],[-47.0533714,-23.0433685],[-47.0533388,-23.0434277],[-47.0532993,-23.043525],[-47.0533107,-23.0437383],[-47.0532868,-23.0438592],[-47.0532108,-23.0439289],[-47.053153,-23.0440154],[-47.0530631,-23.0440489],[-47.0529273,-23.0440453],[-47.052922,-23.0442289],[-47.0528858,-23.0444323],[-47.0528271,-23.0445493],[-47.0527204,-23.0446834],[-47.0526505,-23.0447228],[-47.0525263,-23.0447115],[-47.0524512,-23.0446563],[-47.0524236,-23.0445651],[-47.0524177,-23.0444818],[-47.0524281,-23.0443345],[-47.0523763,-23.0442534],[-47.0522813,-23.0442731],[-47.0522377,-23.0443725],[-47.0521951,-23.0445293],[-47.0521185,-23.0446459],[-47.051947,-23.0447265],[-47.0518699,-23.0447758],[-47.0517946,-23.0449026],[-47.0517101,-23.0449707],[-47.0516262,-23.0450044],[-47.0515145,-23.0450828],[-47.0514007,-23.0451177],[-47.0511932,-23.0451179],[-47.0511229,-23.0451481],[-47.0510466,-23.0452023],[-47.0509868,-23.0452883],[-47.0509262,-23.0453557],[-47.0508622,-23.0454818],[-47.0507728,-23.0455344],[-47.0507316,-23.0455718],[-47.0506859,-23.0456309],[-47.050583,-23.0456425],[-47.0505649,-23.0455985],[-47.0505716,-23.0454885],[-47.0505911,-23.0453977],[-47.0505086,-23.0453344],[-47.0504455,-23.0453111],[-47.0502581,-23.0452817],[-47.0501478,-23.0453098],[-47.0500851,-23.0453675],[-47.0500517,-23.0454586],[-47.0500348,-23.0455478],[-47.0500393,-23.0456355],[-47.0499983,-23.0457381],[-47.049946,-23.0458314],[-47.0499592,-23.0459182],[-47.0499049,-23.0459947],[-47.049908,-23.0460817],[-47.0499576,-23.046165],[-47.0500332,-23.0461957],[-47.0502118,-23.0462307],[-47.0502911,-23.0462289],[-47.0503476,-23.0462147],[-47.0504328,-23.0461658],[-47.0505017,-23.0460886],[-47.0505901,-23.0460275],[-47.0506661,-23.0460038],[-47.050775,-23.0460051],[-47.0508194,-23.046102],[-47.0508321,-23.0461743],[-47.0508063,-23.0463469],[-47.0508003,-23.0465429],[-47.0508247,-23.0466357],[-47.0509043,-23.0467715],[-47.050935,-23.0468049],[-47.0509912,-23.0469026],[-47.0510009,-23.0470337],[-47.0509543,-23.0471114],[-47.0508828,-23.0471853],[-47.0508517,-23.0471946],[-47.0506561,-23.0471758],[-47.0504182,-23.0470981],[-47.0503092,-23.0470727],[-47.0501167,-23.0470841],[-47.0500753,-23.0470466],[-47.0499799,-23.0470191],[-47.0499124,-23.0469341],[-47.0498583,-23.0468831],[-47.0497711,-23.0468944],[-47.0497042,-23.046962],[-47.0496845,-23.047073],[-47.0496767,-23.0471848],[-47.049624,-23.0473213],[-47.0495789,-23.0473954],[-47.0494756,-23.0474861],[-47.0494637,-23.0475462],[-47.0494569,-23.047681],[-47.0494828,-23.0477656],[-47.0494958,-23.0477815],[-47.0495774,-23.0478338],[-47.0496573,-23.0478448],[-47.0498064,-23.0478462],[-47.0498809,-23.0478378],[-47.0500329,-23.0477617],[-47.0501457,-23.0476794],[-47.0504418,-23.0475511],[-47.0505669,-23.0475428],[-47.0506455,-23.0475935],[-47.0507076,-23.0477167],[-47.0507266,-23.0477388],[-47.0508048,-23.0477842],[-47.0509288,-23.0478836],[-47.0509141,-23.048023],[-47.0508332,-23.0480555],[-47.0507274,-23.0480758],[-47.050564,-23.0480916],[-47.0505314,-23.048116],[-47.0505232,-23.0481746],[-47.0504683,-23.0482758],[-47.0502906,-23.0481819],[-47.0502521,-23.0481745],[-47.0502108,-23.0482002],[-47.0500872,-23.0484007],[-47.0500758,-23.0484734],[-47.0501135,-23.0485479],[-47.0501634,-23.0486786],[-47.0502643,-23.0487727],[-47.0503477,-23.0488265],[-47.0504839,-23.0488923],[-47.0505624,-23.0489713],[-47.0505209,-23.0490618],[-47.0504515,-23.0491105],[-47.0504107,-23.0491784],[-47.0504038,-23.0492187],[-47.0504116,-23.0493191],[-47.0504446,-23.0494038],[-47.0504346,-23.0494815],[-47.0504788,-23.0496279],[-47.0505004,-23.0497688],[-47.0504526,-23.0498416],[-47.0503397,-23.0499304],[-47.0502804,-23.0499995],[-47.0501379,-23.0500356],[-47.050052,-23.0501049],[-47.0500247,-23.0502186],[-47.0500244,-23.0502508],[-47.0500617,-23.0503259],[-47.0501621,-23.0504004],[-47.0502924,-23.0504692],[-47.0503017,-23.0505672],[-47.0502699,-23.0505931],[-47.0501578,-23.0506101],[-47.0500059,-23.0506018],[-47.0499592,-23.0506174],[-47.049874,-23.0506959],[-47.0498214,-23.0507649],[-47.0497357,-23.0509447],[-47.049709,-23.0509852],[-47.0496178,-23.0510591],[-47.0495375,-23.0510739],[-47.0494339,-23.0510769],[-47.049232,-23.0510536],[-47.0491607,-23.051065],[-47.0490718,-23.0511101],[-47.0490387,-23.0511901],[-47.0490317,-23.0513242],[-47.049015,-23.0513745],[-47.0489594,-23.0514548],[-47.0489871,-23.0514636],[-47.0629306,-23.0496188],[-47.0709358,-23.0485126],[-47.0709658,-23.0489668],[-47.0710694,-23.0494387],[-47.0711851,-23.0497124],[-47.0713096,-23.050062],[-47.0713505,-23.0501972],[-47.0715562,-23.0510075],[-47.0715623,-23.051031],[-47.0717382,-23.0515657],[-47.0717626,-23.0516201],[-47.0717948,-23.051692],[-47.0718302,-23.0517712],[-47.0718558,-23.0518286],[-47.0718787,-23.0518797],[-47.0719271,-23.0519877],[-47.0719395,-23.0520154],[-47.0719506,-23.0520248],[-47.0720771,-23.0521327],[-47.0720908,-23.0521442],[-47.0722732,-23.0521324],[-47.0730195,-23.0519625],[-47.0731412,-23.0519787],[-47.073244,-23.0520077],[-47.0733543,-23.0520553],[-47.0736438,-23.0522644],[-47.0739059,-23.0524391],[-47.0742612,-23.0525279],[-47.0744262,-23.0526146],[-47.0746848,-23.0528176],[-47.074736,-23.0528517],[-47.074851,-23.05291],[-47.0751757,-23.0530925],[-47.0755623,-23.0533027],[-47.0759845,-23.0534412],[-47.076323,-23.0534626],[-47.076583,-23.0533649],[-47.0770999,-23.0529474],[-47.0771693,-23.0529271],[-47.0773359,-23.0529002],[-47.0776158,-23.0529447],[-47.0777642,-23.0529542],[-47.0779143,-23.0529802],[-47.0780651,-23.0530189],[-47.0783274,-23.0530072],[-47.0784779,-23.0530322],[-47.0786274,-23.0530951],[-47.0789334,-23.0531767],[-47.0791021,-23.0531691],[-47.0792652,-23.0531474],[-47.0794079,-23.0531778],[-47.0795614,-23.0531777],[-47.0798142,-23.0532521],[-47.0799164,-23.0533152],[-47.0803269,-23.0534972],[-47.0806624,-23.0537817],[-47.0809523,-23.0539925],[-47.081159,-23.054189],[-47.0814478,-23.054354],[-47.0818299,-23.0544918],[-47.0818593,-23.0544799],[-47.0819188,-23.0544758],[-47.081945,-23.0544773],[-47.081969,-23.0544864],[-47.0820099,-23.0546704],[-47.0820283,-23.0547533],[-47.082036,-23.0547647],[-47.0821065,-23.0548697],[-47.0823247,-23.0550809],[-47.0824381,-23.0551762],[-47.0825458,-23.0552782],[-47.0826521,-23.0553927],[-47.0828373,-23.0554949],[-47.0830339,-23.0556712],[-47.0832807,-23.0558774],[-47.0840345,-23.0563262],[-47.0846704,-23.0566302],[-47.0853623,-23.0569025],[-47.0866016,-23.0572238],[-47.0869234,-23.0572667],[-47.0872269,-23.0572674],[-47.0875226,-23.0572075],[-47.0877783,-23.0570826],[-47.0886106,-23.0563294],[-47.0893183,-23.0555386],[-47.0893798,-23.0554386],[-47.0894815,-23.0550969],[-47.0895363,-23.0548752],[-47.0896027,-23.0547298],[-47.0896743,-23.0546966],[-47.0898675,-23.0546071],[-47.0898925,-23.0545983],[-47.0899333,-23.0545837],[-47.0900724,-23.0545951],[-47.090132,-23.0545645],[-47.0901798,-23.054511],[-47.0902122,-23.0544468],[-47.0902534,-23.0543096],[-47.0903064,-23.0541821],[-47.0903522,-23.0541375],[-47.0904164,-23.0541239],[-47.0904851,-23.0541374],[-47.090663,-23.0542609],[-47.090798,-23.0543194],[-47.0909415,-23.0543619],[-47.0910783,-23.0544193],[-47.0912008,-23.0544969],[-47.0912535,-23.0545433],[-47.0912938,-23.0546006],[-47.0913861,-23.0547077],[-47.0915156,-23.0547765],[-47.0915871,-23.0547899],[-47.0916595,-23.0547821],[-47.091725,-23.054754],[-47.0917764,-23.054707],[-47.0918555,-23.0545876],[-47.0919336,-23.0543851],[-47.0919658,-23.0542426],[-47.0919805,-23.0541776],[-47.0919956,-23.0540761],[-47.0920424,-23.0539787],[-47.0920945,-23.0538488],[-47.0922002,-23.0536467],[-47.0922204,-23.0535747],[-47.0922292,-23.0534224],[-47.0922403,-23.0533505],[-47.0922767,-23.0532926],[-47.0923318,-23.0532508],[-47.0924685,-23.0532036],[-47.0925933,-23.0531144],[-47.0926646,-23.0530846],[-47.0929312,-23.0530371],[-47.0930849,-23.0530293],[-47.0933007,-23.0530766],[-47.0936019,-23.0530245],[-47.0936705,-23.0529921],[-47.0937256,-23.0529443],[-47.0938364,-23.052767],[-47.0939361,-23.0526632],[-47.0939932,-23.0526297],[-47.0940626,-23.0526327],[-47.0941297,-23.0526631],[-47.0942284,-23.0527644],[-47.0942892,-23.0528078],[-47.0944229,-23.0528755],[-47.0946716,-23.0530442],[-47.0947343,-23.0530533],[-47.0947886,-23.053021],[-47.0948857,-23.0529092],[-47.0949911,-23.0528079],[-47.0950934,-23.0527553],[-47.0951685,-23.0527166],[-47.0952531,-23.0526732],[-47.0953636,-23.0525655],[-47.0954391,-23.0524382],[-47.095503,-23.0523104],[-47.095515,-23.0522917],[-47.0955366,-23.0522581],[-47.0955701,-23.0522305],[-47.0956808,-23.0522094],[-47.0957678,-23.0522149],[-47.0958327,-23.0522191],[-47.0959732,-23.0522713],[-47.0961015,-23.0523437],[-47.0962108,-23.0524367],[-47.0963011,-23.0525507],[-47.0963346,-23.052611],[-47.0963481,-23.0526786],[-47.0963552,-23.0528176],[-47.0963911,-23.0529494],[-47.0964638,-23.0530757],[-47.0965705,-23.053342],[-47.0966437,-23.0534619],[-47.0966975,-23.0535269],[-47.0969568,-23.0537281],[-47.0970438,-23.0538469],[-47.0971125,-23.0539816],[-47.0971998,-23.0540994],[-47.0973116,-23.0541924],[-47.0974342,-23.0542768],[-47.097659,-23.0544646],[-47.097839,-23.054589],[-47.0980227,-23.0547026],[-47.0981592,-23.0547666],[-47.0982294,-23.0547886],[-47.0984492,-23.0547829],[-47.0985982,-23.0548037],[-47.0987472,-23.054837],[-47.0988914,-23.0548768],[-47.0990307,-23.0549235],[-47.0991793,-23.0549609],[-47.0992535,-23.0549619],[-47.0993191,-23.0549326],[-47.0995281,-23.0547352],[-47.0995904,-23.0546996],[-47.0996602,-23.0546817],[-47.0998072,-23.0546625],[-47.0998865,-23.0546606],[-47.0999773,-23.0546753],[-47.100209,-23.0547594],[-47.1002711,-23.0547691],[-47.1003311,-23.0547599],[-47.1005175,-23.054656],[-47.100714,-23.0545423],[-47.1008845,-23.0544077],[-47.1009519,-23.0543469],[-47.1009723,-23.0543104],[-47.1010176,-23.0542225],[-47.1011795,-23.0540792],[-47.1014029,-23.0539435],[-47.1017271,-23.0538496],[-47.1017695,-23.0538436],[-47.1020801,-23.0538545],[-47.1023718,-23.0539039],[-47.1026247,-23.0540029],[-47.1026529,-23.0540312],[-47.1028915,-23.0543982],[-47.1031606,-23.055329],[-47.1032539,-23.0554795],[-47.1034248,-23.0558192],[-47.1036889,-23.0563028],[-47.1040196,-23.0572519],[-47.1041026,-23.0574661],[-47.1042834,-23.0577937],[-47.1044062,-23.057983],[-47.1047121,-23.0583811],[-47.1050615,-23.058756],[-47.1052072,-23.0588956],[-47.1056506,-23.0592493],[-47.1059347,-23.0594094],[-47.1062102,-23.0594895],[-47.1064079,-23.0595717],[-47.1065951,-23.0596728],[-47.1067281,-23.0597648],[-47.1068475,-23.0598742],[-47.106911,-23.0600251],[-47.106916,-23.060032],[-47.1069633,-23.060097],[-47.1070013,-23.0601634],[-47.107036,-23.0601937],[-47.1071223,-23.0602686],[-47.1072094,-23.0603126],[-47.1073197,-23.0603329],[-47.1074309,-23.0603441],[-47.1076444,-23.0603433],[-47.1076938,-23.0603347],[-47.1077443,-23.0603258],[-47.1078494,-23.0603375],[-47.107909,-23.060412],[-47.107978,-23.060483],[-47.1080597,-23.0605394],[-47.1081484,-23.0605842],[-47.1081648,-23.0605942],[-47.1083273,-23.0606947],[-47.1084324,-23.0607124],[-47.1085279,-23.060741],[-47.1086302,-23.0607861],[-47.1087274,-23.0608116],[-47.1087998,-23.0608799],[-47.1088483,-23.0609621],[-47.1089435,-23.0610219],[-47.1091536,-23.0610444],[-47.1092579,-23.0610455],[-47.109355,-23.0610292],[-47.1094372,-23.0609587],[-47.1095252,-23.0608996],[-47.109626,-23.0608784],[-47.1098206,-23.0608956],[-47.109927,-23.0608985],[-47.1100108,-23.0608707],[-47.1100252,-23.0608659],[-47.1101014,-23.0607907],[-47.1102196,-23.0606323],[-47.1102968,-23.0605726],[-47.110388,-23.0606092],[-47.1104798,-23.060666],[-47.1105758,-23.060713],[-47.1106888,-23.0606737],[-47.1107592,-23.0605917],[-47.1108019,-23.0605044],[-47.1107858,-23.0604139],[-47.1107988,-23.060314],[-47.1108269,-23.060207],[-47.1107668,-23.0601299],[-47.1107215,-23.0600454],[-47.1107447,-23.0599572],[-47.1107192,-23.0598662],[-47.110703,-23.0597617],[-47.1107582,-23.0596816],[-47.110805,-23.059586],[-47.1108967,-23.0594656],[-47.1111542,-23.0593182],[-47.1112363,-23.0592638],[-47.1113864,-23.0591078],[-47.1114441,-23.0590269],[-47.111473,-23.0589394],[-47.1114831,-23.0588272],[-47.1114635,-23.0587317],[-47.1114891,-23.0586316],[-47.1114503,-23.0585303],[-47.1114624,-23.0584252],[-47.1115149,-23.0583334],[-47.1115905,-23.0582752],[-47.1116852,-23.0582415],[-47.1117745,-23.0582007],[-47.1118619,-23.0581436],[-47.1119665,-23.0581594],[-47.1120653,-23.0581439],[-47.112216,-23.0580089],[-47.1123184,-23.0579515],[-47.1124196,-23.0579126],[-47.1125293,-23.0578846],[-47.11263,-23.0578371],[-47.1128326,-23.0578116],[-47.1129493,-23.0577841],[-47.1131566,-23.0576907],[-47.1132439,-23.0576515],[-47.1133588,-23.0576631],[-47.1134507,-23.0576943],[-47.1135489,-23.0577123],[-47.113659,-23.0576893],[-47.1138543,-23.0576261],[-47.1139376,-23.0575644],[-47.1140226,-23.0574862],[-47.1140873,-23.0574118],[-47.1141605,-23.0573453],[-47.1144642,-23.0572546],[-47.1145573,-23.0572216],[-47.114639,-23.0571722],[-47.1147113,-23.0571085],[-47.1147673,-23.0570322],[-47.1148499,-23.0569405],[-47.1149072,-23.0568607],[-47.1149837,-23.056801],[-47.1150261,-23.0567763],[-47.1150891,-23.056728],[-47.1151292,-23.0566899],[-47.1151679,-23.056667],[-47.1151937,-23.0566516],[-47.1152228,-23.0566303],[-47.1152439,-23.0566149],[-47.1153036,-23.0565792],[-47.1154246,-23.0565066],[-47.1156117,-23.0563911],[-47.1157115,-23.0564766],[-47.1159288,-23.0564384],[-47.1161181,-23.0563726],[-47.1162072,-23.0562997],[-47.1163062,-23.0562913],[-47.1164683,-23.0564098],[-47.1165033,-23.056425],[-47.1166749,-23.0565946],[-47.1168224,-23.0565677],[-47.1170158,-23.0564276],[-47.1175108,-23.0561654],[-47.1178031,-23.0561189],[-47.1179485,-23.0561915],[-47.1181149,-23.0563493],[-47.1182706,-23.0563113],[-47.1183589,-23.0562679],[-47.1185152,-23.0562052],[-47.1188974,-23.0562025],[-47.1190107,-23.0562082],[-47.1191092,-23.0562257],[-47.1192151,-23.0562562],[-47.1193429,-23.0562709],[-47.1194586,-23.0562682],[-47.1195865,-23.0562783],[-47.1197103,-23.0563119],[-47.1199129,-23.0563886],[-47.1201025,-23.0564382],[-47.1201912,-23.0564753],[-47.1202981,-23.0564688],[-47.1203924,-23.0564963],[-47.1205493,-23.0566211],[-47.1206473,-23.0567956],[-47.1207155,-23.0568696],[-47.1208444,-23.0570442],[-47.1209193,-23.0571169],[-47.1211014,-23.0572169],[-47.1212014,-23.0572662],[-47.1212555,-23.0572846],[-47.1212682,-23.0572889],[-47.1212786,-23.0572904],[-47.1213798,-23.0573051],[-47.1214768,-23.0572866],[-47.1215045,-23.0572833],[-47.1215779,-23.0572748],[-47.1216756,-23.0572781],[-47.1217801,-23.0572452],[-47.1219456,-23.0572253],[-47.1220326,-23.05727],[-47.1221845,-23.057413],[-47.1222552,-23.0574757],[-47.122343,-23.0575319],[-47.1224407,-23.0575759],[-47.1226393,-23.0576111],[-47.1227361,-23.0576588],[-47.1227863,-23.0577419],[-47.1228401,-23.057889],[-47.1228276,-23.0579841],[-47.1228446,-23.058012],[-47.1230311,-23.0581703],[-47.123209,-23.0584063],[-47.1233071,-23.0586291],[-47.1233798,-23.0588533],[-47.1234802,-23.0590264],[-47.1234999,-23.0590448],[-47.1236305,-23.0591663],[-47.1237476,-23.0592239],[-47.1238412,-23.0592596],[-47.1239486,-23.0593263],[-47.1240176,-23.0593966],[-47.1240506,-23.059494],[-47.1240593,-23.0595853],[-47.1240606,-23.0597119],[-47.124083,-23.0598146],[-47.1241429,-23.0599248],[-47.1242455,-23.0599447],[-47.1243646,-23.0599194],[-47.1244503,-23.0598631],[-47.1245207,-23.0597954],[-47.1245795,-23.0597171],[-47.1246296,-23.0596306],[-47.1247169,-23.0595576],[-47.1248384,-23.0595467],[-47.1250426,-23.059631],[-47.1251618,-23.0595891],[-47.1252661,-23.0595954],[-47.1253591,-23.0595625],[-47.1253902,-23.0595206],[-47.1254007,-23.0595064],[-47.1254513,-23.0594638],[-47.1255574,-23.0595155],[-47.125636,-23.059623],[-47.1257563,-23.0598293],[-47.1258608,-23.0599274],[-47.1260629,-23.0600906],[-47.1261994,-23.0601598],[-47.1262585,-23.0601908],[-47.1263419,-23.0602387],[-47.1263921,-23.060279],[-47.1264306,-23.0603522],[-47.1264399,-23.0604103],[-47.126412,-23.0605039],[-47.1264029,-23.0605629],[-47.126407,-23.0606521],[-47.1264213,-23.0607089],[-47.1265003,-23.060626],[-47.1266908,-23.0604847],[-47.1267703,-23.0604391],[-47.1268448,-23.0604083],[-47.1268943,-23.0603781],[-47.1269766,-23.0602777],[-47.1270564,-23.0600808],[-47.1270986,-23.0598671],[-47.1271292,-23.0595917],[-47.1271769,-23.0594645],[-47.1273529,-23.0592622],[-47.1275227,-23.0590589],[-47.127591,-23.0589883],[-47.1278305,-23.0588412],[-47.1279318,-23.0587744],[-47.1280022,-23.0587023],[-47.1280799,-23.0586224],[-47.1281187,-23.058545],[-47.1281689,-23.0582648],[-47.1281574,-23.0581109],[-47.1280961,-23.057842],[-47.1280819,-23.0577448],[-47.1280776,-23.0574538],[-47.1280763,-23.0573727],[-47.1280877,-23.0572496],[-47.1280948,-23.0571794],[-47.1281353,-23.0570301],[-47.1282693,-23.0568829],[-47.1283563,-23.0568],[-47.1284231,-23.0567904],[-47.1285739,-23.0568355],[-47.128633,-23.0568876],[-47.128786,-23.0569169],[-47.1288919,-23.0569425],[-47.1289749,-23.0569582],[-47.1290477,-23.056951],[-47.1291471,-23.0568819],[-47.1292464,-23.0567973],[-47.1293103,-23.0567071],[-47.1293308,-23.0566419],[-47.1293309,-23.0564451],[-47.1293211,-23.056266],[-47.1292967,-23.0561159],[-47.1292288,-23.0559601],[-47.1291674,-23.055832],[-47.1290321,-23.0556133],[-47.1289802,-23.0555221],[-47.1289158,-23.0553758],[-47.1288547,-23.0552621],[-47.1288478,-23.0551534],[-47.1288562,-23.0550667],[-47.1288885,-23.0549502],[-47.1289315,-23.0548587],[-47.1289933,-23.0547837],[-47.1290522,-23.0547273],[-47.1291685,-23.0546562],[-47.1293429,-23.0546026],[-47.1294564,-23.0545589],[-47.1295645,-23.0544962],[-47.1296125,-23.0544684],[-47.1296965,-23.0543752],[-47.1297484,-23.0542871],[-47.129755,-23.0541938],[-47.1297552,-23.0541908],[-47.1297576,-23.0541812],[-47.129768,-23.0541399],[-47.1297822,-23.0541165],[-47.129782,-23.0541168],[-47.129815,-23.0540625],[-47.1298763,-23.0540013],[-47.1299364,-23.0539244],[-47.1299445,-23.0539039],[-47.129918,-23.0537931],[-47.1299015,-23.053641],[-47.129905,-23.0535448],[-47.1299128,-23.0534941],[-47.1299635,-23.0532972],[-47.1299764,-23.0531969],[-47.1299658,-23.0530073],[-47.1299706,-23.052916],[-47.1299958,-23.052826],[-47.130014,-23.0527298],[-47.1300742,-23.0525501],[-47.1301864,-23.052329],[-47.1302076,-23.0522873],[-47.1302724,-23.0522137],[-47.1302884,-23.0522084],[-47.130571,-23.052171],[-47.1306771,-23.0521617],[-47.1307166,-23.0521646],[-47.1307768,-23.0521665],[-47.130798,-23.0521707],[-47.130873,-23.0521853],[-47.130967,-23.0522321],[-47.1310342,-23.0522995],[-47.1310593,-23.052375],[-47.1310641,-23.0523894],[-47.1311346,-23.0524705],[-47.1312181,-23.0525454],[-47.1314627,-23.0527156],[-47.1315221,-23.0528],[-47.1315374,-23.0528962],[-47.1315341,-23.0530068],[-47.1315388,-23.053112],[-47.1315706,-23.0532148],[-47.131623,-23.0532936],[-47.1317023,-23.0533489],[-47.1318031,-23.0533673],[-47.1319036,-23.0533509],[-47.131988,-23.0533045],[-47.1320963,-23.05328],[-47.1321702,-23.0532849],[-47.1321937,-23.0532864],[-47.1322903,-23.053304],[-47.1323661,-23.0533673],[-47.1324067,-23.0534541],[-47.1324611,-23.0536348],[-47.132505,-23.0537216],[-47.1325754,-23.053805],[-47.1327973,-23.0540222],[-47.1328625,-23.0541014],[-47.1328987,-23.0541871],[-47.1329136,-23.0542851],[-47.1329077,-23.0543813],[-47.1328634,-23.0545712],[-47.132821,-23.0548539],[-47.1328387,-23.0549484],[-47.132906,-23.0550242],[-47.1330023,-23.0550574],[-47.1331042,-23.055058],[-47.1332089,-23.0550475],[-47.1332785,-23.0551143],[-47.1333391,-23.0551923],[-47.1334119,-23.0552529],[-47.1335035,-23.055308],[-47.1335974,-23.0553555],[-47.1336917,-23.0553823],[-47.1337861,-23.0553504],[-47.133875,-23.0553029],[-47.1339383,-23.0552262],[-47.1339799,-23.0551294],[-47.1340296,-23.0550438],[-47.1341764,-23.0548981],[-47.1341788,-23.0548626],[-47.1343335,-23.0547217],[-47.1344709,-23.0545831],[-47.1345503,-23.0545263],[-47.134638,-23.0544769],[-47.1347251,-23.0544076],[-47.1348213,-23.0543586],[-47.1350301,-23.0543223],[-47.135122,-23.0542797],[-47.13524,-23.0542386],[-47.1354515,-23.05418],[-47.1356586,-23.0541857],[-47.1357616,-23.0541707],[-47.135857,-23.0541224],[-47.1360067,-23.0539838],[-47.1360823,-23.0539009],[-47.136147,-23.0537161],[-47.1362218,-23.0536385],[-47.136312,-23.0536035],[-47.1365216,-23.0536326],[-47.136582,-23.0536471],[-47.1366286,-23.0536582],[-47.1367342,-23.0536751],[-47.1368447,-23.0536676],[-47.1370449,-23.0536287],[-47.1371563,-23.0535912],[-47.1372483,-23.0535602],[-47.137319,-23.0534925],[-47.1374139,-23.0534203],[-47.1375132,-23.0534006],[-47.1376146,-23.0533916],[-47.1377144,-23.0533971],[-47.1378183,-23.0534364],[-47.1378854,-23.0535045],[-47.1378495,-23.053599],[-47.1378015,-23.0537004],[-47.1377878,-23.0537902],[-47.1378841,-23.0538188],[-47.1380748,-23.0537209],[-47.1381801,-23.0537252],[-47.1383769,-23.0536597],[-47.1385725,-23.0536745],[-47.1386488,-23.0537089],[-47.138754,-23.0537562],[-47.1388084,-23.053849],[-47.1388823,-23.0539262],[-47.1390084,-23.0540867],[-47.1390891,-23.054144],[-47.1391794,-23.0541972],[-47.1392448,-23.0542653],[-47.1393093,-23.0543528],[-47.139391,-23.0544141],[-47.139476,-23.054464],[-47.1395489,-23.0545307],[-47.1396641,-23.0547031],[-47.1397431,-23.0547601],[-47.1398231,-23.0548451],[-47.1397976,-23.0549427],[-47.1397909,-23.0550336],[-47.1398297,-23.055158],[-47.1399209,-23.0552438],[-47.1400447,-23.0553214],[-47.14023,-23.0554135],[-47.1404445,-23.0555355],[-47.1406098,-23.0556581],[-47.140735,-23.0558228],[-47.1408315,-23.0559881],[-47.1409925,-23.0563414],[-47.1411417,-23.0564757],[-47.1412667,-23.0565537],[-47.1413777,-23.0565644],[-47.141455,-23.0566222],[-47.141474,-23.0566524],[-47.1415437,-23.0567221],[-47.1416534,-23.0567449],[-47.141704,-23.0567882],[-47.1417302,-23.0568672],[-47.1417816,-23.0568821],[-47.141811,-23.0568906],[-47.1418388,-23.0569089],[-47.1419142,-23.057082],[-47.1420194,-23.0571038],[-47.142127,-23.057096],[-47.1422124,-23.0570646],[-47.1422233,-23.0570606],[-47.1422855,-23.0569948],[-47.1423534,-23.0569945],[-47.1424267,-23.0570622],[-47.1425173,-23.0571067],[-47.1426186,-23.0571315],[-47.1427314,-23.0571737],[-47.1428228,-23.0572224],[-47.1428458,-23.057245],[-47.1428929,-23.0572922],[-47.1429291,-23.0573839],[-47.1429873,-23.0574604],[-47.1430584,-23.0575104],[-47.1431997,-23.05756],[-47.1432483,-23.0575771],[-47.1433191,-23.0575832],[-47.1434649,-23.0576448],[-47.1436005,-23.0577022],[-47.1436974,-23.0576793],[-47.143792,-23.0577034],[-47.1438391,-23.0577372],[-47.1438705,-23.0577597],[-47.1440147,-23.0579194],[-47.1440691,-23.0579518],[-47.1440997,-23.05797],[-47.1441709,-23.0579598],[-47.1441919,-23.0579405],[-47.144246,-23.0578909],[-47.1443175,-23.0577973],[-47.1444119,-23.05759],[-47.1444485,-23.0573623],[-47.1444447,-23.0572212],[-47.1444646,-23.0571256],[-47.1444756,-23.0571123],[-47.1445587,-23.0570649],[-47.1446891,-23.0569749],[-47.1447387,-23.0569223],[-47.1447319,-23.0568304],[-47.1447344,-23.056777],[-47.1447147,-23.0567483],[-47.1446816,-23.0567],[-47.1445939,-23.0566115],[-47.1445885,-23.0565907],[-47.1445978,-23.0565256],[-47.1446912,-23.0564762],[-47.1447776,-23.056419],[-47.144871,-23.0563749],[-47.1450149,-23.0563484],[-47.1452303,-23.0563271],[-47.1453288,-23.056302],[-47.1454467,-23.0562388],[-47.1455443,-23.0562228],[-47.1456479,-23.0561775],[-47.1458351,-23.0560236],[-47.1459111,-23.0559319],[-47.1459465,-23.0558301],[-47.1459659,-23.0557343],[-47.1459943,-23.0556422],[-47.1460229,-23.0555781],[-47.1460636,-23.0555339],[-47.146084,-23.0555228],[-47.1461607,-23.055481],[-47.1462271,-23.0554194],[-47.1464115,-23.0552481],[-47.1465204,-23.0551469],[-47.1392858,-23.0483168],[-47.1380999,-23.0475609],[-47.1380508,-23.0475043],[-47.1378981,-23.047304],[-47.1378222,-23.0471907],[-47.1377267,-23.0470292],[-47.1368125,-23.0453796],[-47.1364385,-23.0433969],[-47.1360081,-23.042409],[-47.1355284,-23.040789],[-47.1352221,-23.0391904],[-47.1350566,-23.0382215],[-47.1349949,-23.0376852],[-47.1347068,-23.0364419],[-47.1343026,-23.0350983],[-47.1338244,-23.0341409],[-47.1336005,-23.0337677],[-47.1331959,-23.0333099],[-47.13308,-23.0331528],[-47.1329401,-23.0330269],[-47.1329103,-23.0330151],[-47.1259156,-23.0247192],[-47.1224538,-23.0206128],[-47.1175364,-23.014089],[-47.1154183,-23.0099741],[-47.1140876,-23.0074734],[-47.1116888,-23.0023676],[-47.110682,-22.999804],[-47.1086777,-22.9937201]]]}},{"type":"Feature","properties":{"id":"proen\u00e7a","nome":"Proen\u00e7a","apg":4,"fonte_limite":"Prefeitura Municipal de Campinas - Portal de Metadados Geoespaciais, camada Historico de Populacao por APG","precisao":"Geometria oficial baixada em SHP e convertida para GeoJSON para uso no prototipo web","ID":4,"APG":"Proen\u00e7a","NOME_COMPL":"APG PROENCA","POP_2010":57319.0,"POP_2000":55692,"POP_1996":54316,"POP_1991":54829,"POP_1980":41651,"POP_1970":28477,"VAR_POPULA":29868,"VAR_PERC_P":83.34,"POP_2022":54338.0},"geometry":{"type":"Polygon","coordinates":[[[-47.0505826,-22.9075716],[-47.0500776,-22.9073546],[-47.0493664,-22.9070983],[-47.0489183,-22.9069007],[-47.0479651,-22.906365],[-47.0473303,-22.9059157],[-47.0472492,-22.9057915],[-47.0469919,-22.9058297],[-47.0466068,-22.9058759],[-47.0454204,-22.9060549],[-47.0439132,-22.906291],[-47.04334,-22.9064158],[-47.0429916,-22.9065738],[-47.0425273,-22.9068146],[-47.042314,-22.9068895],[-47.0421488,-22.9069278],[-47.0419054,-22.9069399],[-47.0416711,-22.9069159],[-47.0410047,-22.9066806],[-47.039849,-22.9063072],[-47.0391928,-22.9060989],[-47.0368418,-22.9053074],[-47.0367331,-22.9052095],[-47.0358785,-22.9048599],[-47.0331208,-22.903896],[-47.0323016,-22.9037369],[-47.0315991,-22.9049091],[-47.0298591,-22.9047058],[-47.0271899,-22.9060249],[-47.0271521,-22.9060751],[-47.0271308,-22.9061858],[-47.0271352,-22.9062468],[-47.0275904,-22.9068918],[-47.0276314,-22.9070191],[-47.027648,-22.9071239],[-47.0276323,-22.9072211],[-47.0270671,-22.9089089],[-47.0304679,-22.9096122],[-47.0302044,-22.9100814],[-47.0301973,-22.9111014],[-47.0298855,-22.9113255],[-47.0297736,-22.9115552],[-47.029431,-22.9121573],[-47.0288135,-22.9132583],[-47.0285237,-22.9134628],[-47.0281348,-22.9137632],[-47.0278441,-22.9140544],[-47.02768,-22.9142111],[-47.0274297,-22.9144362],[-47.027042,-22.9145072],[-47.026684,-22.9145256],[-47.0263718,-22.9146322],[-47.0259102,-22.914906],[-47.0257005,-22.9152647],[-47.0255856,-22.9164406],[-47.025012,-22.9166985],[-47.0247644,-22.917033],[-47.0248183,-22.9176975],[-47.0246357,-22.9179427],[-47.0243574,-22.9184793],[-47.0205034,-22.9164346],[-47.0185857,-22.9165507],[-47.0181216,-22.916534],[-47.0179296,-22.916508],[-47.0177911,-22.9164814],[-47.0175828,-22.9164005],[-47.0147968,-22.9151336],[-47.0144669,-22.9149863],[-47.0144879,-22.914807],[-47.0145018,-22.9135902],[-47.0143582,-22.9132296],[-47.0143344,-22.9132325],[-47.0140967,-22.9135592],[-47.0137218,-22.9145021],[-47.0136755,-22.9146766],[-47.012872,-22.9146887],[-47.0121894,-22.9146394],[-47.0120421,-22.9145623],[-47.0118797,-22.9144144],[-47.0116822,-22.914342],[-47.011236,-22.9144594],[-47.011137,-22.9140862],[-47.0110217,-22.9132627],[-47.010917,-22.9121567],[-47.0107579,-22.9108302],[-47.0106145,-22.9102069],[-47.0105486,-22.9099207],[-47.0105036,-22.909725],[-47.0102092,-22.9088058],[-47.0097152,-22.907261],[-47.0091485,-22.9054476],[-47.0086598,-22.9040411],[-47.0083963,-22.9034653],[-47.0082286,-22.9031503],[-47.0079527,-22.902786],[-47.007794,-22.9025799],[-47.0072564,-22.9018392],[-47.0069064,-22.9012921],[-47.0066127,-22.9006403],[-47.006416,-22.8999665],[-47.0063036,-22.8992143],[-47.0063005,-22.8985414],[-47.0064151,-22.8979179],[-47.0065149,-22.8975112],[-47.0066394,-22.8971425],[-47.0066626,-22.8968114],[-47.006423,-22.896982],[-47.005482,-22.8976375],[-47.0046646,-22.897998],[-47.0039446,-22.8981823],[-47.0030667,-22.8983431],[-47.0025337,-22.8984517],[-47.0008592,-22.8988544],[-47.0005289,-22.8989577],[-46.9995993,-22.8992487],[-46.9981536,-22.8996868],[-46.9974345,-22.8998874],[-46.9967413,-22.9000542],[-46.996103,-22.9001747],[-46.9957437,-22.9002366],[-46.9953672,-22.90029],[-46.9947685,-22.9003667],[-46.9942079,-22.9004202],[-46.9931935,-22.9004996],[-46.9921602,-22.9005702],[-46.9912933,-22.9006357],[-46.99052,-22.9006872],[-46.9880276,-22.9008709],[-46.9874348,-22.9009355],[-46.9871092,-22.9009755],[-46.9867288,-22.9010267],[-46.9859018,-22.9011837],[-46.9855091,-22.9012819],[-46.9849717,-22.9014282],[-46.9845918,-22.901543],[-46.9839323,-22.9017578],[-46.983459,-22.9019399],[-46.9828002,-22.9022277],[-46.9824612,-22.9023802],[-46.9817803,-22.9027353],[-46.9813392,-22.9029842],[-46.9808898,-22.9032575],[-46.9806073,-22.9034278],[-46.9806233,-22.9034597],[-46.9806397,-22.9034927],[-46.9806703,-22.9035387],[-46.980702,-22.9035865],[-46.9807763,-22.9036984],[-46.9809241,-22.903748],[-46.9809335,-22.9037512],[-46.9809682,-22.9037628],[-46.981201,-22.9037448],[-46.9813322,-22.9037667],[-46.9814453,-22.9038514],[-46.9815662,-22.9039274],[-46.9816887,-22.9040014],[-46.9818043,-22.9040837],[-46.9818851,-22.9041512],[-46.9819794,-22.9042966],[-46.982161,-22.9046664],[-46.9821791,-22.9048005],[-46.9822274,-22.9048973],[-46.9822545,-22.9049782],[-46.9822829,-22.9050695],[-46.9822894,-22.9050906],[-46.9823148,-22.9052143],[-46.9823761,-22.9053408],[-46.9824439,-22.9054374],[-46.9825561,-22.9055335],[-46.9826508,-22.9055784],[-46.9827505,-22.9055772],[-46.9828771,-22.9055346],[-46.9829924,-22.9054654],[-46.9830971,-22.9054343],[-46.9832292,-22.905474],[-46.9833365,-22.9055639],[-46.9834492,-22.9056503],[-46.9835367,-22.9057585],[-46.9836202,-22.9058696],[-46.9836807,-22.90599],[-46.983682,-22.906124],[-46.9836631,-22.9062584],[-46.983652,-22.9063932],[-46.9836497,-22.9065286],[-46.9836907,-22.9066552],[-46.98377,-22.906769],[-46.9838714,-22.9068656],[-46.983971,-22.9069646],[-46.9840684,-22.9070656],[-46.9841953,-22.9071297],[-46.9843355,-22.9071873],[-46.984469,-22.9072194],[-46.9845946,-22.9072221],[-46.9846152,-22.9072226],[-46.9847403,-22.9072642],[-46.9848363,-22.9073647],[-46.9849672,-22.9074227],[-46.9851041,-22.9074701],[-46.9852452,-22.9075031],[-46.9854685,-22.9075318],[-46.9856842,-22.9075722],[-46.9858889,-22.9076371],[-46.9860533,-22.9076856],[-46.9861477,-22.907728],[-46.986199,-22.9077646],[-46.9862235,-22.9078236],[-46.9862237,-22.9079744],[-46.9862305,-22.9080624],[-46.9862554,-22.908185],[-46.9863238,-22.9083205],[-46.9864028,-22.9083917],[-46.9864935,-22.9084735],[-46.9865173,-22.9085266],[-46.9865212,-22.9086014],[-46.9864924,-22.9087714],[-46.9864513,-22.908927],[-46.9864273,-22.9090663],[-46.9863834,-22.9092165],[-46.9863476,-22.9093319],[-46.9863576,-22.9094157],[-46.986405,-22.9095007],[-46.9865303,-22.9095766],[-46.9866287,-22.9095914],[-46.9867266,-22.9095795],[-46.9868161,-22.9095757],[-46.9868885,-22.9095962],[-46.9869412,-22.909649],[-46.9870089,-22.9097417],[-46.987097,-22.9098395],[-46.987179,-22.9099161],[-46.987278,-22.9099789],[-46.9873947,-22.910063],[-46.9874922,-22.9101458],[-46.9876328,-22.9102858],[-46.9877384,-22.910394],[-46.9878176,-22.9104866],[-46.9878737,-22.9105714],[-46.9879262,-22.9106055],[-46.9880739,-22.9106384],[-46.9882591,-22.9106708],[-46.988431,-22.9106879],[-46.9886591,-22.9106958],[-46.9888259,-22.9106509],[-46.9889754,-22.9106143],[-46.9890968,-22.9106234],[-46.9892709,-22.9106854],[-46.9894377,-22.910764],[-46.9895076,-22.9108032],[-46.989528,-22.9108217],[-46.9895261,-22.9108436],[-46.9895369,-22.911057],[-46.9895363,-22.9112433],[-46.9895305,-22.9112928],[-46.9895105,-22.9114617],[-46.9895068,-22.911679],[-46.9895219,-22.9118937],[-46.9895577,-22.9120777],[-46.9896112,-22.9122563],[-46.9896802,-22.912477],[-46.9897172,-22.9126907],[-46.9897531,-22.9128759],[-46.9898008,-22.9130532],[-46.9898597,-22.9132603],[-46.9899378,-22.9134514],[-46.9899664,-22.9136352],[-46.990052,-22.913802],[-46.9901801,-22.9139613],[-46.9902186,-22.9141694],[-46.990226,-22.9143576],[-46.9902543,-22.9145563],[-46.9903077,-22.9147546],[-46.9903922,-22.9149174],[-46.9905205,-22.9150862],[-46.990577,-22.9152514],[-46.9906591,-22.9154749],[-46.9906904,-22.9156696],[-46.9906935,-22.9158086],[-46.9906913,-22.9158246],[-46.9906846,-22.9158744],[-46.9906804,-22.9159044],[-46.9906502,-22.9161538],[-46.9906449,-22.9163642],[-46.9906777,-22.916567],[-46.9908202,-22.9167331],[-46.9909321,-22.9168948],[-46.9909687,-22.9169721],[-46.9909875,-22.9170546],[-46.9910292,-22.9170911],[-46.9911006,-22.9171538],[-46.9911178,-22.9172462],[-46.991107,-22.9172811],[-46.9911059,-22.9173441],[-46.991089,-22.9174053],[-46.991041,-22.9175235],[-46.9910317,-22.917586],[-46.9910323,-22.9177756],[-46.9910412,-22.9178381],[-46.9910572,-22.9178997],[-46.9910767,-22.9179602],[-46.9911024,-22.9180186],[-46.9911402,-22.9180712],[-46.9912243,-22.9181707],[-46.9912994,-22.9182762],[-46.9914124,-22.9184342],[-46.9914418,-22.9184912],[-46.9914848,-22.9186111],[-46.9915166,-22.9186669],[-46.9915521,-22.9187208],[-46.9915836,-22.9187769],[-46.9916122,-22.9188343],[-46.9916401,-22.918892],[-46.9916632,-22.9189514],[-46.9916923,-22.9190749],[-46.9917144,-22.9191345],[-46.9917491,-22.9191889],[-46.9918262,-22.9192616],[-46.9919032,-22.9193766],[-46.991978,-22.919493],[-46.9920481,-22.9196118],[-46.9921477,-22.9197424],[-46.9922216,-22.9198957],[-46.9921856,-22.9200268],[-46.9921363,-22.9201544],[-46.9920783,-22.9202785],[-46.9920121,-22.920399],[-46.9918568,-22.9206285],[-46.9917824,-22.920745],[-46.9917173,-22.9208663],[-46.9917023,-22.9209971],[-46.9917176,-22.9210789],[-46.991721,-22.9210967],[-46.9917272,-22.9211307],[-46.9917344,-22.9212656],[-46.9917249,-22.9214004],[-46.9916747,-22.9215257],[-46.9916146,-22.9216487],[-46.9915779,-22.9217786],[-46.9915982,-22.9219127],[-46.9916136,-22.9220474],[-46.9916234,-22.9221824],[-46.9916303,-22.9224533],[-46.9916363,-22.9225885],[-46.9916631,-22.9228582],[-46.9916824,-22.922992],[-46.9917599,-22.9231065],[-46.9918411,-22.9232192],[-46.9918562,-22.923351],[-46.991855,-22.9234863],[-46.9918484,-22.9236216],[-46.9918058,-22.9237512],[-46.991775,-22.9238831],[-46.9917613,-22.9239784],[-46.9917813,-22.9240604],[-46.9917787,-22.9241236],[-46.9917727,-22.9241866],[-46.9917601,-22.9242487],[-46.9917391,-22.9243088],[-46.9917096,-22.9243657],[-46.9916728,-22.9244188],[-46.9916321,-22.9244695],[-46.9915893,-22.9245188],[-46.991543,-22.9245651],[-46.9914921,-22.9246073],[-46.9914394,-22.9246473],[-46.9913877,-22.9246886],[-46.9913416,-22.9247351],[-46.9913066,-22.9247892],[-46.991279,-22.924847],[-46.9912497,-22.9249041],[-46.9912171,-22.9249595],[-46.9911841,-22.9250149],[-46.9911514,-22.9250703],[-46.991116,-22.9251244],[-46.9910754,-22.9251751],[-46.9910275,-22.9252201],[-46.9909735,-22.9252586],[-46.9909188,-22.9252964],[-46.9908675,-22.925338],[-46.990817,-22.9253806],[-46.9907645,-22.9254209],[-46.9907126,-22.925462],[-46.9906656,-22.9255076],[-46.9906196,-22.9255544],[-46.9905689,-22.9255967],[-46.9905139,-22.9256341],[-46.9904585,-22.9256709],[-46.9904034,-22.9257082],[-46.9903475,-22.9257444],[-46.9902946,-22.9257842],[-46.990265,-22.9258396],[-46.990278,-22.9259011],[-46.9903105,-22.9259565],[-46.9903534,-22.9260056],[-46.9904028,-22.9260492],[-46.9904559,-22.9260889],[-46.9905141,-22.9261219],[-46.9905778,-22.9261442],[-46.990644,-22.926159],[-46.9907109,-22.9261718],[-46.9907778,-22.9261836],[-46.9908453,-22.9261937],[-46.9909127,-22.9262033],[-46.9909798,-22.9262145],[-46.9910464,-22.9262285],[-46.9911119,-22.926246],[-46.9911761,-22.9262675],[-46.9912388,-22.9262925],[-46.9912998,-22.9263206],[-46.9913575,-22.9263543],[-46.9914083,-22.9263964],[-46.9914545,-22.9264428],[-46.9915043,-22.9264862],[-46.9915545,-22.9265289],[-46.9915957,-22.926579],[-46.9916258,-22.9266357],[-46.9916563,-22.9266922],[-46.9916866,-22.9267487],[-46.9916918,-22.9268111],[-46.9916732,-22.9268718],[-46.9916447,-22.9269292],[-46.9916142,-22.9269858],[-46.9915848,-22.9270428],[-46.9915568,-22.9271004],[-46.9915308,-22.9271589],[-46.9915078,-22.9272184],[-46.9914889,-22.927279],[-46.9914733,-22.9273405],[-46.9914604,-22.9274027],[-46.991451,-22.9274653],[-46.9914459,-22.9275283],[-46.9914462,-22.9275915],[-46.9914528,-22.9276543],[-46.9914629,-22.9277168],[-46.9914714,-22.9277795],[-46.9914815,-22.927842],[-46.9915031,-22.9279018],[-46.9915374,-22.9279564],[-46.9915751,-22.9280091],[-46.9916122,-22.9280621],[-46.9916519,-22.9281134],[-46.9916957,-22.9281619],[-46.9917376,-22.9282118],[-46.9917747,-22.9282648],[-46.9918114,-22.9283182],[-46.9918521,-22.9283615],[-46.9918854,-22.9284125],[-46.9919067,-22.9284732],[-46.9919302,-22.9285443],[-46.9919575,-22.9286022],[-46.9919865,-22.9286594],[-46.9920141,-22.9287173],[-46.992043,-22.9287746],[-46.9920774,-22.928829],[-46.9921184,-22.9288796],[-46.9921616,-22.9289284],[-46.9922041,-22.9289778],[-46.9922456,-22.9290281],[-46.9922863,-22.9290787],[-46.9923248,-22.9291309],[-46.9923607,-22.9291848],[-46.9924003,-22.9292361],[-46.9924511,-22.9292782],[-46.9925089,-22.9293115],[-46.992568,-22.9293431],[-46.9926275,-22.929374],[-46.9926902,-22.929399],[-46.9927553,-22.9294176],[-46.9928211,-22.9294343],[-46.9928868,-22.9294514],[-46.9929526,-22.929468],[-46.9930188,-22.9294836],[-46.9930846,-22.9295002],[-46.9931495,-22.9295196],[-46.9932134,-22.929542],[-46.9932758,-22.9295674],[-46.9933371,-22.929595],[-46.9933981,-22.9296236],[-46.993459,-22.9296519],[-46.9935207,-22.9296791],[-46.9935828,-22.9297052],[-46.9936448,-22.9297315],[-46.9937051,-22.9297612],[-46.9937587,-22.9298001],[-46.9938036,-22.9298476],[-46.9938461,-22.9298969],[-46.9938893,-22.9299459],[-46.9939244,-22.9299999],[-46.9939571,-22.9300737],[-46.9939845,-22.9301128],[-46.994031,-22.9301589],[-46.9940787,-22.9302042],[-46.9941222,-22.9302528],[-46.9941657,-22.9303015],[-46.994214,-22.9303461],[-46.9942643,-22.9303888],[-46.9943093,-22.9304362],[-46.99435,-22.930487],[-46.9943961,-22.9305335],[-46.9944499,-22.9305721],[-46.9945052,-22.9306092],[-46.9945574,-22.9306498],[-46.9946065,-22.9306937],[-46.9946525,-22.9307405],[-46.9946939,-22.9307907],[-46.9947293,-22.9308446],[-46.9947598,-22.9309011],[-46.9947869,-22.9309592],[-46.9948134,-22.9310174],[-46.9948431,-22.9310743],[-46.9948786,-22.9311283],[-46.994922,-22.931177],[-46.9949713,-22.9312204],[-46.9950226,-22.9312623],[-46.9950737,-22.9313041],[-46.9951262,-22.9313443],[-46.9951813,-22.9313817],[-46.9952389,-22.9314157],[-46.9952987,-22.931446],[-46.9953608,-22.9314722],[-46.9954247,-22.9314944],[-46.9954888,-22.9315159],[-46.9955519,-22.9315401],[-46.9956145,-22.9315653],[-46.9956781,-22.9315882],[-46.9957426,-22.9316086],[-46.9958073,-22.9316287],[-46.9958722,-22.9316481],[-46.9959384,-22.9316636],[-46.9960054,-22.9316755],[-46.9960717,-22.9316905],[-46.9961356,-22.9317125],[-46.996196,-22.9317418],[-46.9962525,-22.9317771],[-46.9963064,-22.931816],[-46.9963592,-22.9318561],[-46.9964109,-22.9318974],[-46.9964608,-22.9319405],[-46.9965077,-22.9319863],[-46.9965505,-22.9320355],[-46.9965858,-22.9320895],[-46.9966088,-22.9321489],[-46.9966238,-22.9322104],[-46.9966429,-22.9322711],[-46.9966706,-22.9323289],[-46.9967032,-22.9323844],[-46.9967375,-22.932439],[-46.9967712,-22.9324939],[-46.9968035,-22.9325496],[-46.9968383,-22.9326039],[-46.9968774,-22.9326557],[-46.9969141,-22.932709],[-46.9969412,-22.932767],[-46.9969634,-22.9328267],[-46.9969884,-22.9328855],[-46.9970157,-22.9329434],[-46.9970407,-22.9330022],[-46.997064,-22.9330616],[-46.9970896,-22.9331202],[-46.9971181,-22.9331777],[-46.9971461,-22.9332353],[-46.9971724,-22.9332935],[-46.9971991,-22.9333517],[-46.9972275,-22.9334092],[-46.9972572,-22.9334661],[-46.9972871,-22.9335229],[-46.9973156,-22.9335803],[-46.9973425,-22.9336384],[-46.9973746,-22.9336941],[-46.9974186,-22.9337423],[-46.997468,-22.9337859],[-46.9975127,-22.9338334],[-46.9975526,-22.9338848],[-46.9975937,-22.9339353],[-46.9976358,-22.9339849],[-46.9976721,-22.9340384],[-46.9977004,-22.9340959],[-46.9977265,-22.9341543],[-46.9977535,-22.9342123],[-46.9977781,-22.9342713],[-46.9977982,-22.9343316],[-46.9978197,-22.9343917],[-46.9978479,-22.9344491],[-46.9978803,-22.9345047],[-46.9979129,-22.9345603],[-46.9979452,-22.934616],[-46.9979778,-22.9346715],[-46.9980108,-22.9347268],[-46.9980439,-22.9347821],[-46.9980745,-22.9348385],[-46.9980978,-22.9348979],[-46.9981109,-22.9349599],[-46.9981157,-22.9350229],[-46.99812,-22.9350859],[-46.998102,-22.9351519],[-46.9980897,-22.935217],[-46.9980808,-22.9352599],[-46.9982644,-22.9352846],[-46.9984108,-22.9352596],[-46.9984786,-22.9352496],[-46.9984963,-22.9352469],[-46.998604,-22.9351061],[-46.99863,-22.9350677],[-46.9987112,-22.9349495],[-46.9990842,-22.9343579],[-46.9995174,-22.9336513],[-46.9998342,-22.9331411],[-47.0000296,-22.9328636],[-47.0001625,-22.9327029],[-47.0002891,-22.9325647],[-47.0004945,-22.9323773],[-47.0006706,-22.9322313],[-47.0008421,-22.9321212],[-47.0009507,-22.9320569],[-47.0011142,-22.9319711],[-47.0013854,-22.931845],[-47.0016738,-22.9317414],[-47.0019856,-22.9316614],[-47.002133,-22.9316343],[-47.002281,-22.9316138],[-47.0024283,-22.9315995],[-47.0025743,-22.9315912],[-47.0027489,-22.9315891],[-47.0029332,-22.931595],[-47.00314,-22.9316032],[-47.0032273,-22.9316063],[-47.0039957,-22.931644],[-47.0042634,-22.9316495],[-47.0046123,-22.9316441],[-47.0048691,-22.9316336],[-47.0051696,-22.9316124],[-47.005625,-22.9315804],[-47.0062443,-22.9315369],[-47.006674,-22.9314979],[-47.0068201,-22.9314846],[-47.0069294,-22.9314726],[-47.0070711,-22.9314544],[-47.0073446,-22.9314116],[-47.0076765,-22.931351],[-47.0080407,-22.9312744],[-47.0087589,-22.9311205],[-47.0090427,-22.9310657],[-47.0091854,-22.9310403],[-47.0093986,-22.9310088],[-47.0095691,-22.9309888],[-47.0096583,-22.9309797],[-47.0100739,-22.9309426],[-47.0108382,-22.9308795],[-47.0109655,-22.9308741],[-47.0111084,-22.9308678],[-47.0112034,-22.9308649],[-47.0114072,-22.9308657],[-47.0116663,-22.9308766],[-47.0118984,-22.9309023],[-47.0121769,-22.9309423],[-47.0124473,-22.9309972],[-47.0136565,-22.9312484],[-47.0140458,-22.9313275],[-47.0142184,-22.9313565],[-47.014424,-22.9313871],[-47.0146693,-22.9314151],[-47.0149379,-22.9314351],[-47.0153771,-22.9314467],[-47.0159163,-22.9314545],[-47.016585,-22.9314624],[-47.0179015,-22.9314829],[-47.0184277,-22.9314872],[-47.019104,-22.9314958],[-47.019696,-22.9314961],[-47.019882,-22.9314888],[-47.020068,-22.9314723],[-47.0202519,-22.9314506],[-47.0204346,-22.9314233],[-47.0205777,-22.931396],[-47.0207837,-22.9313543],[-47.0209908,-22.9312994],[-47.0214397,-22.9311493],[-47.0216286,-22.9310659],[-47.0221793,-22.9308432],[-47.0225162,-22.9307245],[-47.0226868,-22.9306681],[-47.0229023,-22.9306108],[-47.0233156,-22.9305173],[-47.0240497,-22.9303795],[-47.024561,-22.9302797],[-47.0249311,-22.9302212],[-47.0251601,-22.9301968],[-47.0253665,-22.9301844],[-47.0255677,-22.9301856],[-47.0258251,-22.9301981],[-47.0260265,-22.9302178],[-47.0262109,-22.9302484],[-47.0263705,-22.930284],[-47.0266163,-22.9303433],[-47.0268783,-22.9304225],[-47.027521,-22.9306497],[-47.0281911,-22.9308787],[-47.0284158,-22.9309367],[-47.0286484,-22.9309944],[-47.0287523,-22.9310082],[-47.0289559,-22.931026],[-47.0292704,-22.9310405],[-47.0294846,-22.9310422],[-47.0297297,-22.931028],[-47.0299379,-22.9310042],[-47.0301331,-22.9309697],[-47.0303413,-22.9309264],[-47.030533,-22.9308714],[-47.0307339,-22.930806],[-47.0309555,-22.9307203],[-47.0311631,-22.930621],[-47.0314501,-22.9304637],[-47.0316824,-22.9303151],[-47.0318859,-22.9301672],[-47.0321714,-22.9299144],[-47.0324134,-22.929673],[-47.0327116,-22.9293103],[-47.0329034,-22.9289773],[-47.0329959,-22.9288072],[-47.033126,-22.9284935],[-47.0332326,-22.9281194],[-47.0332862,-22.92787],[-47.0333403,-22.9275453],[-47.0334068,-22.9271148],[-47.0335046,-22.9265788],[-47.0335484,-22.9263828],[-47.0336161,-22.9261555],[-47.033718,-22.9258632],[-47.0338954,-22.9255214],[-47.0340935,-22.9252321],[-47.03417,-22.9251355],[-47.0343718,-22.9249146],[-47.0345396,-22.9247582],[-47.0347387,-22.9246019],[-47.0349119,-22.924484],[-47.0350893,-22.9243771],[-47.0352,-22.9243122],[-47.0355206,-22.9241623],[-47.0358884,-22.9240444],[-47.0361601,-22.9239785],[-47.0363501,-22.9239479],[-47.036514,-22.923926],[-47.0367359,-22.9239093],[-47.0370186,-22.9239141],[-47.0371855,-22.9239181],[-47.0373516,-22.9239396],[-47.037633,-22.9239834],[-47.0378265,-22.9240294],[-47.0379759,-22.9240797],[-47.0382215,-22.9241673],[-47.0384733,-22.9242737],[-47.0386763,-22.9243747],[-47.0388917,-22.9244925],[-47.0389087,-22.9245017],[-47.0398324,-22.9249865],[-47.0400398,-22.9250854],[-47.0402377,-22.925172],[-47.0405456,-22.9252759],[-47.0407648,-22.9253369],[-47.0410586,-22.9254012],[-47.0412902,-22.9254372],[-47.0414962,-22.9254537],[-47.0417407,-22.9254666],[-47.0421444,-22.9254503],[-47.0423491,-22.9254298],[-47.0426958,-22.9253666],[-47.0429271,-22.9253029],[-47.043136,-22.9252302],[-47.0432627,-22.9251838],[-47.0434554,-22.925105],[-47.0437959,-22.9249312],[-47.0442771,-22.9246396],[-47.0461756,-22.9234623],[-47.0469175,-22.9230037],[-47.0475886,-22.9225902],[-47.0477776,-22.9224624],[-47.0479412,-22.9223494],[-47.0480258,-22.922284],[-47.0481453,-22.9221899],[-47.0484323,-22.9219279],[-47.0485698,-22.9217762],[-47.0487297,-22.921566],[-47.0488704,-22.9213603],[-47.0489961,-22.9211508],[-47.0491056,-22.920892],[-47.0491219,-22.9208501],[-47.0491863,-22.9206779],[-47.049241,-22.9204815],[-47.0492707,-22.9203527],[-47.049326,-22.9200285],[-47.0493447,-22.919879],[-47.0493678,-22.9195994],[-47.0494001,-22.9192652],[-47.0494306,-22.9189494],[-47.0494706,-22.918717],[-47.0495352,-22.9184618],[-47.049609,-22.9182129],[-47.0496638,-22.9180828],[-47.0497318,-22.917942],[-47.0499555,-22.9175442],[-47.0506064,-22.9166632],[-47.0508056,-22.9163811],[-47.0512845,-22.9157208],[-47.0514672,-22.9154869],[-47.0516496,-22.9152766],[-47.0517963,-22.9151266],[-47.051973,-22.9149665],[-47.0521252,-22.914848],[-47.0522864,-22.9147324],[-47.0524447,-22.9146294],[-47.0526318,-22.9145237],[-47.0529198,-22.9143859],[-47.0532314,-22.9142798],[-47.0536338,-22.9141753],[-47.053886,-22.9141255],[-47.0541222,-22.9140987],[-47.0544756,-22.9140685],[-47.054851,-22.9140656],[-47.0550618,-22.9140712],[-47.0553039,-22.9140775],[-47.0557064,-22.914082],[-47.056293,-22.9140804],[-47.0564905,-22.9140685],[-47.0567135,-22.9140485],[-47.0568629,-22.9140339],[-47.0570352,-22.9140076],[-47.0573242,-22.9139508],[-47.0575907,-22.9138811],[-47.0577901,-22.9138153],[-47.0580287,-22.913723],[-47.0581742,-22.9136614],[-47.0583478,-22.9135815],[-47.0585698,-22.9134622],[-47.058829,-22.9133072],[-47.0589584,-22.9132187],[-47.0588809,-22.9124779],[-47.0587203,-22.9120858],[-47.0583535,-22.9117083],[-47.0580679,-22.9115806],[-47.0558885,-22.910713],[-47.0551617,-22.9103998],[-47.0525789,-22.9092865],[-47.0512691,-22.9087898],[-47.0508883,-22.9083288],[-47.0505826,-22.9075716]]]}},{"type":"Feature","properties":{"id":"imperador","nome":"Imperador","apg":5,"fonte_limite":"Prefeitura Municipal de Campinas - Portal de Metadados Geoespaciais, camada Historico de Populacao por APG","precisao":"Geometria oficial baixada em SHP e convertida para GeoJSON para uso no prototipo web","ID":5,"APG":"Imperador","NOME_COMPL":"APG IMPERADOR","POP_2010":15756.0,"POP_2000":11558,"POP_1996":4165,"POP_1991":3341,"POP_1980":1745,"POP_1970":477,"VAR_POPULA":15279,"VAR_PERC_P":595.76,"POP_2022":22113.0},"geometry":{"type":"Polygon","coordinates":[[[-47.0066626,-22.8968114],[-47.0068254,-22.896547],[-47.0070497,-22.8961903],[-47.0079824,-22.8947453],[-47.0096803,-22.8919658],[-47.0099136,-22.8915733],[-47.010374,-22.8907685],[-47.010767,-22.8900398],[-47.0111925,-22.8892012],[-47.0114423,-22.8886926],[-47.0116611,-22.8881985],[-47.0118114,-22.8878304],[-47.0120931,-22.8871325],[-47.0124417,-22.8862564],[-47.0124498,-22.8862362],[-47.0130091,-22.8848189],[-47.0134504,-22.8837028],[-47.0140158,-22.8822731],[-47.0142012,-22.8818041],[-47.0152481,-22.8791603],[-47.0158546,-22.8776187],[-47.0164911,-22.8760089],[-47.0167183,-22.8754359],[-47.0204711,-22.8659647],[-47.0223446,-22.8612167],[-47.0229395,-22.8597176],[-47.0235388,-22.8581921],[-47.0242009,-22.8565189],[-47.0244222,-22.855957],[-47.0246491,-22.8554002],[-47.0248531,-22.8548795],[-47.0249951,-22.8545266],[-47.025165,-22.8540897],[-47.0253692,-22.8536101],[-47.0254973,-22.8533426],[-47.0256244,-22.8531088],[-47.0258104,-22.8528034],[-47.0260224,-22.8524967],[-47.026222,-22.852228],[-47.0264667,-22.8519257],[-47.0267011,-22.8516824],[-47.0268935,-22.8514878],[-47.0271013,-22.8512856],[-47.0273797,-22.8510548],[-47.0276679,-22.8508282],[-47.0286641,-22.8500597],[-47.0290114,-22.8497954],[-47.0291287,-22.8496976],[-47.0322044,-22.8473122],[-47.0336721,-22.8461864],[-47.0338812,-22.8460295],[-47.0341466,-22.8458302],[-47.0345219,-22.8455483],[-47.035003,-22.845228],[-47.0354608,-22.8449664],[-47.0359024,-22.8447638],[-47.0364326,-22.8445701],[-47.0367127,-22.8444658],[-47.0370278,-22.8443807],[-47.0376517,-22.8442708],[-47.0385358,-22.8441813],[-47.0376062,-22.8428102],[-47.0370214,-22.8418911],[-47.0367042,-22.8412315],[-47.0362357,-22.8400037],[-47.0359592,-22.8394428],[-47.0335165,-22.8348199],[-47.0333377,-22.8344036],[-47.0331339,-22.8338687],[-47.03305,-22.8335701],[-47.0328759,-22.8328912],[-47.032829,-22.8323007],[-47.0327974,-22.8319775],[-47.0328175,-22.831297],[-47.0328975,-22.8306028],[-47.0330559,-22.8298784],[-47.0331984,-22.829369],[-47.033417,-22.8288307],[-47.0336336,-22.8283949],[-47.0338297,-22.828027],[-47.0341171,-22.8276001],[-47.0354706,-22.8258764],[-47.036377,-22.8247987],[-47.0368139,-22.8242381],[-47.0371148,-22.8236587],[-47.0373365,-22.8230061],[-47.037438,-22.8223946],[-47.0374206,-22.8216571],[-47.0367126,-22.8182346],[-47.0362257,-22.8165865],[-47.0353185,-22.8135631],[-47.0344399,-22.8106382],[-47.0336873,-22.8081862],[-47.0332109,-22.8065041],[-47.0330655,-22.8057774],[-47.0329544,-22.8042521],[-47.0326816,-22.8009793],[-47.0324255,-22.7977847],[-47.0319453,-22.7922451],[-47.0316989,-22.7910274],[-47.0311796,-22.7896301],[-47.0306866,-22.7885051],[-47.0300534,-22.7873673],[-47.0295627,-22.7866608],[-47.0265129,-22.782269],[-47.0236085,-22.7779865],[-47.0230986,-22.7770773],[-47.0227128,-22.7759803],[-47.0225311,-22.7751256],[-47.0223994,-22.7740646],[-47.0220833,-22.7695267],[-47.0214737,-22.7638353],[-47.0213863,-22.762278],[-47.0202893,-22.7500374],[-47.0198076,-22.7450721],[-47.0196626,-22.7441924],[-47.019493,-22.7434307],[-47.0183922,-22.7400116],[-47.0179223,-22.7385729],[-47.0175591,-22.7373926],[-47.0173936,-22.7374573],[-47.0173935,-22.7374573],[-47.0173936,-22.7374573],[-47.0163958,-22.7377473],[-47.0158935,-22.7378613],[-47.0154473,-22.7377912],[-47.0149569,-22.737545],[-47.0146902,-22.7374459],[-47.0143375,-22.737368],[-47.0143375,-22.737368],[-47.0138918,-22.7373591],[-47.0136191,-22.7374163],[-47.0133039,-22.7375759],[-47.0128665,-22.7377163],[-47.0123639,-22.7377862],[-47.0116999,-22.7378671],[-47.0113822,-22.7380944],[-47.0112069,-22.7384725],[-47.0107767,-22.7392853],[-47.0107413,-22.7398382],[-47.0107223,-22.740217],[-47.0107806,-22.7408201],[-47.0107184,-22.7412095],[-47.01085,-22.7414537],[-47.0108944,-22.741617],[-47.0108637,-22.7418731],[-47.0107682,-22.7421504],[-47.0106296,-22.7424485],[-47.010393,-22.7426659],[-47.0102644,-22.7428412],[-47.0101906,-22.7431183],[-47.0101822,-22.7434764],[-47.0102818,-22.7437926],[-47.0104897,-22.7440974],[-47.0107729,-22.7443706],[-47.0111213,-22.7446433],[-47.0113721,-22.7449067],[-47.0116574,-22.7454767],[-47.0126562,-22.746146],[-47.0127145,-22.7463551],[-47.012712,-22.746556],[-47.0126092,-22.746775],[-47.012609,-22.7467752],[-47.012302,-22.7471721],[-47.0121167,-22.7473621],[-47.0118099,-22.7475063],[-47.011617,-22.7476397],[-47.0116125,-22.7478584],[-47.0115213,-22.7482946],[-47.0113157,-22.7487122],[-47.0111931,-22.7489689],[-47.0111989,-22.7491634],[-47.0112507,-22.7493112],[-47.0115656,-22.7498735],[-47.0119974,-22.7505971],[-47.0123063,-22.7510721],[-47.0126128,-22.7514968],[-47.0127996,-22.751569],[-47.0130411,-22.7515537],[-47.0132808,-22.7514372],[-47.0135357,-22.7510993],[-47.0139756,-22.7506171],[-47.0142785,-22.7501771],[-47.0145804,-22.7495884],[-47.0146499,-22.7491696],[-47.0147986,-22.7490474],[-47.0149744,-22.7489483],[-47.0152031,-22.7489135],[-47.0154968,-22.7489097],[-47.0157331,-22.7489015],[-47.015913,-22.7489712],[-47.0160219,-22.7490789],[-47.0160689,-22.7492581],[-47.0160559,-22.7495576],[-47.0159495,-22.7500275],[-47.0158637,-22.7502648],[-47.0151126,-22.7521441],[-47.0148015,-22.7529948],[-47.0145852,-22.7536065],[-47.0143353,-22.7540869],[-47.0139611,-22.754696],[-47.0135244,-22.7550655],[-47.0130235,-22.7553517],[-47.0127982,-22.7555215],[-47.0125362,-22.7558255],[-47.0122959,-22.7560867],[-47.0122197,-22.7562933],[-47.0121406,-22.7564615],[-47.0121227,-22.7566772],[-47.012223,-22.7568959],[-47.0124181,-22.7570773],[-47.0125655,-22.7571768],[-47.0126459,-22.7572502],[-47.0128322,-22.7572736],[-47.0131162,-22.7572398],[-47.0131186,-22.7572395],[-47.0132555,-22.7572623],[-47.0133201,-22.7573466],[-47.0133444,-22.7575044],[-47.0133283,-22.7578693],[-47.0133436,-22.7581326],[-47.0133566,-22.7584022],[-47.0134605,-22.7586878],[-47.0135063,-22.7588138],[-47.0137496,-22.7594166],[-47.0139785,-22.7597236],[-47.0141364,-22.7599158],[-47.0142886,-22.7601073],[-47.0142912,-22.7603296],[-47.0142931,-22.7604578],[-47.0141654,-22.7606578],[-47.0141222,-22.7607761],[-47.013908,-22.7609383],[-47.0135806,-22.7611265],[-47.0131948,-22.7612107],[-47.0124461,-22.7611374],[-47.0119688,-22.7610145],[-47.0114318,-22.7609084],[-47.0110306,-22.7608807],[-47.0103361,-22.7607259],[-47.0099106,-22.7605192],[-47.0095727,-22.7603054],[-47.0092812,-22.7599662],[-47.0090119,-22.7594426],[-47.008678,-22.7586575],[-47.0084354,-22.7581875],[-47.0082136,-22.7577134],[-47.0080685,-22.7574308],[-47.0078988,-22.7570581],[-47.0076012,-22.7564501],[-47.0074544,-22.7561724],[-47.0072757,-22.7558527],[-47.0069832,-22.7556337],[-47.0066982,-22.7555455],[-47.00635,-22.7554488],[-47.0059592,-22.7553451],[-47.0057004,-22.7552997],[-47.0052899,-22.7552841],[-47.0050579,-22.7552827],[-47.0046885,-22.755232],[-47.004281,-22.7549409],[-47.0041436,-22.7547426],[-47.0039416,-22.754527],[-47.0038116,-22.7543694],[-47.0036893,-22.7541843],[-47.0034577,-22.7541041],[-47.0033031,-22.7541303],[-47.0032316,-22.7542141],[-47.0031879,-22.754397],[-47.0031676,-22.7545571],[-47.0031701,-22.7546704],[-47.0031183,-22.754876],[-47.0027516,-22.7550591],[-47.002609,-22.7550816],[-47.0024831,-22.7551579],[-47.0023979,-22.755321],[-47.0022642,-22.7553802],[-47.0021531,-22.7554133],[-47.0020605,-22.7554422],[-47.0019321,-22.7554382],[-47.0018214,-22.7553738],[-47.0016539,-22.7552965],[-47.001484,-22.75532],[-47.0014096,-22.7553709],[-47.0013425,-22.7555169],[-47.001144,-22.7556219],[-47.0009583,-22.755631],[-47.0008318,-22.7556898],[-47.0005725,-22.7561615],[-47.0005724,-22.7561615],[-47.0005725,-22.7561615],[-46.9995585,-22.7568489],[-46.9985172,-22.7569961],[-46.99801,-22.7574061],[-46.9977473,-22.758075],[-46.9977031,-22.7593977],[-46.9974371,-22.7598254],[-46.9970574,-22.7599974],[-46.9957049,-22.7604269],[-46.9943511,-22.7606473],[-46.9934187,-22.7611788],[-46.9929118,-22.7616644],[-46.9925474,-22.7622602],[-46.9921349,-22.7635373],[-46.9917956,-22.7643551],[-46.9910812,-22.7651841],[-46.9902565,-22.765893],[-46.9899041,-22.7663584],[-46.9896059,-22.7670494],[-46.9895312,-22.7678257],[-46.9896739,-22.7690257],[-46.9901891,-22.7704997],[-46.9904901,-22.7712227],[-46.9911911,-22.7717937],[-46.9920818,-22.7722006],[-46.9930025,-22.7725184],[-46.9932768,-22.7730453],[-46.9931611,-22.774613],[-46.9933919,-22.7751517],[-46.9936409,-22.7756353],[-46.9944227,-22.7759291],[-46.9960526,-22.7764929],[-46.9960527,-22.7764929],[-46.9966661,-22.77669],[-46.9968837,-22.7768667],[-46.9971698,-22.7770423],[-46.9973686,-22.7772159],[-46.997475,-22.7773332],[-46.9976325,-22.777511],[-46.9978247,-22.7777281],[-46.9982789,-22.7782372],[-46.9982789,-22.7782372],[-46.998505,-22.7786891],[-46.9985364,-22.7792428],[-46.9985672,-22.7794443],[-46.9985513,-22.7796154],[-46.9984828,-22.7797018],[-46.9982709,-22.7797915],[-46.9981168,-22.7798161],[-46.9980539,-22.7798676],[-46.998026,-22.7799147],[-46.9980065,-22.7800605],[-46.9980309,-22.7802168],[-46.9980086,-22.7803322],[-46.9978045,-22.7810261],[-46.9977353,-22.781264],[-46.9977308,-22.7813423],[-46.9977578,-22.7814306],[-46.99779,-22.7815114],[-46.9977992,-22.781635],[-46.9976096,-22.7822131],[-46.9975241,-22.7824988],[-46.9975012,-22.7827212],[-46.9974987,-22.7829497],[-46.9974554,-22.7831043],[-46.9973866,-22.7832691],[-46.9974217,-22.7834487],[-46.9974774,-22.7836315],[-46.9976791,-22.7838479],[-46.997721,-22.7839015],[-46.9977305,-22.7839801],[-46.9977048,-22.7841449],[-46.9976402,-22.7842841],[-46.9974986,-22.7844295],[-46.9973173,-22.7845466],[-46.9971491,-22.784608],[-46.9969087,-22.7847378],[-46.9966956,-22.784906],[-46.9965517,-22.7849414],[-46.9963734,-22.7848824],[-46.9961858,-22.7845406],[-46.9960282,-22.7844427],[-46.9958131,-22.7844191],[-46.9956225,-22.7844478],[-46.9954712,-22.7844845],[-46.9953582,-22.7845459],[-46.9951724,-22.7846539],[-46.9950036,-22.7847954],[-46.9948991,-22.784983],[-46.994831,-22.7852154],[-46.9947974,-22.7854477],[-46.9947725,-22.7857437],[-46.9947661,-22.786692],[-46.9947937,-22.7868743],[-46.9949193,-22.787186],[-46.994989,-22.7874047],[-46.9950398,-22.7878105],[-46.9951015,-22.7881008],[-46.9952709,-22.7883896],[-46.9952573,-22.788515],[-46.9952119,-22.788722],[-46.9951839,-22.788917],[-46.9951209,-22.7890765],[-46.9950509,-22.7892358],[-46.9949591,-22.7893114],[-46.9946473,-22.7894755],[-46.994041,-22.7897259],[-46.9935504,-22.7898253],[-46.9932399,-22.7899895],[-46.9926824,-22.790333],[-46.9920909,-22.7906402],[-46.9919268,-22.7907224],[-46.9917518,-22.790751],[-46.991322,-22.7905782],[-46.9908028,-22.7902577],[-46.9904354,-22.7900021],[-46.9904354,-22.7900018],[-46.9904354,-22.7900021],[-46.9898758,-22.7895507],[-46.9893526,-22.788872],[-46.9890299,-22.7886127],[-46.9885074,-22.7885133],[-46.9879265,-22.7885159],[-46.9876017,-22.7883612],[-46.9873438,-22.7883405],[-46.9870171,-22.7884273],[-46.9863178,-22.7887168],[-46.9857006,-22.7889158],[-46.985335,-22.7889148],[-46.9847352,-22.788965],[-46.9842319,-22.7891555],[-46.9832822,-22.7890675],[-46.9818726,-22.7889066],[-46.9803467,-22.7887041],[-46.9792426,-22.7880733],[-46.9786035,-22.7876662],[-46.9781399,-22.7875538],[-46.9774782,-22.7876198],[-46.9771207,-22.787867],[-46.9767842,-22.7882856],[-46.9764506,-22.7888255],[-46.9762395,-22.7891259],[-46.975623,-22.7895932],[-46.9755796,-22.7899686],[-46.9754932,-22.7904915],[-46.9753344,-22.7912851],[-46.9746746,-22.7918816],[-46.9743632,-22.7921639],[-46.9742274,-22.7924826],[-46.9742069,-22.7929964],[-46.9744306,-22.793564],[-46.9749513,-22.7943448],[-46.9754223,-22.7950682],[-46.9754401,-22.7956167],[-46.9747116,-22.7968676],[-46.9745283,-22.7979416],[-46.9752258,-22.7998041],[-46.9751299,-22.8002379],[-46.974862,-22.8004014],[-46.973487,-22.8013312],[-46.9731816,-22.801722],[-46.9728847,-22.8026713],[-46.9726865,-22.8035028],[-46.9725764,-22.8042423],[-46.9725668,-22.804679],[-46.9721376,-22.8055575],[-46.971856,-22.8064771],[-46.9713247,-22.8070455],[-46.9709058,-22.8068917],[-46.970048,-22.8064107],[-46.9691771,-22.8063266],[-46.9682091,-22.80589],[-46.9680494,-22.8054773],[-46.9676939,-22.8049941],[-46.9670014,-22.8047722],[-46.9665259,-22.8049384],[-46.9659926,-22.8053492],[-46.9656447,-22.8055988],[-46.9649163,-22.8058196],[-46.9640762,-22.8057015],[-46.9637485,-22.805467],[-46.9634429,-22.8052552],[-46.9631622,-22.805344],[-46.9628411,-22.8055797],[-46.9622871,-22.806054],[-46.9617739,-22.80642],[-46.9613178,-22.8066334],[-46.9611217,-22.8069532],[-46.9611032,-22.8075901],[-46.9608683,-22.8082091],[-46.9603327,-22.8095293],[-46.9603845,-22.8099858],[-46.9609449,-22.8107286],[-46.9614909,-22.8108394],[-46.9619386,-22.8112407],[-46.9618652,-22.8116058],[-46.961464,-22.8120328],[-46.9604089,-22.8128555],[-46.959791,-22.8133289],[-46.9588868,-22.813595],[-46.9570886,-22.8139187],[-46.9551828,-22.8140613],[-46.9548157,-22.8144534],[-46.9544033,-22.8150185],[-46.954093,-22.8155136],[-46.9533928,-22.8153106],[-46.9531542,-22.8154134],[-46.9529178,-22.8156362],[-46.9530543,-22.8161304],[-46.9530094,-22.8164401],[-46.9527306,-22.8167663],[-46.9524958,-22.8173201],[-46.9522864,-22.8176904],[-46.9521675,-22.8179952],[-46.9519852,-22.8181131],[-46.9514514,-22.8177967],[-46.950593,-22.81722],[-46.9497564,-22.8170389],[-46.949244,-22.8167475],[-46.9474568,-22.8156909],[-46.9467382,-22.8155042],[-46.9463153,-22.8157077],[-46.9459861,-22.8156425],[-46.9448445,-22.8145824],[-46.9444844,-22.8144922],[-46.9441643,-22.8146752],[-46.9434161,-22.8153046],[-46.9432596,-22.8160142],[-46.943217,-22.816741],[-46.9432786,-22.8174236],[-46.9429489,-22.8177342],[-46.9412259,-22.8179236],[-46.9393061,-22.8176347],[-46.9374783,-22.8173526],[-46.9433667,-22.8208216],[-46.9457271,-22.8221451],[-46.9493748,-22.8236837],[-46.9517313,-22.8248341],[-46.9562245,-22.8261348],[-46.9591612,-22.8267644],[-46.9603457,-22.8273395],[-46.9610392,-22.8285486],[-46.9616936,-22.8302091],[-46.962049,-22.8322687],[-46.9620338,-22.8342106],[-46.9619061,-22.8364622],[-46.967467,-22.8374134],[-46.9679873,-22.8366299],[-46.9684958,-22.8358595],[-46.9697116,-22.8358577],[-46.9699472,-22.8356113],[-46.9718524,-22.8355266],[-46.971153,-22.8368708],[-46.9776522,-22.8361031],[-46.9802745,-22.8422443],[-46.9770769,-22.8432993],[-46.9753846,-22.8439859],[-46.975321,-22.8440117],[-46.9744828,-22.8443453],[-46.973066,-22.8453349],[-46.9734444,-22.8454948],[-46.9740519,-22.8457742],[-46.9743468,-22.8460759],[-46.9745991,-22.8463656],[-46.9747294,-22.846595],[-46.9748975,-22.8468664],[-46.9752227,-22.8471719],[-46.9756658,-22.8475596],[-46.9760569,-22.8479185],[-46.9767049,-22.8483648],[-46.9772626,-22.8486394],[-46.977933,-22.8489938],[-46.9780525,-22.8491458],[-46.9781708,-22.8494107],[-46.9783792,-22.8500595],[-46.9786609,-22.8508278],[-46.9787585,-22.851306],[-46.9791876,-22.8520629],[-46.9798945,-22.8531883],[-46.9805582,-22.8541795],[-46.9811588,-22.8550919],[-46.9815166,-22.8554746],[-46.9817623,-22.8557103],[-46.9813928,-22.8564164],[-46.9811663,-22.8567772],[-46.9804729,-22.8577122],[-46.980245,-22.858223],[-46.9797141,-22.859606],[-46.9792359,-22.8605966],[-46.9788627,-22.8616778],[-46.9798543,-22.8617677],[-46.9802097,-22.861786],[-46.9802979,-22.8617742],[-46.9815394,-22.8619303],[-46.9821661,-22.8618761],[-46.9832289,-22.8618634],[-46.9833821,-22.8623206],[-46.9836076,-22.8629865],[-46.9835917,-22.863322],[-46.9834441,-22.8641408],[-46.9833965,-22.8643355],[-46.9834073,-22.8644044],[-46.9834044,-22.8646457],[-46.98333,-22.8654929],[-46.9834605,-22.8661234],[-46.983447,-22.8666082],[-46.9834486,-22.8671752],[-46.9833757,-22.8676373],[-46.9833563,-22.8678019],[-46.9831745,-22.8682552],[-46.9830075,-22.8687268],[-46.982781,-22.8691162],[-46.9827022,-22.869281],[-46.9826481,-22.8693818],[-46.9826878,-22.8694457],[-46.9827326,-22.8695187],[-46.9828318,-22.8696006],[-46.9830847,-22.8697782],[-46.9833872,-22.869951],[-46.9841855,-22.8704514],[-46.9844134,-22.8705787],[-46.9846314,-22.8706328],[-46.9849732,-22.8707277],[-46.9851565,-22.8707683],[-46.9853595,-22.8708316],[-46.9854636,-22.8708816],[-46.985548,-22.8709727],[-46.9857029,-22.87112],[-46.9864088,-22.8717937],[-46.9867855,-22.8720653],[-46.9870464,-22.8722299],[-46.9873567,-22.8724306],[-46.9875353,-22.8725057],[-46.9877699,-22.8725655],[-46.9879195,-22.8726092],[-46.9880022,-22.8726575],[-46.9881067,-22.8727659],[-46.9882617,-22.8730703],[-46.9886032,-22.8735043],[-46.9895323,-22.8750964],[-46.9898343,-22.8757133],[-46.9901435,-22.8761872],[-46.9910568,-22.8769927],[-46.99176,-22.8775849],[-46.9919965,-22.877857],[-46.9937458,-22.8794236],[-46.9930662,-22.8806551],[-46.993719,-22.8810903],[-46.998544,-22.8843288],[-46.9975648,-22.88624],[-46.9972782,-22.8867994],[-46.997146,-22.8867998],[-46.9970839,-22.8869561],[-46.9969591,-22.8871412],[-46.9968468,-22.8873061],[-46.9966026,-22.8874374],[-46.9964656,-22.8875113],[-46.9960251,-22.8875301],[-46.9949907,-22.8875481],[-46.9949102,-22.8875837],[-46.9940574,-22.8879613],[-46.9938651,-22.8880818],[-46.9938743,-22.8882683],[-46.9922859,-22.8883567],[-46.9919342,-22.888453],[-46.9921833,-22.8889766],[-46.9907804,-22.8919489],[-46.9945273,-22.8931243],[-46.9985896,-22.8945165],[-46.9992789,-22.8947106],[-47.0007969,-22.8951063],[-47.0036455,-22.8959922],[-47.0041247,-22.896106],[-47.0053441,-22.8964839],[-47.0066626,-22.8968114]]]}},{"type":"Feature","properties":{"id":"centro","nome":"Centro","apg":11,"fonte_limite":"Prefeitura Municipal de Campinas - Portal de Metadados Geoespaciais, camada Historico de Populacao por APG","precisao":"Geometria oficial baixada em SHP e convertida para GeoJSON para uso no prototipo web","ID":11,"APG":"Centro","NOME_COMPL":"APG CENTRO","POP_2010":60208.0,"POP_2000":56730,"POP_1996":57433,"POP_1991":55763,"POP_1980":54301,"POP_1970":54638,"VAR_POPULA":7650,"VAR_PERC_P":13.1,"POP_2022":56594.0},"geometry":{"type":"Polygon","coordinates":[[[-47.0505826,-22.9075716],[-47.0508883,-22.9083288],[-47.0512691,-22.9087898],[-47.0518466,-22.9090088],[-47.0525789,-22.9092865],[-47.0551617,-22.9103998],[-47.0558885,-22.910713],[-47.0580679,-22.9115806],[-47.0583535,-22.9117083],[-47.0587203,-22.9120858],[-47.0588809,-22.9124779],[-47.0589584,-22.9132187],[-47.0590614,-22.9131408],[-47.0591459,-22.9130728],[-47.0593353,-22.9129074],[-47.0595543,-22.9127114],[-47.0596785,-22.9125706],[-47.0598492,-22.9123312],[-47.0601162,-22.9119685],[-47.0605286,-22.9114142],[-47.0606527,-22.9112626],[-47.0607861,-22.9111095],[-47.060936,-22.9109616],[-47.0611385,-22.9107822],[-47.061262,-22.9106766],[-47.0614374,-22.9105562],[-47.0616555,-22.9104219],[-47.0619095,-22.910295],[-47.0621048,-22.9102158],[-47.0623182,-22.9101437],[-47.0626088,-22.9100615],[-47.0629464,-22.909966],[-47.0644004,-22.9095717],[-47.0661367,-22.9091067],[-47.0684018,-22.9084347],[-47.0698701,-22.9080264],[-47.071381,-22.9076037],[-47.0725754,-22.9072708],[-47.0735208,-22.9070134],[-47.0743891,-22.9067753],[-47.0747397,-22.9066663],[-47.0749146,-22.9065997],[-47.0747598,-22.9063189],[-47.0741864,-22.9061758],[-47.0734079,-22.9059599],[-47.0730449,-22.9056856],[-47.0728033,-22.9052348],[-47.0728192,-22.9047408],[-47.0718515,-22.9043282],[-47.069698,-22.903324],[-47.0702913,-22.9021971],[-47.071168,-22.9006874],[-47.0716707,-22.8996348],[-47.0732672,-22.8967322],[-47.0725475,-22.8966699],[-47.0722029,-22.8966923],[-47.0717719,-22.8967487],[-47.0711774,-22.8968699],[-47.0706596,-22.8969484],[-47.0701567,-22.896943],[-47.0698758,-22.8969078],[-47.0696591,-22.8968599],[-47.0692307,-22.8966654],[-47.068962,-22.8963762],[-47.068595,-22.8959808],[-47.0676233,-22.8948228],[-47.0664731,-22.8933626],[-47.0640015,-22.8902083],[-47.0636757,-22.8897646],[-47.0633895,-22.8893831],[-47.0630538,-22.8889275],[-47.0627036,-22.8885737],[-47.0623742,-22.888266],[-47.0620136,-22.8880136],[-47.0616898,-22.8878238],[-47.0612908,-22.8876731],[-47.0609159,-22.8875786],[-47.0606918,-22.8875454],[-47.0605538,-22.8875277],[-47.0598465,-22.8875525],[-47.0591136,-22.8876453],[-47.0586352,-22.887641],[-47.0578605,-22.8876389],[-47.0573453,-22.8876101],[-47.0569958,-22.8875433],[-47.056077,-22.8873037],[-47.0552745,-22.8870872],[-47.0544349,-22.8869788],[-47.0541252,-22.8869947],[-47.0526311,-22.8870256],[-47.0518828,-22.8869997],[-47.0512868,-22.8868164],[-47.0507671,-22.8865604],[-47.0502723,-22.8862318],[-47.0498758,-22.8857922],[-47.0490645,-22.8848021],[-47.0484897,-22.8843196],[-47.0483605,-22.8842498],[-47.0475133,-22.8836881],[-47.0469174,-22.8834561],[-47.046605,-22.8832692],[-47.0461342,-22.8828453],[-47.0455353,-22.882411],[-47.0446417,-22.8821476],[-47.0437692,-22.8820766],[-47.0440437,-22.8834663],[-47.0443063,-22.8863853],[-47.0444427,-22.8871728],[-47.0445643,-22.8878213],[-47.0446234,-22.8880208],[-47.0446966,-22.888231],[-47.044929,-22.8886934],[-47.0452078,-22.889086],[-47.0456229,-22.8896363],[-47.0467907,-22.8911878],[-47.0469796,-22.891504],[-47.0471587,-22.8918424],[-47.0472855,-22.8921708],[-47.0473632,-22.8924397],[-47.0474422,-22.8928329],[-47.0474627,-22.8930584],[-47.0474675,-22.8932508],[-47.0474555,-22.8935642],[-47.0473896,-22.8941341],[-47.0471215,-22.8964604],[-47.0471089,-22.8968672],[-47.0471397,-22.8972429],[-47.0471834,-22.8975211],[-47.0472568,-22.8977942],[-47.0476087,-22.8990005],[-47.0478077,-22.8997323],[-47.0478037,-22.9005492],[-47.0475642,-22.9016763],[-47.0473655,-22.9027326],[-47.0468115,-22.9051299],[-47.0466068,-22.9058759],[-47.0469919,-22.9058297],[-47.0472492,-22.9057915],[-47.0473303,-22.9059157],[-47.0479651,-22.906365],[-47.0489183,-22.9069007],[-47.0493664,-22.9070983],[-47.0500776,-22.9073546],[-47.0505826,-22.9075716]]]}},{"type":"Feature","properties":{"id":"s\u00e3o-bernardo","nome":"S\u00e3o Bernardo","apg":15,"fonte_limite":"Prefeitura Municipal de Campinas - Portal de Metadados Geoespaciais, camada Historico de Populacao por APG","precisao":"Geometria oficial baixada em SHP e convertida para GeoJSON para uso no prototipo web","ID":15,"APG":"S\u00e3o Bernardo","NOME_COMPL":"APG SAO BERNARDO","POP_2010":60018.0,"POP_2000":56790,"POP_1996":68716,"POP_1991":62789,"POP_1980":64415,"POP_1970":54775,"VAR_POPULA":29095,"VAR_PERC_P":56.29,"POP_2022":56101.0},"geometry":{"type":"Polygon","coordinates":[[[-47.0803101,-22.9034328],[-47.0794037,-22.9039838],[-47.0785683,-22.9044898],[-47.0776363,-22.9050595],[-47.076981,-22.9054601],[-47.0763769,-22.9058259],[-47.0759772,-22.9060736],[-47.0757425,-22.9062083],[-47.0755896,-22.9062935],[-47.0753392,-22.906421],[-47.0751791,-22.9064953],[-47.075025,-22.9065575],[-47.0747397,-22.9066663],[-47.0743891,-22.9067753],[-47.0735208,-22.9070134],[-47.0725754,-22.9072708],[-47.071381,-22.9076037],[-47.0698701,-22.9080264],[-47.0684018,-22.9084347],[-47.0661367,-22.9091067],[-47.0644004,-22.9095717],[-47.0629464,-22.909966],[-47.0626088,-22.9100615],[-47.0627577,-22.9105353],[-47.0628692,-22.9108902],[-47.0629333,-22.9111585],[-47.0631112,-22.9119407],[-47.0632718,-22.9124875],[-47.0637998,-22.9141935],[-47.0640845,-22.9149758],[-47.0641875,-22.9151897],[-47.0643817,-22.9156283],[-47.0644378,-22.9158094],[-47.0644798,-22.9159363],[-47.0645585,-22.916184],[-47.0646483,-22.916467],[-47.0647171,-22.9166861],[-47.0648017,-22.9169534],[-47.0648862,-22.9172186],[-47.0649728,-22.9174914],[-47.0650541,-22.917746],[-47.0652408,-22.9183286],[-47.0653343,-22.9186251],[-47.0654292,-22.9189275],[-47.0655267,-22.9192299],[-47.065624,-22.9195371],[-47.0657211,-22.9198394],[-47.065815,-22.9201395],[-47.0659119,-22.9204443],[-47.0660109,-22.920758],[-47.0662007,-22.921347],[-47.0662975,-22.9216548],[-47.0663939,-22.9219575],[-47.0664622,-22.922175],[-47.0666953,-22.9229001],[-47.0668243,-22.9233094],[-47.0668424,-22.923368],[-47.0669081,-22.9235749],[-47.0670661,-22.924071],[-47.0675657,-22.9256405],[-47.0676136,-22.925787],[-47.0676691,-22.9259336],[-47.0677963,-22.9262437],[-47.0680937,-22.9268188],[-47.0681594,-22.9269248],[-47.068934,-22.9281241],[-47.0704634,-22.9304865],[-47.0706542,-22.9307747],[-47.0708,-22.9309733],[-47.0709281,-22.9311074],[-47.0710667,-22.9312377],[-47.0711555,-22.9313108],[-47.0720968,-22.932034],[-47.0728138,-22.9324544],[-47.0733444,-22.9327004],[-47.0739032,-22.9329132],[-47.0802472,-22.9289431],[-47.0828769,-22.927349],[-47.0879911,-22.9241481],[-47.0911469,-22.9221951],[-47.0920083,-22.9216054],[-47.0926673,-22.9210766],[-47.0936409,-22.920193],[-47.094205,-22.9196122],[-47.0949959,-22.9186769],[-47.0989027,-22.9142523],[-47.0999184,-22.9130977],[-47.1052121,-22.9071073],[-47.1064622,-22.9056912],[-47.107431,-22.9045801],[-47.1077378,-22.9041813],[-47.1080457,-22.9037456],[-47.1081949,-22.9034987],[-47.1085834,-22.9028347],[-47.1089475,-22.9020363],[-47.1091957,-22.9013306],[-47.109385,-22.9006962],[-47.1095691,-22.8999676],[-47.1098879,-22.8988458],[-47.1095285,-22.8988152],[-47.1091407,-22.8986835],[-47.1087966,-22.8984692],[-47.1085001,-22.8982528],[-47.1082563,-22.898073],[-47.1079278,-22.897899],[-47.1076647,-22.8978293],[-47.1072883,-22.8978189],[-47.1065089,-22.8980811],[-47.1060108,-22.8982366],[-47.1054759,-22.8983355],[-47.1047977,-22.8983542],[-47.1040434,-22.8982051],[-47.1026776,-22.8981335],[-47.1024062,-22.8980702],[-47.1021997,-22.8980256],[-47.101999,-22.8979873],[-47.1018028,-22.8979577],[-47.1015518,-22.8979252],[-47.1012572,-22.8978961],[-47.1010458,-22.8978818],[-47.1007381,-22.897869],[-47.1006061,-22.8978658],[-47.100449,-22.8978666],[-47.1001424,-22.8978765],[-47.0999513,-22.8978865],[-47.0997094,-22.8979083],[-47.0995041,-22.8979311],[-47.0991662,-22.8979799],[-47.0990162,-22.8980041],[-47.0987243,-22.898063],[-47.0984803,-22.8981224],[-47.0981642,-22.8982077],[-47.0979409,-22.8982764],[-47.0978732,-22.8983007],[-47.0975992,-22.8984001],[-47.0972809,-22.8985189],[-47.0969761,-22.8986387],[-47.0957243,-22.8991596],[-47.0954858,-22.8992469],[-47.095266,-22.8993247],[-47.0951416,-22.8993628],[-47.0948485,-22.8994457],[-47.094677,-22.8994866],[-47.0944201,-22.8995388],[-47.0942791,-22.8995622],[-47.0940247,-22.8995983],[-47.0935438,-22.8996368],[-47.0926662,-22.8996575],[-47.0923232,-22.8996643],[-47.0915847,-22.8996739],[-47.090789,-22.8996907],[-47.0904048,-22.8996981],[-47.0899268,-22.8997057],[-47.0889552,-22.8997261],[-47.0883238,-22.8997501],[-47.0880499,-22.8997665],[-47.0877551,-22.8997959],[-47.0874921,-22.8998304],[-47.0872728,-22.8998637],[-47.0870427,-22.8999052],[-47.0868451,-22.8999513],[-47.0864316,-22.9000546],[-47.0861769,-22.9001297],[-47.0858011,-22.9002632],[-47.0856166,-22.9003368],[-47.085441,-22.9004104],[-47.0852684,-22.9004847],[-47.0850752,-22.9005802],[-47.0847896,-22.9007258],[-47.0843288,-22.9009879],[-47.083354,-22.9015798],[-47.0828226,-22.9018997],[-47.0824047,-22.9021471],[-47.0818362,-22.9025054],[-47.0814466,-22.9027385],[-47.0811478,-22.9029208],[-47.080585,-22.9032664],[-47.080377,-22.9033916],[-47.0803101,-22.9034328]]]}},{"type":"Feature","properties":{"id":"amarais","nome":"Amarais","apg":13,"fonte_limite":"Prefeitura Municipal de Campinas - Portal de Metadados Geoespaciais, camada Historico de Populacao por APG","precisao":"Geometria oficial baixada em SHP e convertida para GeoJSON para uso no prototipo web","ID":13,"APG":"Amarais","NOME_COMPL":"APG AMARAIS","POP_2010":64971.0,"POP_2000":61942,"POP_1996":56393,"POP_1991":53986,"POP_1980":69481,"POP_1970":41957,"VAR_POPULA":54004,"VAR_PERC_P":113.47,"POP_2022":60279.0},"geometry":{"type":"Polygon","coordinates":[[[-47.0608677,-22.8874212],[-47.0609159,-22.8875786],[-47.0612908,-22.8876731],[-47.0616898,-22.8878238],[-47.0620136,-22.8880136],[-47.0623742,-22.888266],[-47.0627036,-22.8885737],[-47.0630538,-22.8889275],[-47.0633895,-22.8893831],[-47.0636757,-22.8897646],[-47.0640015,-22.8902083],[-47.0664731,-22.8933626],[-47.0676233,-22.8948228],[-47.068595,-22.8959808],[-47.068962,-22.8963762],[-47.0692307,-22.8966654],[-47.0696591,-22.8968599],[-47.0698758,-22.8969078],[-47.0701567,-22.896943],[-47.0706596,-22.8969484],[-47.0711774,-22.8968699],[-47.0717719,-22.8967487],[-47.0722029,-22.8966923],[-47.0725475,-22.8966699],[-47.0732672,-22.8967322],[-47.0716707,-22.8996348],[-47.071168,-22.9006874],[-47.0702913,-22.9021971],[-47.069698,-22.903324],[-47.0718515,-22.9043282],[-47.0728192,-22.9047408],[-47.0728033,-22.9052348],[-47.0730449,-22.9056856],[-47.0734079,-22.9059599],[-47.0741864,-22.9061758],[-47.0747598,-22.9063189],[-47.0749146,-22.9065997],[-47.075025,-22.9065575],[-47.0751791,-22.9064953],[-47.0753392,-22.906421],[-47.0755896,-22.9062935],[-47.0757425,-22.9062083],[-47.0759772,-22.9060736],[-47.0763769,-22.9058259],[-47.076981,-22.9054601],[-47.0776363,-22.9050595],[-47.0785683,-22.9044898],[-47.0794037,-22.9039838],[-47.0803119,-22.9034317],[-47.080377,-22.9033916],[-47.080585,-22.9032664],[-47.0811478,-22.9029208],[-47.0814466,-22.9027385],[-47.0818362,-22.9025054],[-47.0824047,-22.9021471],[-47.0828226,-22.9018997],[-47.083354,-22.9015798],[-47.0843288,-22.9009879],[-47.0847896,-22.9007258],[-47.0850752,-22.9005802],[-47.0852684,-22.9004847],[-47.085441,-22.9004104],[-47.0856166,-22.9003368],[-47.0858011,-22.9002632],[-47.0861769,-22.9001297],[-47.0864316,-22.9000546],[-47.0868451,-22.8999513],[-47.0870427,-22.8999052],[-47.0872728,-22.8998637],[-47.0874921,-22.8998304],[-47.0877551,-22.8997959],[-47.0880499,-22.8997665],[-47.0883238,-22.8997501],[-47.0889552,-22.8997261],[-47.0899268,-22.8997057],[-47.0904048,-22.8996981],[-47.090789,-22.8996907],[-47.0915847,-22.8996739],[-47.0923232,-22.8996643],[-47.0926662,-22.8996575],[-47.0935438,-22.8996368],[-47.0940247,-22.8995983],[-47.0942791,-22.8995622],[-47.0944201,-22.8995388],[-47.094677,-22.8994866],[-47.0948485,-22.8994457],[-47.0951416,-22.8993628],[-47.095266,-22.8993247],[-47.0954858,-22.8992469],[-47.0957243,-22.8991596],[-47.0969761,-22.8986387],[-47.0972809,-22.8985189],[-47.0975992,-22.8984001],[-47.0978732,-22.8983007],[-47.0979409,-22.8982764],[-47.0981642,-22.8982077],[-47.0984803,-22.8981224],[-47.0987243,-22.898063],[-47.0990162,-22.8980041],[-47.0991662,-22.8979799],[-47.0995041,-22.8979311],[-47.0997094,-22.8979083],[-47.0999513,-22.8978865],[-47.1001424,-22.8978765],[-47.100449,-22.8978666],[-47.1006061,-22.8978658],[-47.1007381,-22.897869],[-47.1010458,-22.8978818],[-47.1012572,-22.8978961],[-47.1015518,-22.8979252],[-47.1018028,-22.8979577],[-47.101999,-22.8979873],[-47.1021997,-22.8980256],[-47.1024062,-22.8980702],[-47.1026776,-22.8981335],[-47.1040434,-22.8982051],[-47.1047977,-22.8983542],[-47.1054759,-22.8983355],[-47.1060108,-22.8982366],[-47.1065089,-22.8980811],[-47.1072883,-22.8978189],[-47.1076647,-22.8978293],[-47.1079278,-22.897899],[-47.1082563,-22.898073],[-47.1085001,-22.8982528],[-47.1087966,-22.8984692],[-47.1091407,-22.8986835],[-47.1095285,-22.8988152],[-47.1098879,-22.8988458],[-47.1105679,-22.8966287],[-47.1110318,-22.8951158],[-47.1122164,-22.8912175],[-47.1131959,-22.8879601],[-47.1135894,-22.8868334],[-47.113642,-22.8866973],[-47.1136966,-22.8865618],[-47.11379,-22.8863057],[-47.1138504,-22.8861723],[-47.1139126,-22.8860397],[-47.1140995,-22.8856139],[-47.1141694,-22.8854845],[-47.1142411,-22.8853561],[-47.1148807,-22.8841758],[-47.1155672,-22.8830553],[-47.1156667,-22.8828862],[-47.1159115,-22.8824983],[-47.1164185,-22.8818188],[-47.1167218,-22.8814243],[-47.117839,-22.8800995],[-47.1184333,-22.8794687],[-47.1188765,-22.8790561],[-47.1208297,-22.877336],[-47.1228785,-22.8755354],[-47.1259758,-22.8728346],[-47.1280252,-22.871065],[-47.1296678,-22.869616],[-47.1334129,-22.8663637],[-47.1329648,-22.8655926],[-47.1328027,-22.8651275],[-47.1328357,-22.8645527],[-47.1328014,-22.8639601],[-47.1328321,-22.8636761],[-47.133256,-22.8627522],[-47.1333925,-22.8624561],[-47.1335363,-22.8620617],[-47.1336,-22.8618836],[-47.1336336,-22.861736],[-47.1336621,-22.8615123],[-47.1336618,-22.8611446],[-47.1336583,-22.8609606],[-47.1336333,-22.8607613],[-47.1335678,-22.860519],[-47.1331174,-22.8589691],[-47.1328809,-22.8579586],[-47.1326037,-22.857153],[-47.13251,-22.8568028],[-47.132416,-22.856428],[-47.1323665,-22.8560854],[-47.1323604,-22.855693],[-47.1323391,-22.8554409],[-47.1323286,-22.8551811],[-47.1323072,-22.8550794],[-47.1322266,-22.8548637],[-47.1321781,-22.854801],[-47.131958,-22.8546057],[-47.1318313,-22.8544031],[-47.1316881,-22.8541898],[-47.1316379,-22.8541076],[-47.1316063,-22.8540398],[-47.131585,-22.8539669],[-47.1315859,-22.8538991],[-47.131582,-22.8537786],[-47.131571,-22.8537279],[-47.1315519,-22.8536717],[-47.131529,-22.8536399],[-47.1314836,-22.8535991],[-47.1314117,-22.8535492],[-47.1312727,-22.8534964],[-47.1311496,-22.8534321],[-47.1310614,-22.8533806],[-47.1309749,-22.8533045],[-47.130818,-22.8531539],[-47.1307081,-22.8530159],[-47.1306387,-22.8528718],[-47.1305426,-22.8527016],[-47.1304689,-22.8525444],[-47.130416,-22.8524057],[-47.130379,-22.8522498],[-47.1303503,-22.8521014],[-47.1303333,-22.8519302],[-47.1302872,-22.8517084],[-47.130232,-22.8514323],[-47.1302284,-22.8513423],[-47.1302435,-22.8512775],[-47.1302627,-22.8511975],[-47.13027,-22.8511405],[-47.1302621,-22.8510697],[-47.1302078,-22.8508338],[-47.1299554,-22.8503193],[-47.1296425,-22.8497135],[-47.1295848,-22.8495977],[-47.1295533,-22.8494969],[-47.1294491,-22.8489439],[-47.1293179,-22.848252],[-47.129064,-22.8472835],[-47.1289467,-22.8465202],[-47.1288946,-22.8463285],[-47.1288303,-22.8460611],[-47.1287939,-22.8458236],[-47.1287966,-22.8456514],[-47.1288107,-22.8454993],[-47.1288459,-22.8453064],[-47.1289353,-22.8450824],[-47.1290292,-22.8449002],[-47.1291154,-22.8447306],[-47.1291465,-22.8446188],[-47.1291458,-22.8444965],[-47.1291131,-22.844408],[-47.1290532,-22.8443469],[-47.1290245,-22.8443155],[-47.1289768,-22.8442805],[-47.1289059,-22.8442365],[-47.1288743,-22.8442121],[-47.1288471,-22.8441831],[-47.1288358,-22.8441338],[-47.1288415,-22.8440517],[-47.1288706,-22.843944],[-47.1288769,-22.8438432],[-47.1288694,-22.843781],[-47.1288633,-22.8437361],[-47.1288553,-22.8436867],[-47.1288215,-22.8435969],[-47.1287826,-22.8435275],[-47.1287581,-22.8434731],[-47.1287236,-22.8434338],[-47.1286897,-22.8433917],[-47.1286636,-22.8433571],[-47.1286247,-22.8433395],[-47.1285775,-22.8433112],[-47.1284923,-22.8432686],[-47.1284345,-22.8432389],[-47.1283692,-22.843196],[-47.1283157,-22.8431491],[-47.1282195,-22.8430503],[-47.1281362,-22.8430501],[-47.1280287,-22.8430387],[-47.127813,-22.8429836],[-47.1276593,-22.8429397],[-47.1274807,-22.842901],[-47.1272324,-22.8428615],[-47.1269361,-22.8428328],[-47.1268586,-22.8428242],[-47.1267789,-22.8428232],[-47.1265955,-22.8428711],[-47.1264686,-22.8429087],[-47.1262598,-22.8430008],[-47.1262034,-22.8430182],[-47.1261457,-22.8430275],[-47.1260342,-22.8430243],[-47.1259527,-22.8430061],[-47.125721,-22.8429237],[-47.1256384,-22.8429025],[-47.1255698,-22.842885],[-47.1253807,-22.8427906],[-47.1252502,-22.8427181],[-47.1251503,-22.8426711],[-47.1250595,-22.842639],[-47.1247842,-22.842548],[-47.1247028,-22.8424915],[-47.1244672,-22.842235],[-47.124369,-22.8421017],[-47.124293,-22.8419994],[-47.1242171,-22.8419307],[-47.1241346,-22.841876],[-47.1240374,-22.8418486],[-47.1239126,-22.8418097],[-47.1236981,-22.8417497],[-47.1233631,-22.8416469],[-47.1231608,-22.8415952],[-47.1230043,-22.8415213],[-47.1227739,-22.8414093],[-47.1225521,-22.8413261],[-47.1220247,-22.8411045],[-47.1216835,-22.8409536],[-47.1213714,-22.8408216],[-47.121088,-22.8406586],[-47.120819,-22.840489],[-47.1205232,-22.8403411],[-47.1204634,-22.8403244],[-47.1204137,-22.8403309],[-47.1203244,-22.8403758],[-47.1201118,-22.8405136],[-47.1199602,-22.8405853],[-47.1198517,-22.8406496],[-47.1197484,-22.840753],[-47.1196963,-22.8408149],[-47.1196511,-22.8409051],[-47.1196387,-22.8410092],[-47.1196235,-22.8411991],[-47.1196195,-22.8412917],[-47.1196013,-22.8413844],[-47.1195633,-22.841571],[-47.1194674,-22.8419213],[-47.119344,-22.8423745],[-47.1191954,-22.8427921],[-47.1191095,-22.8430228],[-47.1190471,-22.8431188],[-47.1189718,-22.8432011],[-47.1188251,-22.8433429],[-47.1184913,-22.8437886],[-47.1181156,-22.8442688],[-47.1175863,-22.8439392],[-47.1171498,-22.8436253],[-47.1168905,-22.8434068],[-47.1165374,-22.8428417],[-47.1164167,-22.8422062],[-47.1163579,-22.8419513],[-47.1159847,-22.841913],[-47.115673,-22.8426551],[-47.1154015,-22.8429301],[-47.1149469,-22.8432345],[-47.1145446,-22.843482],[-47.1138098,-22.8438994],[-47.1129607,-22.8443963],[-47.1127675,-22.844481],[-47.1125629,-22.8445029],[-47.1114181,-22.8444863],[-47.1100918,-22.8444817],[-47.1087278,-22.8444588],[-47.1081262,-22.8444655],[-47.107514,-22.8445228],[-47.1069529,-22.844626],[-47.1069387,-22.8446298],[-47.1067314,-22.844685],[-47.1062416,-22.8449319],[-47.105792,-22.8451905],[-47.1054882,-22.845537],[-47.1050843,-22.8462866],[-47.1050131,-22.8465964],[-47.1049124,-22.8471315],[-47.1048215,-22.8475362],[-47.104729,-22.8480409],[-47.104283,-22.8486994],[-47.1039401,-22.8490199],[-47.1037255,-22.849188],[-47.1035498,-22.8494582],[-47.1004678,-22.8488184],[-47.0968656,-22.8480895],[-47.091996,-22.8470693],[-47.0890264,-22.8465701],[-47.0843289,-22.8459472],[-47.0791323,-22.8452261],[-47.0786958,-22.8465854],[-47.078526,-22.846975],[-47.0771544,-22.8495417],[-47.0750697,-22.8534858],[-47.0743712,-22.8547912],[-47.0734989,-22.8564216],[-47.0719534,-22.8599605],[-47.0718077,-22.8604665],[-47.0716682,-22.8612822],[-47.0713741,-22.8634465],[-47.0712786,-22.8640902],[-47.0711994,-22.8650559],[-47.0711252,-22.8662364],[-47.071032,-22.8667945],[-47.0708135,-22.8675387],[-47.0685419,-22.8733453],[-47.0681988,-22.8745441],[-47.0677405,-22.8758801],[-47.0677033,-22.8760316],[-47.0676931,-22.8763339],[-47.0677158,-22.8782596],[-47.0676146,-22.8783409],[-47.0661754,-22.8818854],[-47.0658374,-22.8827385],[-47.0654436,-22.8837549],[-47.0652528,-22.8841839],[-47.0651006,-22.8843671],[-47.0644964,-22.884914],[-47.0638327,-22.8854915],[-47.0620276,-22.8866345],[-47.0608677,-22.8874212]]]}},{"type":"Feature","properties":{"id":"brandina","nome":"Brandina","apg":14,"fonte_limite":"Prefeitura Municipal de Campinas - Portal de Metadados Geoespaciais, camada Historico de Populacao por APG","precisao":"Geometria oficial baixada em SHP e convertida para GeoJSON para uso no prototipo web","ID":14,"APG":"Brandina","NOME_COMPL":"APG BRANDINA","POP_2010":40296.0,"POP_2000":37573,"POP_1996":39281,"POP_1991":35423,"POP_1980":32387,"POP_1970":15838,"VAR_POPULA":27874,"VAR_PERC_P":136.52,"POP_2022":39143.0},"geometry":{"type":"Polygon","coordinates":[[[-47.0230303,-22.8681114],[-47.0228012,-22.8678782],[-47.0222854,-22.8674854],[-47.0212457,-22.8668057],[-47.0209118,-22.8666711],[-47.0202601,-22.8664972],[-47.0167183,-22.8754359],[-47.0164911,-22.8760089],[-47.0158546,-22.8776187],[-47.0152481,-22.8791603],[-47.0142012,-22.8818041],[-47.0140158,-22.8822731],[-47.0134504,-22.8837028],[-47.0130091,-22.8848189],[-47.0124498,-22.8862362],[-47.0124417,-22.8862564],[-47.0120931,-22.8871325],[-47.0118114,-22.8878304],[-47.0116611,-22.8881985],[-47.0114423,-22.8886926],[-47.0111925,-22.8892012],[-47.010767,-22.8900398],[-47.010374,-22.8907685],[-47.0099136,-22.8915733],[-47.0096803,-22.8919658],[-47.0079824,-22.8947453],[-47.0070497,-22.8961903],[-47.0068254,-22.896547],[-47.0066626,-22.8968114],[-47.0066394,-22.8971425],[-47.0065149,-22.8975112],[-47.0064151,-22.8979179],[-47.0063005,-22.8985414],[-47.0063036,-22.8992143],[-47.006416,-22.8999665],[-47.0066127,-22.9006403],[-47.0069064,-22.9012921],[-47.0072564,-22.9018392],[-47.007794,-22.9025799],[-47.0079527,-22.902786],[-47.0082286,-22.9031503],[-47.0083963,-22.9034653],[-47.0086598,-22.9040411],[-47.0091485,-22.9054476],[-47.0097152,-22.907261],[-47.0102092,-22.9088058],[-47.0105036,-22.909725],[-47.0105486,-22.9099207],[-47.0106145,-22.9102069],[-47.0107579,-22.9108302],[-47.010917,-22.9121567],[-47.0110217,-22.9132627],[-47.011137,-22.9140862],[-47.011236,-22.9144594],[-47.0116822,-22.914342],[-47.0118797,-22.9144144],[-47.0120421,-22.9145623],[-47.0121894,-22.9146394],[-47.012872,-22.9146887],[-47.0136755,-22.9146766],[-47.0137218,-22.9145021],[-47.0140967,-22.9135592],[-47.0143344,-22.9132325],[-47.0143582,-22.9132296],[-47.0145018,-22.9135902],[-47.0144879,-22.914807],[-47.0144669,-22.9149863],[-47.0147968,-22.9151336],[-47.0175828,-22.9164005],[-47.0177911,-22.9164814],[-47.0179296,-22.916508],[-47.0181216,-22.916534],[-47.0185857,-22.9165507],[-47.0205034,-22.9164346],[-47.0243574,-22.9184793],[-47.0246357,-22.9179427],[-47.0248183,-22.9176975],[-47.0247644,-22.917033],[-47.025012,-22.9166985],[-47.0255856,-22.9164406],[-47.0257005,-22.9152647],[-47.0259102,-22.914906],[-47.0263718,-22.9146322],[-47.026684,-22.9145256],[-47.027042,-22.9145072],[-47.0274297,-22.9144362],[-47.02768,-22.9142111],[-47.0278441,-22.9140544],[-47.0281348,-22.9137632],[-47.0285237,-22.9134628],[-47.0288135,-22.9132583],[-47.029431,-22.9121573],[-47.0297736,-22.9115552],[-47.0298855,-22.9113255],[-47.0301973,-22.9111014],[-47.0302044,-22.9100814],[-47.0304679,-22.9096122],[-47.0270671,-22.9089089],[-47.0276323,-22.9072211],[-47.027648,-22.9071239],[-47.0276314,-22.9070191],[-47.0275904,-22.9068918],[-47.0271352,-22.9062468],[-47.0271308,-22.9061858],[-47.0271521,-22.9060751],[-47.0271899,-22.9060249],[-47.0298591,-22.9047058],[-47.0315991,-22.9049091],[-47.0323016,-22.9037369],[-47.0331208,-22.903896],[-47.0358785,-22.9048599],[-47.0367331,-22.9052095],[-47.0368418,-22.9053074],[-47.0391928,-22.9060989],[-47.039849,-22.9063072],[-47.0410047,-22.9066806],[-47.0416711,-22.9069159],[-47.0419054,-22.9069399],[-47.0421488,-22.9069278],[-47.042314,-22.9068895],[-47.0425273,-22.9068146],[-47.0429916,-22.9065738],[-47.04334,-22.9064158],[-47.0439132,-22.906291],[-47.0454204,-22.9060549],[-47.0466068,-22.9058759],[-47.0468115,-22.9051299],[-47.0473655,-22.9027326],[-47.0475642,-22.9016763],[-47.0478037,-22.9005492],[-47.0478077,-22.8997323],[-47.0476087,-22.8990005],[-47.0472568,-22.8977942],[-47.0471834,-22.8975211],[-47.0471397,-22.8972429],[-47.0471089,-22.8968672],[-47.0471215,-22.8964604],[-47.0473896,-22.8941341],[-47.0474555,-22.8935642],[-47.0474675,-22.8932508],[-47.0474627,-22.8930584],[-47.0474422,-22.8928329],[-47.0473632,-22.8924397],[-47.0472855,-22.8921708],[-47.0471587,-22.8918424],[-47.0469796,-22.891504],[-47.0467907,-22.8911878],[-47.0456229,-22.8896363],[-47.0452078,-22.889086],[-47.044929,-22.8886934],[-47.0446966,-22.888231],[-47.0446234,-22.8880208],[-47.0445643,-22.8878213],[-47.0444427,-22.8871728],[-47.0443063,-22.8863853],[-47.0440437,-22.8834663],[-47.0437692,-22.8820766],[-47.0429255,-22.8821406],[-47.0424059,-22.8820892],[-47.0420127,-22.8820136],[-47.0416792,-22.881889],[-47.041332,-22.8816779],[-47.0410376,-22.8813744],[-47.0408363,-22.881059],[-47.0407015,-22.8807193],[-47.0401864,-22.8788419],[-47.0401033,-22.8783247],[-47.0399815,-22.8777554],[-47.0398667,-22.8774341],[-47.0396788,-22.8771311],[-47.0393977,-22.8768215],[-47.0389344,-22.8763821],[-47.0388945,-22.8763427],[-47.0384738,-22.876238],[-47.0379476,-22.8760754],[-47.037071,-22.8756059],[-47.0366139,-22.8753744],[-47.0337502,-22.8738066],[-47.0335731,-22.8736915],[-47.0328661,-22.8733213],[-47.0325718,-22.8731896],[-47.0309802,-22.8723161],[-47.028904,-22.8719339],[-47.0258135,-22.8698992],[-47.0253732,-22.8696115],[-47.0240877,-22.8690065],[-47.023737,-22.8687375],[-47.0230303,-22.8681114]]]}},{"type":"Feature","properties":{"id":"taquaral","nome":"Taquaral","apg":12,"fonte_limite":"Prefeitura Municipal de Campinas - Portal de Metadados Geoespaciais, camada Historico de Populacao por APG","precisao":"Geometria oficial baixada em SHP e convertida para GeoJSON para uso no prototipo web","ID":12,"APG":"Taquaral","NOME_COMPL":"APG TAQUARAL","POP_2010":76563.0,"POP_2000":76998,"POP_1996":72667,"POP_1991":68735,"POP_1980":65981,"POP_1970":42653,"VAR_POPULA":34780,"VAR_PERC_P":76.26,"POP_2022":79680.0},"geometry":{"type":"Polygon","coordinates":[[[-47.0437692,-22.8820766],[-47.0446417,-22.8821476],[-47.0455353,-22.882411],[-47.0461342,-22.8828453],[-47.046605,-22.8832692],[-47.0469174,-22.8834561],[-47.0475133,-22.8836881],[-47.0483605,-22.8842498],[-47.0484897,-22.8843196],[-47.0490645,-22.8848021],[-47.0498758,-22.8857922],[-47.0502723,-22.8862318],[-47.0507671,-22.8865604],[-47.0512868,-22.8868164],[-47.0518828,-22.8869997],[-47.0526311,-22.8870256],[-47.0541252,-22.8869947],[-47.0544349,-22.8869788],[-47.0552745,-22.8870872],[-47.056077,-22.8873037],[-47.0569958,-22.8875433],[-47.0573453,-22.8876101],[-47.0578605,-22.8876389],[-47.0586352,-22.887641],[-47.0591136,-22.8876453],[-47.0598465,-22.8875525],[-47.0605538,-22.8875277],[-47.0606918,-22.8875454],[-47.0609159,-22.8875786],[-47.0608677,-22.8874212],[-47.0620276,-22.8866345],[-47.0638327,-22.8854915],[-47.0644964,-22.884914],[-47.0651006,-22.8843671],[-47.0652528,-22.8841839],[-47.0654436,-22.8837549],[-47.0658374,-22.8827385],[-47.0661754,-22.8818854],[-47.0676146,-22.8783409],[-47.0677158,-22.8782596],[-47.0676931,-22.8763339],[-47.0677033,-22.8760316],[-47.0677405,-22.8758801],[-47.0681988,-22.8745441],[-47.0685419,-22.8733453],[-47.0708135,-22.8675387],[-47.071032,-22.8667945],[-47.0711252,-22.8662364],[-47.0711994,-22.8650559],[-47.0712786,-22.8640902],[-47.0713741,-22.8634465],[-47.0716682,-22.8612822],[-47.0718077,-22.8604665],[-47.0719534,-22.8599605],[-47.0734989,-22.8564216],[-47.0743712,-22.8547912],[-47.0750697,-22.8534858],[-47.0771544,-22.8495417],[-47.078526,-22.846975],[-47.0786958,-22.8465854],[-47.0791323,-22.8452261],[-47.0784381,-22.8451614],[-47.077676,-22.845038],[-47.0766672,-22.8449179],[-47.0754499,-22.8447189],[-47.0698602,-22.8439896],[-47.0599568,-22.8427035],[-47.0562838,-22.8422201],[-47.0555764,-22.8421418],[-47.0548581,-22.8421071],[-47.053997,-22.8421024],[-47.0531244,-22.8421587],[-47.0522978,-22.8422606],[-47.0517083,-22.8423447],[-47.0511465,-22.8424562],[-47.0506791,-22.842571],[-47.0472335,-22.8435005],[-47.0464235,-22.8436732],[-47.0458043,-22.8438055],[-47.0451106,-22.8439148],[-47.0443607,-22.8439587],[-47.0435355,-22.8440168],[-47.0410254,-22.8440753],[-47.0385358,-22.8441813],[-47.0376517,-22.8442708],[-47.0370278,-22.8443807],[-47.0367127,-22.8444658],[-47.0364326,-22.8445701],[-47.0359024,-22.8447638],[-47.0354608,-22.8449664],[-47.035003,-22.845228],[-47.0345219,-22.8455483],[-47.0336721,-22.8461864],[-47.0322044,-22.8473122],[-47.0291287,-22.8496976],[-47.0290114,-22.8497954],[-47.0286641,-22.8500597],[-47.0276679,-22.8508282],[-47.0273797,-22.8510548],[-47.0271013,-22.8512856],[-47.0268935,-22.8514878],[-47.0267011,-22.8516824],[-47.0264667,-22.8519257],[-47.026222,-22.852228],[-47.0260224,-22.8524967],[-47.0258104,-22.8528034],[-47.0256244,-22.8531088],[-47.0254973,-22.8533426],[-47.0253692,-22.8536101],[-47.025165,-22.8540897],[-47.0249951,-22.8545266],[-47.0248531,-22.8548795],[-47.0246491,-22.8554002],[-47.0244222,-22.855957],[-47.0242009,-22.8565189],[-47.0235388,-22.8581921],[-47.0229395,-22.8597176],[-47.0223446,-22.8612167],[-47.0204711,-22.8659647],[-47.0202601,-22.8664972],[-47.0209118,-22.8666711],[-47.0212457,-22.8668057],[-47.0222854,-22.8674854],[-47.0228012,-22.8678782],[-47.0230303,-22.8681114],[-47.023737,-22.8687375],[-47.0240877,-22.8690065],[-47.0253732,-22.8696115],[-47.0258135,-22.8698992],[-47.028904,-22.8719339],[-47.0309802,-22.8723161],[-47.0325718,-22.8731896],[-47.0328661,-22.8733213],[-47.0335731,-22.8736915],[-47.0337502,-22.8738066],[-47.0366139,-22.8753744],[-47.037071,-22.8756059],[-47.0379476,-22.8760754],[-47.0384738,-22.876238],[-47.0388945,-22.8763427],[-47.0389344,-22.8763821],[-47.0393977,-22.8768215],[-47.0396788,-22.8771311],[-47.0398667,-22.8774341],[-47.0399815,-22.8777554],[-47.0401033,-22.8783247],[-47.0401864,-22.8788419],[-47.0407015,-22.8807193],[-47.0408363,-22.881059],[-47.0410376,-22.8813744],[-47.041332,-22.8816779],[-47.0416792,-22.881889],[-47.0420127,-22.8820136],[-47.0424059,-22.8820892],[-47.0429255,-22.8821406],[-47.0437692,-22.8820766]]]}},{"type":"Feature","properties":{"id":"s\u00e3o-jos\u00e9","nome":"S\u00e3o Jos\u00e9","apg":6,"fonte_limite":"Prefeitura Municipal de Campinas - Portal de Metadados Geoespaciais, camada Historico de Populacao por APG","precisao":"Geometria oficial baixada em SHP e convertida para GeoJSON para uso no prototipo web","ID":6,"APG":"S\u00e3o Jos\u00e9","NOME_COMPL":"APG SAO JOSE","POP_2010":50380.0,"POP_2000":40405,"POP_1996":31297,"POP_1991":25742,"POP_1980":11567,"POP_1970":907,"VAR_POPULA":49473,"VAR_PERC_P":1373.19,"POP_2022":74919.0},"geometry":{"type":"Polygon","coordinates":[[[-47.0718141,-23.0267349],[-47.0722148,-23.0269126],[-47.0723595,-23.0270827],[-47.072412,-23.0272277],[-47.0725792,-23.0272963],[-47.0730469,-23.0275735],[-47.0731886,-23.027693],[-47.0734707,-23.0278431],[-47.0740774,-23.0280617],[-47.0746274,-23.0268648],[-47.0759759,-23.0241359],[-47.0772348,-23.0224117],[-47.0791849,-23.0201443],[-47.0821476,-23.0169288],[-47.0829033,-23.0160387],[-47.0853407,-23.0140582],[-47.0867797,-23.0129749],[-47.0896046,-23.0110489],[-47.0916471,-23.0096269],[-47.0919951,-23.0093734],[-47.0945564,-23.0075813],[-47.0959022,-23.006131],[-47.0974992,-23.0043903],[-47.1000851,-23.0013699],[-47.101801,-22.9993634],[-47.103025,-22.9979387],[-47.1054453,-22.9959237],[-47.1086777,-22.9937201],[-47.1082392,-22.9926717],[-47.1076848,-22.9907479],[-47.1060369,-22.9850292],[-47.1056165,-22.9835444],[-47.1052212,-22.9822282],[-47.1042328,-22.9790097],[-47.1030247,-22.9749577],[-47.1025713,-22.9734484],[-47.102153,-22.9720541],[-47.1019319,-22.971317],[-47.1018398,-22.97101],[-47.1016689,-22.9704619],[-47.1015584,-22.9701193],[-47.1013252,-22.9694345],[-47.1011949,-22.969069],[-47.1010694,-22.9687268],[-47.1008585,-22.9681766],[-47.1007355,-22.9678736],[-47.100478,-22.9672467],[-47.1002459,-22.9667153],[-47.099881,-22.9659235],[-47.0997014,-22.9655511],[-47.0994416,-22.9650173],[-47.0989509,-22.9640845],[-47.0987485,-22.9637133],[-47.0984615,-22.9632072],[-47.0979993,-22.962432],[-47.0967624,-22.9603866],[-47.0966919,-22.9602716],[-47.0952856,-22.9579457],[-47.0952006,-22.9578051],[-47.0945692,-22.9566105],[-47.0938733,-22.9552273],[-47.0932713,-22.9540792],[-47.0910797,-22.9494534],[-47.0903518,-22.9479146],[-47.0898722,-22.9469044],[-47.0885292,-22.9440985],[-47.0880925,-22.9431876],[-47.0876334,-22.9422207],[-47.0872075,-22.9413357],[-47.0870175,-22.940941],[-47.0865921,-22.9400546],[-47.0864189,-22.9396911],[-47.0861601,-22.9391487],[-47.0860254,-22.9388819],[-47.0858321,-22.9385374],[-47.0857101,-22.9383358],[-47.085551,-22.938094],[-47.0854314,-22.9379215],[-47.0852544,-22.9376768],[-47.085123,-22.9375114],[-47.0848591,-22.9371921],[-47.0845966,-22.9369055],[-47.0843377,-22.9366402],[-47.0840971,-22.9364147],[-47.0839287,-22.9362627],[-47.083629,-22.9360151],[-47.0833542,-22.9358043],[-47.0829913,-22.9355528],[-47.0827216,-22.9353772],[-47.0823917,-22.9351851],[-47.0819754,-22.9349605],[-47.0815344,-22.9347496],[-47.0811209,-22.9345717],[-47.0805985,-22.9343781],[-47.0799998,-22.9341915],[-47.0795677,-22.9340866],[-47.0791703,-22.9340058],[-47.0774251,-22.9337448],[-47.0762916,-22.9335693],[-47.0755668,-22.9334492],[-47.0748403,-22.9332747],[-47.0744217,-22.9331331],[-47.0739032,-22.9329132],[-47.073387,-22.9332363],[-47.0729979,-22.9335003],[-47.0727749,-22.9336613],[-47.0720793,-22.9342413],[-47.0718238,-22.9344786],[-47.0716165,-22.9346878],[-47.0714454,-22.9348702],[-47.0713185,-22.9350124],[-47.0710981,-22.9352707],[-47.0709328,-22.9354798],[-47.0706214,-22.9359154],[-47.0705223,-22.9360681],[-47.0703822,-22.9362839],[-47.0701406,-22.9366886],[-47.0695057,-22.9378099],[-47.0599054,-22.9546539],[-47.0556629,-22.9620889],[-47.0457468,-22.9794882],[-47.0453285,-22.9801945],[-47.0449418,-22.9808065],[-47.0449798,-22.9808298],[-47.045042,-22.9808559],[-47.045105,-22.9808801],[-47.0451654,-22.9809094],[-47.0452246,-22.9809409],[-47.0452855,-22.9809695],[-47.0453453,-22.9810055],[-47.0453981,-22.9810506],[-47.0454383,-22.9810846],[-47.0455036,-22.9811277],[-47.0455408,-22.9811475],[-47.0455985,-22.9811903],[-47.0456495,-22.9812446],[-47.045681,-22.9813008],[-47.0457153,-22.9813554],[-47.0457519,-22.9814087],[-47.0457892,-22.9814617],[-47.0458268,-22.9815145],[-47.0458637,-22.9815676],[-47.0458967,-22.9816229],[-47.0459237,-22.9816808],[-47.0459512,-22.9817387],[-47.0459865,-22.9817928],[-47.0460247,-22.9818451],[-47.0460571,-22.9819007],[-47.0460835,-22.981959],[-47.0461089,-22.9820176],[-47.0461329,-22.9820767],[-47.0461523,-22.9821373],[-47.046168,-22.9821988],[-47.0461851,-22.98226],[-47.0462055,-22.9823203],[-47.0462262,-22.9823805],[-47.0462446,-22.9824414],[-47.04626,-22.982503],[-47.046273,-22.982565],[-47.0462858,-22.982627],[-47.0463005,-22.9826889],[-47.0463171,-22.9827501],[-47.0463349,-22.9828111],[-47.0463516,-22.9828724],[-47.0463657,-22.9829342],[-47.0463817,-22.9829957],[-47.0464052,-22.9830549],[-47.046433,-22.9831127],[-47.0464596,-22.9831709],[-47.0464869,-22.9832288],[-47.0465205,-22.9832837],[-47.0465574,-22.983337],[-47.0465926,-22.9833994],[-47.0466355,-22.9834299],[-47.0467002,-22.9834595],[-47.0467677,-22.9834681],[-47.0468352,-22.9834775],[-47.0469009,-22.9834946],[-47.0469651,-22.983516],[-47.0470295,-22.9835369],[-47.0470949,-22.9835552],[-47.0471613,-22.9835699],[-47.0472275,-22.9835852],[-47.0472925,-22.9836044],[-47.0473569,-22.9836251],[-47.0474221,-22.9836442],[-47.0474877,-22.9836615],[-47.0475536,-22.983678],[-47.0476194,-22.9836949],[-47.0476846,-22.9837134],[-47.0477492,-22.983734],[-47.0478285,-22.9837556],[-47.0479382,-22.9837889],[-47.0479743,-22.9838036],[-47.0480009,-22.9838192],[-47.048007,-22.9838473],[-47.0479477,-22.983954],[-47.0479091,-22.9840062],[-47.0478739,-22.9840602],[-47.047847,-22.9841184],[-47.0478254,-22.9841782],[-47.047805,-22.9842385],[-47.0477891,-22.9842999],[-47.0477802,-22.9843626],[-47.0477767,-22.9844257],[-47.0477782,-22.9844889],[-47.047792,-22.9845506],[-47.0478254,-22.9846054],[-47.0478814,-22.9846646],[-47.0479313,-22.9847014],[-47.0479861,-22.98473],[-47.0480263,-22.9847428],[-47.0481094,-22.9847695],[-47.0481862,-22.9847895],[-47.0482457,-22.9848022],[-47.0483122,-22.9848165],[-47.0483798,-22.9848252],[-47.0484478,-22.9848281],[-47.0485161,-22.9848267],[-47.0485843,-22.9848237],[-47.0486525,-22.9848207],[-47.0487205,-22.9848165],[-47.0487885,-22.9848101],[-47.0488562,-22.9848016],[-47.0489235,-22.9847917],[-47.0489909,-22.9847819],[-47.0490588,-22.9847737],[-47.0491266,-22.9847677],[-47.0491947,-22.9847639],[-47.0492628,-22.9847597],[-47.0493305,-22.9847517],[-47.0493983,-22.9847445],[-47.0494664,-22.9847473],[-47.0495209,-22.9847603],[-47.0495906,-22.9847963],[-47.0496417,-22.9848382],[-47.0496909,-22.9848821],[-47.049743,-22.9849229],[-47.049798,-22.9849603],[-47.0498556,-22.9849943],[-47.0499154,-22.9850248],[-47.0499769,-22.9850521],[-47.050039,-22.9850784],[-47.0501004,-22.9851058],[-47.0501619,-22.9851333],[-47.0502245,-22.9851587],[-47.0502882,-22.9851811],[-47.0503535,-22.9851996],[-47.0504201,-22.9852135],[-47.0504875,-22.9852226],[-47.0505557,-22.9852269],[-47.0506239,-22.9852271],[-47.0506921,-22.9852241],[-47.0507601,-22.9852191],[-47.0508281,-22.9852128],[-47.0508959,-22.9852051],[-47.0509634,-22.9851963],[-47.0510309,-22.985187],[-47.0510986,-22.9851783],[-47.0511663,-22.9851705],[-47.0512342,-22.9851641],[-47.0513022,-22.9851592],[-47.0513704,-22.9851558],[-47.0514386,-22.9851539],[-47.0515069,-22.9851534],[-47.0515751,-22.9851522],[-47.051641,-22.9851508],[-47.0517011,-22.9851594],[-47.051774,-22.985183],[-47.0518181,-22.9851938],[-47.0518981,-22.9851803],[-47.0519823,-22.9851698],[-47.0520501,-22.9851769],[-47.0521168,-22.9851901],[-47.0521836,-22.9852032],[-47.0522512,-22.9852123],[-47.0523185,-22.9852224],[-47.0523848,-22.9852374],[-47.052451,-22.9852528],[-47.0525181,-22.9852639],[-47.0525857,-22.9852735],[-47.0526527,-22.9852858],[-47.0527188,-22.9853016],[-47.0527837,-22.9853208],[-47.0528479,-22.9853423],[-47.0529115,-22.9853651],[-47.0529675,-22.985393],[-47.0530268,-22.9854221],[-47.0530927,-22.9854631],[-47.0531519,-22.9855095],[-47.0531741,-22.9855179],[-47.0532206,-22.9855554],[-47.0532759,-22.9856341],[-47.0533146,-22.9856862],[-47.0533589,-22.9857344],[-47.0534049,-22.9857811],[-47.0534477,-22.9858302],[-47.0534819,-22.9858848],[-47.053502,-22.985945],[-47.0535117,-22.9860075],[-47.0535166,-22.9860706],[-47.0535207,-22.9861336],[-47.0535269,-22.9861966],[-47.0535342,-22.9862595],[-47.0535397,-22.9863225],[-47.0535429,-22.9863856],[-47.0535449,-22.9864487],[-47.0535462,-22.9865119],[-47.0535462,-22.9865751],[-47.0535459,-22.9866384],[-47.0535501,-22.9867014],[-47.0535613,-22.9867638],[-47.0535758,-22.9868255],[-47.0535923,-22.9868868],[-47.0536233,-22.9869407],[-47.0536698,-22.9869854],[-47.0537223,-22.9870257],[-47.0537699,-22.9870718],[-47.0538233,-22.9871221],[-47.0538349,-22.987134],[-47.0538972,-22.9872106],[-47.053933,-22.9872614],[-47.0539789,-22.9873191],[-47.0540224,-22.9873678],[-47.0540687,-22.9874142],[-47.0541088,-22.9874652],[-47.0541446,-22.9875191],[-47.0541867,-22.9875687],[-47.0542374,-22.9876109],[-47.0542912,-22.9876498],[-47.0543467,-22.9876866],[-47.0544071,-22.9877158],[-47.0544714,-22.987737],[-47.0545336,-22.9877629],[-47.0545874,-22.9878015],[-47.0546345,-22.9878472],[-47.0546792,-22.987895],[-47.0547242,-22.9879425],[-47.0547711,-22.9879885],[-47.0548182,-22.9880342],[-47.0548629,-22.988082],[-47.0549043,-22.9881323],[-47.0549419,-22.9881849],[-47.0549784,-22.9882384],[-47.0550168,-22.9882906],[-47.0550506,-22.9883454],[-47.0550823,-22.9884043],[-47.0550819,-22.9884553],[-47.0550771,-22.9885028],[-47.0550683,-22.9885917],[-47.0550628,-22.9886594],[-47.0550644,-22.9887226],[-47.0550666,-22.9887857],[-47.0550701,-22.9888488],[-47.0550726,-22.988912],[-47.0550709,-22.9889752],[-47.0550648,-22.9890381],[-47.0550561,-22.9891007],[-47.0550447,-22.9891631],[-47.0550297,-22.9892247],[-47.0550156,-22.9892865],[-47.0550164,-22.9893494],[-47.0550374,-22.9894095],[-47.0550651,-22.9894671],[-47.0550887,-22.9895134],[-47.0551194,-22.9895527],[-47.0552003,-22.989568],[-47.0552954,-22.9895581],[-47.0553637,-22.9895567],[-47.0554319,-22.9895554],[-47.0555001,-22.9895529],[-47.0555678,-22.9895449],[-47.0556339,-22.9895292],[-47.0556986,-22.9895093],[-47.0557634,-22.9894891],[-47.0558293,-22.989473],[-47.0558967,-22.9894638],[-47.0559648,-22.9894575],[-47.0560324,-22.9894495],[-47.0561002,-22.9894415],[-47.0561683,-22.9894373],[-47.0562365,-22.9894367],[-47.0563047,-22.989437],[-47.056373,-22.9894358],[-47.0564412,-22.989432],[-47.0565091,-22.9894266],[-47.0565773,-22.9894242],[-47.0566453,-22.9894294],[-47.056711,-22.989446],[-47.0567719,-22.9894746],[-47.0568296,-22.9895084],[-47.0568865,-22.9895432],[-47.0569391,-22.9895833],[-47.0569829,-22.9896316],[-47.0570195,-22.989685],[-47.0570537,-22.9897397],[-47.0570935,-22.9897909],[-47.0571454,-22.9898318],[-47.0572027,-22.9898661],[-47.0572651,-22.9898905],[-47.0573151,-22.9898965],[-47.0573629,-22.9899227],[-47.0574192,-22.9899658],[-47.0575031,-22.9899956],[-47.0575705,-22.9900118],[-47.0576388,-22.9900126],[-47.0577071,-22.9900157],[-47.057775,-22.9900207],[-47.0578429,-22.9900279],[-47.0579101,-22.9900389],[-47.0579768,-22.9900522],[-47.0580445,-22.9900601],[-47.0580791,-22.9900619],[-47.0581439,-22.9900733],[-47.0582447,-22.9900875],[-47.0583142,-22.9901008],[-47.0584182,-22.9901083],[-47.0584865,-22.9901096],[-47.0585358,-22.9901174],[-47.0585847,-22.9901463],[-47.0586186,-22.9901769],[-47.0586784,-22.9902381],[-47.0587318,-22.9902774],[-47.0587857,-22.9903163],[-47.058845,-22.9903473],[-47.0589098,-22.9903669],[-47.0589614,-22.990378],[-47.0590254,-22.9903998],[-47.0590888,-22.9904232],[-47.0591514,-22.9904484],[-47.059215,-22.9904713],[-47.0592813,-22.9904865],[-47.0593483,-22.9904983],[-47.0594141,-22.9905151],[-47.059477,-22.9905393],[-47.0595367,-22.9905699],[-47.0595903,-22.9906088],[-47.0596313,-22.9906592],[-47.0596579,-22.9907173],[-47.059671,-22.9907543],[-47.0597042,-22.9908096],[-47.059737,-22.990865],[-47.0597698,-22.9909205],[-47.0598071,-22.9909734],[-47.0598546,-22.9910184],[-47.0599131,-22.9910507],[-47.059976,-22.9910754],[-47.0600849,-22.9911101],[-47.0601062,-22.991111],[-47.0601742,-22.9911064],[-47.0602438,-22.9911026],[-47.0603119,-22.9910987],[-47.060378,-22.9910939],[-47.0604463,-22.9910952],[-47.0605146,-22.9910959],[-47.0605829,-22.9910957],[-47.0606511,-22.9910953],[-47.0607192,-22.9910954],[-47.0607875,-22.9910946],[-47.0608556,-22.9910898],[-47.0609232,-22.9910807],[-47.0609906,-22.9910709],[-47.0610583,-22.9910628],[-47.0611184,-22.9910625],[-47.0611731,-22.9910654],[-47.0612683,-22.9910573],[-47.061331,-22.991051],[-47.0613991,-22.9910495],[-47.0614674,-22.991047],[-47.0615357,-22.9910476],[-47.0616032,-22.9910566],[-47.0616697,-22.9910703],[-47.0617371,-22.9910811],[-47.0618047,-22.9910893],[-47.0618717,-22.991101],[-47.0619377,-22.9911172],[-47.0620038,-22.9911332],[-47.0620704,-22.9911466],[-47.0621377,-22.991157],[-47.0622055,-22.9911649],[-47.0622732,-22.9911727],[-47.0623408,-22.9911814],[-47.0624085,-22.9911898],[-47.0624763,-22.9911971],[-47.0625442,-22.9912041],[-47.0625998,-22.9912097],[-47.0626431,-22.9912143],[-47.0627486,-22.9912094],[-47.0628168,-22.9912103],[-47.0628786,-22.9912176],[-47.0630103,-22.9912599],[-47.0631611,-22.9913298],[-47.0632923,-22.9913649],[-47.0633571,-22.9913844],[-47.0634209,-22.991407],[-47.0634821,-22.9914348],[-47.063539,-22.9914698],[-47.0635889,-22.9915127],[-47.0636352,-22.9915592],[-47.0636852,-22.9916021],[-47.0637421,-22.9916368],[-47.0638057,-22.9916593],[-47.0638733,-22.9916683],[-47.0639412,-22.9916652],[-47.0639977,-22.9916619],[-47.0640745,-22.9916644],[-47.0641238,-22.9916718],[-47.0642093,-22.9916906],[-47.0642719,-22.9917157],[-47.0643328,-22.9917442],[-47.0643925,-22.9917748],[-47.0644509,-22.9918073],[-47.0646217,-22.9919123],[-47.0647369,-22.99198],[-47.0647962,-22.9920114],[-47.0648603,-22.9920327],[-47.0649936,-22.9920595],[-47.0651262,-22.99209],[-47.0652596,-22.9921168],[-47.0653267,-22.9921286],[-47.0654577,-22.9921513],[-47.0655051,-22.9921651],[-47.0655815,-22.9922014],[-47.065632,-22.9922439],[-47.0656868,-22.9922813],[-47.0657473,-22.9923107],[-47.0658003,-22.9923499],[-47.0658723,-22.9924571],[-47.0659107,-22.9925094],[-47.0659448,-22.992564],[-47.0660293,-22.9927367],[-47.0660542,-22.9927956],[-47.0660733,-22.9928563],[-47.0661042,-22.9929793],[-47.0661242,-22.9930397],[-47.0661779,-22.9931559],[-47.0662001,-22.9932157],[-47.0662159,-22.9932772],[-47.0662256,-22.9933397],[-47.0662307,-22.9934027],[-47.0662364,-22.9935922],[-47.066235,-22.9936554],[-47.0662276,-22.9937182],[-47.0661763,-22.9939664],[-47.0661592,-22.9940276],[-47.0661336,-22.9940861],[-47.0660997,-22.994141],[-47.0660681,-22.994197],[-47.0660338,-22.9943304],[-47.0659988,-22.9945059],[-47.0659885,-22.9945683],[-47.065983,-22.9946314],[-47.0659756,-22.9947575],[-47.0659674,-22.9948203],[-47.0659532,-22.994882],[-47.0659325,-22.9949422],[-47.0658588,-22.9951191],[-47.0658379,-22.9951794],[-47.0657817,-22.9953615],[-47.0657616,-22.995422],[-47.0657452,-22.9954833],[-47.0657288,-22.9956088],[-47.0657131,-22.9956702],[-47.0656943,-22.995731],[-47.0656612,-22.9958681],[-47.0656247,-22.9960401],[-47.0656193,-22.9961031],[-47.0656102,-22.9961657],[-47.0655929,-22.9962268],[-47.0655683,-22.9962857],[-47.0655385,-22.9963425],[-47.065474,-22.996454],[-47.0654044,-22.9965626],[-47.0653839,-22.9966222],[-47.0654189,-22.9966737],[-47.0654806,-22.9966997],[-47.0655483,-22.9967054],[-47.0656981,-22.9966892],[-47.0657663,-22.9966895],[-47.0657859,-22.9966926],[-47.0658571,-22.9967262],[-47.0659273,-22.996783],[-47.0659752,-22.996828],[-47.0660831,-22.9969054],[-47.0661309,-22.9969505],[-47.0661723,-22.9970006],[-47.0662514,-22.9971037],[-47.0662956,-22.9971518],[-47.066391,-22.9972422],[-47.066437,-22.9972889],[-47.06648,-22.9973381],[-47.066519,-22.9973899],[-47.0665538,-22.9974443],[-47.0666194,-22.997555],[-47.0666574,-22.9976074],[-47.0666997,-22.9976571],[-47.0667882,-22.9977534],[-47.0668258,-22.9977944],[-47.0668553,-22.9978513],[-47.0668797,-22.9979112],[-47.0669002,-22.9980141],[-47.0669146,-22.9981088],[-47.0669761,-22.9983059],[-47.0669987,-22.9983395],[-47.0670467,-22.9983994],[-47.0671189,-22.9985067],[-47.0671567,-22.9985593],[-47.067202,-22.9986064],[-47.0672549,-22.9986465],[-47.0673094,-22.9986845],[-47.067362,-22.9987247],[-47.0674117,-22.998768],[-47.067507,-22.9988585],[-47.0675574,-22.9989011],[-47.0676043,-22.998947],[-47.0676404,-22.9990006],[-47.0676707,-22.9990571],[-47.0677037,-22.9991125],[-47.0677387,-22.9991667],[-47.067764,-22.9992253],[-47.0677847,-22.9992855],[-47.0678136,-22.9993427],[-47.0678514,-22.9993953],[-47.0679348,-22.9994954],[-47.0679703,-22.9995494],[-47.0680326,-22.9996617],[-47.0680705,-22.9997142],[-47.068115,-22.9997621],[-47.0681626,-22.9998074],[-47.0682058,-22.9998563],[-47.0682794,-22.9999627],[-47.0683204,-23.0000132],[-47.0683586,-23.0000656],[-47.0683892,-23.000122],[-47.0684428,-23.0002382],[-47.0684789,-23.0002917],[-47.0685772,-23.0003792],[-47.0686182,-23.0004297],[-47.0686553,-23.0004955],[-47.0686935,-23.0006009],[-47.0688206,-23.0007274],[-47.0688734,-23.0008145],[-47.0689076,-23.0009512],[-47.0689257,-23.0009949],[-47.0689766,-23.001183],[-47.0690071,-23.0017642],[-47.068998,-23.0022193],[-47.0690054,-23.0026541],[-47.0689943,-23.002935],[-47.0689975,-23.0031156],[-47.0690161,-23.0032619],[-47.0690386,-23.0033465],[-47.069146,-23.0035807],[-47.0692482,-23.0037508],[-47.0693581,-23.0039235],[-47.0694024,-23.0040076],[-47.0694554,-23.0041675],[-47.0694581,-23.0043539],[-47.0693699,-23.0044941],[-47.0692764,-23.0046214],[-47.0690956,-23.0048212],[-47.0689495,-23.0049405],[-47.0688761,-23.0049663],[-47.0685696,-23.0050448],[-47.068388,-23.005177],[-47.0682714,-23.0053913],[-47.0682254,-23.0056344],[-47.068217,-23.005835],[-47.0681276,-23.0066068],[-47.0681257,-23.0067941],[-47.0681417,-23.0069876],[-47.0681833,-23.0070574],[-47.0683156,-23.0072411],[-47.0684124,-23.0074055],[-47.068489,-23.0075789],[-47.0685117,-23.0076492],[-47.0686087,-23.0078726],[-47.0687819,-23.0081353],[-47.0690837,-23.0084133],[-47.0691737,-23.0085346],[-47.0692521,-23.0086702],[-47.0694454,-23.0087611],[-47.0700361,-23.0088777],[-47.0707541,-23.0088155],[-47.0711002,-23.0087928],[-47.0712861,-23.0088168],[-47.0714824,-23.0089411],[-47.0717417,-23.009134],[-47.0719463,-23.0092718],[-47.072116,-23.0095352],[-47.072508,-23.0098412],[-47.0725989,-23.0099537],[-47.0728552,-23.0101891],[-47.0730395,-23.010545],[-47.0731016,-23.010702],[-47.0731594,-23.0109574],[-47.0732423,-23.0112135],[-47.0733057,-23.0113772],[-47.0733284,-23.0115425],[-47.0733484,-23.0118898],[-47.0733988,-23.0122076],[-47.0734332,-23.0123025],[-47.073607,-23.0124988],[-47.0737528,-23.0126088],[-47.0741123,-23.0129381],[-47.0742629,-23.0130307],[-47.0744075,-23.0132226],[-47.0746069,-23.0134292],[-47.0746625,-23.0135673],[-47.07477,-23.0136929],[-47.0749167,-23.0139072],[-47.0749577,-23.0140144],[-47.0749718,-23.0143348],[-47.0750011,-23.014574],[-47.0750945,-23.0147915],[-47.0751785,-23.0150335],[-47.0751736,-23.0150927],[-47.0750494,-23.0151702],[-47.0750105,-23.0151869],[-47.0746927,-23.0152511],[-47.0744441,-23.0153573],[-47.0743417,-23.0154417],[-47.0742058,-23.0155176],[-47.073993,-23.0156886],[-47.0739684,-23.0157207],[-47.0738926,-23.0158725],[-47.0737656,-23.0160594],[-47.0736693,-23.0162317],[-47.0735486,-23.0165231],[-47.0735147,-23.0166353],[-47.0734667,-23.0167345],[-47.0734148,-23.0168172],[-47.0733359,-23.0169889],[-47.0732563,-23.0171148],[-47.0731239,-23.0172709],[-47.0730966,-23.0173368],[-47.0730942,-23.0174157],[-47.0731271,-23.0174842],[-47.0732032,-23.0175883],[-47.0732328,-23.0176733],[-47.073234,-23.0177488],[-47.0731993,-23.0177953],[-47.0731428,-23.0178157],[-47.0730785,-23.0177837],[-47.0730065,-23.0177124],[-47.072924,-23.0176478],[-47.07286,-23.0176388],[-47.0727681,-23.0176531],[-47.0726942,-23.0176902],[-47.0726386,-23.0177665],[-47.0726183,-23.0178258],[-47.0726614,-23.0178647],[-47.072722,-23.0178868],[-47.0728142,-23.0178889],[-47.0728642,-23.0179112],[-47.0728793,-23.0179668],[-47.0728553,-23.0180264],[-47.0728066,-23.0180828],[-47.0727759,-23.018162],[-47.0727735,-23.018231],[-47.0728256,-23.0183944],[-47.0728237,-23.0185094],[-47.0727756,-23.0186053],[-47.072692,-23.0187081],[-47.0725763,-23.0187884],[-47.0724783,-23.0188718],[-47.072405,-23.0189484],[-47.0723465,-23.0190641],[-47.0723022,-23.0191828],[-47.0723064,-23.0194586],[-47.0722736,-23.0196298],[-47.0723206,-23.0196816],[-47.0723706,-23.0197106],[-47.0724879,-23.0197319],[-47.0725421,-23.019797],[-47.0725546,-23.0199183],[-47.0725524,-23.0200135],[-47.0726031,-23.020085],[-47.0726746,-23.0201202],[-47.0728199,-23.0201183],[-47.0729483,-23.0201626],[-47.072995,-23.020208],[-47.0729995,-23.0202671],[-47.0729509,-23.0203301],[-47.0727964,-23.0204339],[-47.0727441,-23.0204904],[-47.0727385,-23.0205922],[-47.0727646,-23.0206739],[-47.0727697,-23.0207758],[-47.0726905,-23.0209311],[-47.0726847,-23.0210133],[-47.0727046,-23.0211543],[-47.0727745,-23.0213207],[-47.072783,-23.0214126],[-47.0727633,-23.0215146],[-47.0725797,-23.0220227],[-47.0725084,-23.0222306],[-47.0724487,-23.0225039],[-47.0724262,-23.022652],[-47.0724385,-23.0227666],[-47.0725305,-23.0229854],[-47.0725497,-23.0230804],[-47.0725443,-23.0231888],[-47.0725248,-23.023304],[-47.0725485,-23.0234613],[-47.0725788,-23.0235857],[-47.0725803,-23.0236875],[-47.0725608,-23.0238026],[-47.0724716,-23.0240008],[-47.0724305,-23.0240998],[-47.0724003,-23.0242085],[-47.0723942,-23.024271],[-47.0724452,-23.0243558],[-47.0725146,-23.0244961],[-47.0725299,-23.0245648],[-47.072485,-23.0246409],[-47.0723904,-23.0247176],[-47.0723059,-23.0247615],[-47.0720258,-23.0247585],[-47.0719623,-23.0247792],[-47.0719275,-23.0248256],[-47.071939,-23.0248747],[-47.0719998,-23.02491],[-47.072089,-23.0249483],[-47.0721606,-23.0249899],[-47.0721863,-23.025052],[-47.0721485,-23.0251247],[-47.072067,-23.0251291],[-47.0719392,-23.0251209],[-47.0718254,-23.0251027],[-47.0717049,-23.0251042],[-47.0716347,-23.0251512],[-47.0716109,-23.0252138],[-47.0716756,-23.0252722],[-47.0717756,-23.0253234],[-47.0718331,-23.0253752],[-47.07187,-23.0254699],[-47.0718818,-23.0255453],[-47.0718015,-23.0256219],[-47.0717135,-23.025669],[-47.0715971,-23.0257035],[-47.0715273,-23.0257732],[-47.0715211,-23.0258357],[-47.0715646,-23.0259009],[-47.0716801,-23.0260372],[-47.071735,-23.0261481],[-47.0717466,-23.0262104],[-47.0717445,-23.0263056],[-47.0718513,-23.0265636],[-47.0718421,-23.026659],[-47.0718141,-23.0267349]]]}},{"type":"Feature","properties":{"id":"santa-l\u00facia","nome":"Santa L\u00facia","apg":17,"fonte_limite":"Prefeitura Municipal de Campinas - Portal de Metadados Geoespaciais, camada Historico de Populacao por APG","precisao":"Geometria oficial baixada em SHP e convertida para GeoJSON para uso no prototipo web","ID":17,"APG":"Santa L\u00facia","NOME_COMPL":"APG SANTA LUCIA","POP_2010":95458.0,"POP_2000":95742,"POP_1996":92619,"POP_1991":88817,"POP_1980":75925,"POP_1970":24248,"VAR_POPULA":71778,"VAR_PERC_P":237.73,"POP_2022":85817.0},"geometry":{"type":"Polygon","coordinates":[[[-47.0739032,-22.9329132],[-47.0744217,-22.9331331],[-47.0748403,-22.9332747],[-47.0755842,-22.9334547],[-47.0762916,-22.9335693],[-47.0774251,-22.9337448],[-47.0791703,-22.9340058],[-47.0795677,-22.9340866],[-47.0799998,-22.9341915],[-47.0805985,-22.9343781],[-47.0811209,-22.9345717],[-47.0815344,-22.9347496],[-47.0819754,-22.9349605],[-47.0823917,-22.9351851],[-47.0827216,-22.9353772],[-47.0829913,-22.9355528],[-47.0833542,-22.9358043],[-47.083629,-22.9360151],[-47.0839287,-22.9362627],[-47.0840971,-22.9364147],[-47.0843377,-22.9366402],[-47.0845966,-22.9369055],[-47.0848591,-22.9371921],[-47.085123,-22.9375114],[-47.0852544,-22.9376768],[-47.0854314,-22.9379215],[-47.085551,-22.938094],[-47.0857101,-22.9383358],[-47.0858321,-22.9385374],[-47.0860254,-22.9388819],[-47.0861601,-22.9391487],[-47.0864189,-22.9396911],[-47.0865921,-22.9400546],[-47.0870175,-22.940941],[-47.0872075,-22.9413357],[-47.0876334,-22.942221],[-47.0880925,-22.9431876],[-47.0885292,-22.9440985],[-47.0898722,-22.9469044],[-47.0903518,-22.9479146],[-47.0910797,-22.9494534],[-47.0932713,-22.9540792],[-47.0938733,-22.9552273],[-47.0945692,-22.9566105],[-47.0952006,-22.9578051],[-47.0952856,-22.9579457],[-47.0966919,-22.9602716],[-47.0967624,-22.9603866],[-47.0979993,-22.962432],[-47.0984615,-22.9632072],[-47.0987485,-22.9637133],[-47.0989509,-22.9640845],[-47.0994416,-22.9650173],[-47.0997014,-22.9655511],[-47.099881,-22.9659235],[-47.1002459,-22.9667153],[-47.100478,-22.9672467],[-47.1007355,-22.9678736],[-47.1008585,-22.9681766],[-47.1010694,-22.9687268],[-47.1011949,-22.969069],[-47.1013252,-22.9694345],[-47.1015584,-22.9701193],[-47.1016689,-22.9704619],[-47.1018398,-22.97101],[-47.1019319,-22.971317],[-47.102153,-22.9720541],[-47.1025713,-22.9734484],[-47.1030247,-22.9749577],[-47.1042328,-22.9790097],[-47.1052212,-22.9822282],[-47.1056165,-22.9835444],[-47.1060369,-22.9850292],[-47.1076848,-22.9907479],[-47.1082392,-22.9926717],[-47.1086777,-22.9937201],[-47.1098481,-22.9927532],[-47.1102367,-22.9922297],[-47.1106253,-22.9917061],[-47.1110138,-22.9909863],[-47.111261,-22.990201],[-47.1114022,-22.9891212],[-47.1114592,-22.9874435],[-47.1114729,-22.9870145],[-47.111825,-22.9799264],[-47.1119341,-22.9792281],[-47.1120611,-22.9786906],[-47.1121408,-22.9784135],[-47.11239,-22.9777668],[-47.1125591,-22.977409],[-47.1144313,-22.9741719],[-47.1163807,-22.9708952],[-47.1168466,-22.9701087],[-47.1174088,-22.9691983],[-47.1181369,-22.9681819],[-47.1188742,-22.9672818],[-47.1232299,-22.9620511],[-47.1238848,-22.9612315],[-47.1244676,-22.9603587],[-47.1248027,-22.9597805],[-47.1251297,-22.9590972],[-47.1253889,-22.9583463],[-47.1254667,-22.9580948],[-47.1255173,-22.957909],[-47.1256507,-22.9572472],[-47.1257083,-22.956797],[-47.1257384,-22.9564321],[-47.1258508,-22.950281],[-47.1259333,-22.944716],[-47.125955,-22.9433834],[-47.125961,-22.942566],[-47.1260602,-22.9414505],[-47.1261333,-22.9408506],[-47.1262686,-22.9398801],[-47.1263302,-22.9394677],[-47.126498,-22.938686],[-47.1269354,-22.9368974],[-47.1277802,-22.9337032],[-47.1288055,-22.9300258],[-47.1280993,-22.9299057],[-47.1275436,-22.9298548],[-47.1270504,-22.9298321],[-47.1264596,-22.9298466],[-47.125345,-22.9299628],[-47.1240939,-22.9302451],[-47.1216325,-22.930837],[-47.1210885,-22.9308016],[-47.1190978,-22.9314158],[-47.1182823,-22.9314467],[-47.1172484,-22.9313424],[-47.11647,-22.9315244],[-47.115837,-22.9318075],[-47.1151321,-22.9321912],[-47.1144617,-22.9322393],[-47.1140258,-22.9320867],[-47.1127191,-22.9317968],[-47.1114109,-22.9312383],[-47.1104314,-22.9311341],[-47.109416,-22.9310634],[-47.1081472,-22.9310925],[-47.1074049,-22.9308392],[-47.106512,-22.9303818],[-47.1062218,-22.9303472],[-47.1046987,-22.9302747],[-47.1030477,-22.930017],[-47.099876,-22.9301232],[-47.098062,-22.9298817],[-47.0959144,-22.9300272],[-47.0956013,-22.9301351],[-47.0942597,-22.9289856],[-47.0940045,-22.928654],[-47.0936584,-22.9283863],[-47.0933911,-22.9280224],[-47.0931256,-22.9270346],[-47.0943604,-22.9247303],[-47.0950743,-22.9232766],[-47.0955444,-22.9223593],[-47.0957364,-22.9212239],[-47.0954484,-22.9194344],[-47.0952762,-22.9190862],[-47.0949959,-22.9186769],[-47.094205,-22.9196122],[-47.0936409,-22.920193],[-47.0926673,-22.9210766],[-47.0920083,-22.9216054],[-47.0911469,-22.9221951],[-47.0879911,-22.9241481],[-47.0828769,-22.927349],[-47.0802472,-22.9289431],[-47.0739032,-22.9329132]]]}},{"type":"Feature","properties":{"id":"garcia","nome":"Garcia","apg":16,"fonte_limite":"Prefeitura Municipal de Campinas - Portal de Metadados Geoespaciais, camada Historico de Populacao por APG","precisao":"Geometria oficial baixada em SHP e convertida para GeoJSON para uso no prototipo web","ID":16,"APG":"Garcia","NOME_COMPL":"APG GARCIA","POP_2010":60163.0,"POP_2000":53087,"POP_1996":66189,"POP_1991":65965,"POP_1980":54876,"POP_1970":13879,"VAR_POPULA":72488,"VAR_PERC_P":353.58,"POP_2022":57418.0},"geometry":{"type":"Polygon","coordinates":[[[-47.0949959,-22.9186769],[-47.0952762,-22.9190862],[-47.0954484,-22.9194344],[-47.0957364,-22.9212239],[-47.0955444,-22.9223593],[-47.0950743,-22.9232766],[-47.0943604,-22.9247303],[-47.0931256,-22.9270346],[-47.0933911,-22.9280224],[-47.0936584,-22.9283863],[-47.0940045,-22.928654],[-47.0942597,-22.9289856],[-47.0956013,-22.9301351],[-47.0959144,-22.9300272],[-47.098062,-22.9298817],[-47.099876,-22.9301232],[-47.1030477,-22.930017],[-47.1046987,-22.9302747],[-47.1062218,-22.9303472],[-47.106512,-22.9303818],[-47.1074049,-22.9308392],[-47.1081472,-22.9310925],[-47.109416,-22.9310634],[-47.1104314,-22.9311341],[-47.1114109,-22.9312383],[-47.1127191,-22.9317968],[-47.1140258,-22.9320867],[-47.1144617,-22.9322393],[-47.1151321,-22.9321912],[-47.115837,-22.9318075],[-47.11647,-22.9315244],[-47.1172484,-22.9313424],[-47.1182823,-22.9314467],[-47.1190978,-22.9314158],[-47.1210885,-22.9308016],[-47.1216325,-22.930837],[-47.1240939,-22.9302451],[-47.125345,-22.9299628],[-47.1264596,-22.9298466],[-47.1270504,-22.9298321],[-47.1275436,-22.9298548],[-47.1280993,-22.9299057],[-47.1288055,-22.9300258],[-47.129141,-22.9287546],[-47.1298977,-22.9264953],[-47.1310345,-22.9243844],[-47.1319772,-22.9232002],[-47.1335726,-22.9218068],[-47.1344914,-22.9213604],[-47.1357793,-22.9209773],[-47.1371862,-22.9207672],[-47.1388553,-22.920945],[-47.1424418,-22.9214111],[-47.1435635,-22.9214341],[-47.1443159,-22.9214077],[-47.1452472,-22.9212872],[-47.1463868,-22.9209897],[-47.1467076,-22.9208809],[-47.1473038,-22.9206787],[-47.1482852,-22.9201604],[-47.1561258,-22.9160463],[-47.1580421,-22.9150169],[-47.1629923,-22.9123578],[-47.164678,-22.9116675],[-47.166327,-22.9112354],[-47.1677309,-22.9109211],[-47.1691485,-22.9108161],[-47.1712783,-22.9108727],[-47.1743697,-22.911259],[-47.1782153,-22.9118451],[-47.1815203,-22.9122652],[-47.1815525,-22.9119848],[-47.1813588,-22.9119621],[-47.1812365,-22.9119205],[-47.1808268,-22.9116951],[-47.1807067,-22.9116352],[-47.1804511,-22.9115473],[-47.1802109,-22.911428],[-47.1801459,-22.9114095],[-47.1798912,-22.911359],[-47.1797555,-22.9113036],[-47.1794911,-22.911243],[-47.1793735,-22.9111794],[-47.1793102,-22.9111562],[-47.1791125,-22.9111072],[-47.1784635,-22.9109133],[-47.1784008,-22.9108883],[-47.1779417,-22.9106163],[-47.177747,-22.9104393],[-47.1776876,-22.9103897],[-47.1774615,-22.910169],[-47.1774092,-22.9101287],[-47.177294,-22.9100613],[-47.1770954,-22.9098884],[-47.1770087,-22.909791],[-47.176959,-22.9097479],[-47.1767415,-22.9095955],[-47.1765606,-22.9095076],[-47.1764445,-22.9094414],[-47.1763824,-22.9094157],[-47.1761819,-22.9093787],[-47.176117,-22.9093596],[-47.1759362,-22.9092712],[-47.1757657,-22.9091668],[-47.1755741,-22.9091011],[-47.1753391,-22.9089735],[-47.1750833,-22.9088864],[-47.1748963,-22.90881],[-47.1747172,-22.9087185],[-47.1745937,-22.9086654],[-47.1744449,-22.9085362],[-47.1742689,-22.90844],[-47.1741378,-22.9084061],[-47.1740751,-22.9083819],[-47.1739596,-22.9083151],[-47.1738948,-22.9082956],[-47.1735624,-22.9082255],[-47.1734324,-22.9081879],[-47.1733113,-22.9081299],[-47.1731228,-22.9080566],[-47.1729471,-22.9079601],[-47.1728374,-22.907885],[-47.172659,-22.9077931],[-47.1726098,-22.9077495],[-47.172554,-22.9076745],[-47.1725041,-22.9075878],[-47.1724647,-22.9075363],[-47.1722438,-22.9072957],[-47.1721941,-22.9072524],[-47.1720325,-22.9071365],[-47.1719085,-22.9069861],[-47.1716261,-22.906712],[-47.17146,-22.9065117],[-47.1714047,-22.9063963],[-47.1712693,-22.9061774],[-47.1711996,-22.9061142],[-47.171172,-22.9060889],[-47.1710448,-22.9059408],[-47.1709033,-22.9058039],[-47.1707357,-22.9056958],[-47.1705962,-22.9055573],[-47.1704904,-22.9054778],[-47.170373,-22.9054113],[-47.1702515,-22.9053571],[-47.1700509,-22.905321],[-47.1697284,-22.9052194],[-47.1696056,-22.9051651],[-47.1695522,-22.9051259],[-47.1694122,-22.904988],[-47.1693574,-22.9049504],[-47.169114,-22.9048369],[-47.1689472,-22.9047274],[-47.1688082,-22.9045885],[-47.1686964,-22.9045169],[-47.1683843,-22.9043898],[-47.1683088,-22.9043385],[-47.1682984,-22.904302],[-47.1683003,-22.9041758],[-47.1682648,-22.9041239],[-47.1681507,-22.9040553],[-47.1681059,-22.9040078],[-47.167989,-22.9038523],[-47.1679558,-22.903797],[-47.1679129,-22.9036776],[-47.1678682,-22.9033009],[-47.1678172,-22.9031786],[-47.1677738,-22.903113],[-47.1677336,-22.9030991],[-47.1675988,-22.9030816],[-47.1675383,-22.9030529],[-47.1673761,-22.9029374],[-47.1671788,-22.9027629],[-47.1669951,-22.9025762],[-47.1667096,-22.9022221],[-47.1666361,-22.9021158],[-47.1665624,-22.901939],[-47.1664491,-22.9017107],[-47.1664284,-22.9015222],[-47.1664192,-22.9013329],[-47.1663565,-22.900831],[-47.1663193,-22.9007095],[-47.1662282,-22.9002756],[-47.1661729,-22.9000933],[-47.1661617,-22.9000312],[-47.1661612,-22.8999681],[-47.1661087,-22.8996971],[-47.16609,-22.8996611],[-47.1659719,-22.8995073],[-47.165906,-22.899329],[-47.1658577,-22.8991455],[-47.165768,-22.8989758],[-47.1657259,-22.8989266],[-47.1656719,-22.898889],[-47.1655543,-22.8988256],[-47.1653079,-22.8986229],[-47.1652801,-22.898575],[-47.1652642,-22.8984415],[-47.1652355,-22.8983843],[-47.1652165,-22.8983246],[-47.1652623,-22.8982062],[-47.1652777,-22.8981449],[-47.1652863,-22.8979558],[-47.1652464,-22.89777],[-47.1652224,-22.8977111],[-47.1650896,-22.8975676],[-47.1649795,-22.8974081],[-47.1649375,-22.8973585],[-47.1647823,-22.8972358],[-47.1646022,-22.8971463],[-47.1644348,-22.8970375],[-47.1643857,-22.8969937],[-47.1642224,-22.8968757],[-47.1639919,-22.8967314],[-47.1638869,-22.8966495],[-47.1638163,-22.896573],[-47.1637381,-22.8964209],[-47.1636389,-22.896275],[-47.1634692,-22.8960402],[-47.163138,-22.8956538],[-47.1630324,-22.8955272],[-47.1629958,-22.8954725],[-47.1628858,-22.8954395],[-47.1622364,-22.8953269],[-47.1621778,-22.8952945],[-47.1618902,-22.895125],[-47.1617911,-22.8950267],[-47.161715,-22.8949323],[-47.1616915,-22.8948732],[-47.1616629,-22.894622],[-47.1616564,-22.8944959],[-47.1616638,-22.8942433],[-47.161614,-22.8939506],[-47.161616,-22.8939319],[-47.161643,-22.8938083],[-47.1616528,-22.8936827],[-47.1616172,-22.8934967],[-47.1616259,-22.8933709],[-47.1616056,-22.8931824],[-47.1615377,-22.892938],[-47.1614738,-22.8927582],[-47.1614452,-22.8925721],[-47.1614378,-22.8923868],[-47.1614479,-22.8922517],[-47.161416,-22.8919279],[-47.1612526,-22.891656],[-47.1611542,-22.8914324],[-47.1609093,-22.8908753],[-47.1608456,-22.8906952],[-47.1606531,-22.8902907],[-47.1605482,-22.8901285],[-47.1604927,-22.8899463],[-47.1604169,-22.8898137],[-47.1603046,-22.8896858],[-47.1602541,-22.8896438],[-47.1601293,-22.8895932],[-47.1597147,-22.889375],[-47.1595862,-22.8893332],[-47.1591847,-22.8892613],[-47.1589807,-22.8892518],[-47.1589137,-22.8892413],[-47.1588493,-22.8892205],[-47.1586652,-22.8891387],[-47.1586124,-22.889099],[-47.158541,-22.8889918],[-47.15846,-22.8888905],[-47.1584334,-22.8888328],[-47.1583935,-22.8886935],[-47.1583605,-22.8886463],[-47.1582872,-22.8885942],[-47.1580838,-22.8884863],[-47.1580391,-22.8884387],[-47.157965,-22.8883327],[-47.1577776,-22.8879958],[-47.1576972,-22.8878939],[-47.157461,-22.8876663],[-47.1573446,-22.887511],[-47.157176,-22.8874044],[-47.1571293,-22.8873585],[-47.1570921,-22.8873056],[-47.1570671,-22.8872284],[-47.1570704,-22.8871834],[-47.1571518,-22.8869425],[-47.1571861,-22.886888],[-47.1572754,-22.8867928],[-47.1573006,-22.8867344],[-47.1573295,-22.8866112],[-47.1574649,-22.8863213],[-47.157535,-22.8862132],[-47.1576693,-22.8860705],[-47.1580532,-22.8857742],[-47.1576917,-22.8856751],[-47.1573223,-22.8855864],[-47.1565995,-22.8854444],[-47.1559649,-22.8853652],[-47.1553589,-22.8853154],[-47.154802,-22.8852875],[-47.1542469,-22.8852581],[-47.153726,-22.8852627],[-47.1533705,-22.885277],[-47.1530498,-22.8853069],[-47.152769,-22.8853456],[-47.152418,-22.8854168],[-47.1519309,-22.8855289],[-47.1514362,-22.8856519],[-47.1503502,-22.8859275],[-47.1496846,-22.8860883],[-47.1492716,-22.8861911],[-47.1489196,-22.8862764],[-47.1481858,-22.8864701],[-47.1475298,-22.8866841],[-47.1468054,-22.8869453],[-47.1463208,-22.8871296],[-47.145675,-22.8874052],[-47.1448745,-22.8877859],[-47.1444619,-22.8879884],[-47.1438932,-22.8882865],[-47.1427442,-22.8888773],[-47.1413529,-22.8895956],[-47.1402394,-22.8901704],[-47.1385638,-22.8909755],[-47.1371289,-22.8917138],[-47.1365716,-22.8919817],[-47.1345209,-22.8930526],[-47.1342401,-22.8932065],[-47.1339889,-22.8933295],[-47.1337425,-22.8934246],[-47.1333843,-22.8935257],[-47.1330163,-22.8936123],[-47.1327123,-22.8936579],[-47.1323417,-22.8936692],[-47.1319265,-22.893664],[-47.1317324,-22.8936542],[-47.1314964,-22.8936091],[-47.1302146,-22.8933244],[-47.1291989,-22.8931195],[-47.1284217,-22.8929432],[-47.1280478,-22.8928862],[-47.1277805,-22.8928677],[-47.1272294,-22.8928795],[-47.1269583,-22.8929115],[-47.1266371,-22.8929737],[-47.1263425,-22.8930571],[-47.12601,-22.893181],[-47.1255897,-22.8933935],[-47.1253951,-22.8935179],[-47.125225,-22.893641],[-47.1250619,-22.8937724],[-47.1248694,-22.8939443],[-47.1246304,-22.8942099],[-47.1244575,-22.8944264],[-47.124312,-22.8946026],[-47.1240018,-22.8949868],[-47.123341,-22.8957793],[-47.1230074,-22.8961762],[-47.1227543,-22.8964033],[-47.1225035,-22.8966023],[-47.122248,-22.8967867],[-47.1219812,-22.8969611],[-47.1208072,-22.8976433],[-47.1196085,-22.8983849],[-47.1190711,-22.8986669],[-47.1185793,-22.8988797],[-47.1181945,-22.8990219],[-47.1174895,-22.8992309],[-47.1169467,-22.8993695],[-47.1161812,-22.8995148],[-47.1157248,-22.8995786],[-47.1151695,-22.8995896],[-47.1148218,-22.8995713],[-47.1145668,-22.8995328],[-47.1143884,-22.899493],[-47.1141984,-22.8994458],[-47.1139662,-22.8993751],[-47.1137446,-22.8992928],[-47.1134757,-22.8991676],[-47.1131562,-22.8989856],[-47.1121756,-22.8983942],[-47.1117413,-22.8983533],[-47.1114554,-22.898389],[-47.111201,-22.8985185],[-47.1107927,-22.8987027],[-47.1105013,-22.8988119],[-47.1103693,-22.8988435],[-47.1102316,-22.8988558],[-47.1098879,-22.8988458],[-47.1095691,-22.8999676],[-47.109385,-22.9006962],[-47.1091957,-22.9013306],[-47.1089475,-22.9020363],[-47.1085834,-22.9028347],[-47.1081949,-22.9034987],[-47.1080457,-22.9037456],[-47.1077378,-22.9041813],[-47.107431,-22.9045801],[-47.1064622,-22.9056912],[-47.1052121,-22.9071073],[-47.0999184,-22.9130977],[-47.0989027,-22.9142523],[-47.0949959,-22.9186769]]]}}]}